/*
SQLyog Ultimate v13.1.1 (64 bit)
MySQL - 10.1.38-MariaDB : Database - creativ1_bulletcart
*********************************************************************
*/

/*!40101 SET NAMES utf8 */;

/*!40101 SET SQL_MODE=''*/;

/*!40014 SET @OLD_UNIQUE_CHECKS=@@UNIQUE_CHECKS, UNIQUE_CHECKS=0 */;
/*!40014 SET @OLD_FOREIGN_KEY_CHECKS=@@FOREIGN_KEY_CHECKS, FOREIGN_KEY_CHECKS=0 */;
/*!40101 SET @OLD_SQL_MODE=@@SQL_MODE, SQL_MODE='NO_AUTO_VALUE_ON_ZERO' */;
/*!40111 SET @OLD_SQL_NOTES=@@SQL_NOTES, SQL_NOTES=0 */;
CREATE DATABASE /*!32312 IF NOT EXISTS*/`creativ1_bulletcart` /*!40100 DEFAULT CHARACTER SET utf8mb4 */;

USE `creativ1_bulletcart`;

/*Table structure for table `barcodes` */

DROP TABLE IF EXISTS `barcodes`;

CREATE TABLE `barcodes` (
  `id` int(10) unsigned NOT NULL AUTO_INCREMENT,
  `name` varchar(191) COLLATE utf8mb4_unicode_ci NOT NULL,
  `description` text COLLATE utf8mb4_unicode_ci,
  `width` double(8,2) DEFAULT NULL,
  `height` double(8,2) DEFAULT NULL,
  `paper_width` double(8,2) DEFAULT NULL,
  `paper_height` double(8,2) DEFAULT NULL,
  `top_margin` double(8,2) DEFAULT NULL,
  `left_margin` double(8,2) DEFAULT NULL,
  `row_distance` double(8,2) DEFAULT NULL,
  `col_distance` double(8,2) DEFAULT NULL,
  `stickers_in_one_row` int(11) DEFAULT NULL,
  `is_default` tinyint(1) NOT NULL DEFAULT '0',
  `is_continuous` tinyint(1) NOT NULL DEFAULT '0',
  `stickers_in_one_sheet` int(11) DEFAULT NULL,
  `business_id` int(10) unsigned DEFAULT NULL,
  `created_at` timestamp NULL DEFAULT NULL,
  `updated_at` timestamp NULL DEFAULT NULL,
  PRIMARY KEY (`id`),
  KEY `barcodes_business_id_foreign` (`business_id`),
  CONSTRAINT `barcodes_business_id_foreign` FOREIGN KEY (`business_id`) REFERENCES `business` (`id`) ON DELETE CASCADE
) ENGINE=InnoDB AUTO_INCREMENT=7 DEFAULT CHARSET=utf8mb4 COLLATE=utf8mb4_unicode_ci;

/*Data for the table `barcodes` */

insert  into `barcodes`(`id`,`name`,`description`,`width`,`height`,`paper_width`,`paper_height`,`top_margin`,`left_margin`,`row_distance`,`col_distance`,`stickers_in_one_row`,`is_default`,`is_continuous`,`stickers_in_one_sheet`,`business_id`,`created_at`,`updated_at`) values 
(1,'20 Labels per Sheet - (8.5\" x 11\")','Sheet Size: 8.5\" x 11\"\\r\\nLabel Size: 4\" x 1\"\\r\\nLabels per sheet: 20',3.75,1.00,8.50,11.00,0.50,0.50,0.00,0.16,2,0,0,20,NULL,'2017-12-19 03:13:44','2017-12-19 03:13:44'),
(2,'30 Labels per sheet - (8.5\" x 11\")','Sheet Size: 8.5\" x 11\"\\r\\nLabel Size: 2.625\" x 1\"\\r\\nLabels per sheet: 30',2.62,1.00,8.50,11.00,0.50,0.22,0.00,0.14,3,0,0,30,NULL,'2017-12-19 03:04:39','2017-12-19 03:10:40'),
(3,'32 Labels per sheet - (8.5\" x 11\")','Sheet Size: 8.5\" x 11\"\\r\\nLabel Size: 2\" x 1.25\"\\r\\nLabels per sheet: 32',2.00,1.25,8.50,11.00,0.50,0.25,0.00,0.00,4,0,0,32,NULL,'2017-12-19 02:55:40','2017-12-19 02:55:40'),
(4,'40 Labels per sheet - (8.5\" x 11\")','Sheet Size: 8.5\" x 11\"\\r\\nLabel Size: 2\" x 1\"\\r\\nLabels per sheet: 40',2.00,1.00,8.50,11.00,0.50,0.25,0.00,0.00,4,0,0,40,NULL,'2017-12-19 02:58:40','2017-12-19 02:58:40'),
(5,'50 Labels per Sheet - (8.5\" x 11\")','Sheet Size: 8.5\" x 11\"\\r\\nLabel Size: 1.5\" x 1\"\\r\\nLabels per sheet: 50',1.50,1.00,8.50,11.00,0.50,0.50,0.00,0.00,5,0,0,50,NULL,'2017-12-19 02:51:10','2017-12-19 02:51:10'),
(6,'Continuous Rolls - 31.75mm x 25.4mm','Label Size: 31.75mm x 25.4mm\\r\\nGap: 3.18mm',1.25,1.00,1.25,0.00,0.12,0.00,0.12,0.00,1,0,1,NULL,NULL,'2017-12-19 02:51:10','2017-12-19 02:51:10');

/*Table structure for table `bookings` */

DROP TABLE IF EXISTS `bookings`;

CREATE TABLE `bookings` (
  `id` int(10) unsigned NOT NULL AUTO_INCREMENT,
  `contact_id` int(10) unsigned NOT NULL,
  `waiter_id` int(10) unsigned DEFAULT NULL,
  `table_id` int(10) unsigned DEFAULT NULL,
  `correspondent_id` int(11) DEFAULT NULL,
  `business_id` int(10) unsigned NOT NULL,
  `location_id` int(10) unsigned NOT NULL,
  `booking_start` datetime NOT NULL,
  `booking_end` datetime NOT NULL,
  `created_by` int(10) unsigned NOT NULL,
  `booking_status` enum('booked','completed','cancelled') COLLATE utf8mb4_unicode_ci NOT NULL,
  `booking_note` text COLLATE utf8mb4_unicode_ci,
  `created_at` timestamp NULL DEFAULT NULL,
  `updated_at` timestamp NULL DEFAULT NULL,
  PRIMARY KEY (`id`),
  KEY `bookings_contact_id_foreign` (`contact_id`),
  KEY `bookings_business_id_foreign` (`business_id`),
  KEY `bookings_created_by_foreign` (`created_by`),
  CONSTRAINT `bookings_business_id_foreign` FOREIGN KEY (`business_id`) REFERENCES `business` (`id`) ON DELETE CASCADE,
  CONSTRAINT `bookings_contact_id_foreign` FOREIGN KEY (`contact_id`) REFERENCES `contacts` (`id`) ON DELETE CASCADE,
  CONSTRAINT `bookings_created_by_foreign` FOREIGN KEY (`created_by`) REFERENCES `users` (`id`) ON DELETE CASCADE
) ENGINE=InnoDB DEFAULT CHARSET=utf8mb4 COLLATE=utf8mb4_unicode_ci;

/*Data for the table `bookings` */

/*Table structure for table `brands` */

DROP TABLE IF EXISTS `brands`;

CREATE TABLE `brands` (
  `id` int(10) unsigned NOT NULL AUTO_INCREMENT,
  `business_id` int(10) unsigned NOT NULL,
  `name` varchar(191) COLLATE utf8mb4_unicode_ci NOT NULL,
  `description` text COLLATE utf8mb4_unicode_ci,
  `created_by` int(10) unsigned NOT NULL,
  `deleted_at` timestamp NULL DEFAULT NULL,
  `created_at` timestamp NULL DEFAULT NULL,
  `updated_at` timestamp NULL DEFAULT NULL,
  PRIMARY KEY (`id`),
  KEY `brands_business_id_foreign` (`business_id`),
  KEY `brands_created_by_foreign` (`created_by`),
  CONSTRAINT `brands_business_id_foreign` FOREIGN KEY (`business_id`) REFERENCES `business` (`id`) ON DELETE CASCADE,
  CONSTRAINT `brands_created_by_foreign` FOREIGN KEY (`created_by`) REFERENCES `users` (`id`) ON DELETE CASCADE
) ENGINE=InnoDB AUTO_INCREMENT=5 DEFAULT CHARSET=utf8mb4 COLLATE=utf8mb4_unicode_ci;

/*Data for the table `brands` */

insert  into `brands`(`id`,`business_id`,`name`,`description`,`created_by`,`deleted_at`,`created_at`,`updated_at`) values 
(1,1,'MDL','考试专用必备用具',1,NULL,'2018-10-06 16:31:13','2018-10-06 16:31:13'),
(2,1,'MINISO','考试专用必备用具',1,NULL,'2018-10-06 16:31:27','2018-10-06 16:31:27'),
(3,1,'Note Book','大学生本子',1,NULL,'2018-10-06 16:31:55','2018-10-06 16:31:55'),
(4,1,'Nike','Nike',1,NULL,'2018-10-06 16:37:35','2018-10-06 16:37:35');

/*Table structure for table `business` */

DROP TABLE IF EXISTS `business`;

CREATE TABLE `business` (
  `name` varchar(256) COLLATE utf8mb4_unicode_ci NOT NULL,
  `id` int(10) unsigned NOT NULL AUTO_INCREMENT,
  `currency_id` int(10) unsigned NOT NULL,
  `start_date` date DEFAULT NULL,
  `tax_number_1` varchar(100) COLLATE utf8mb4_unicode_ci DEFAULT NULL,
  `tax_label_1` varchar(10) COLLATE utf8mb4_unicode_ci DEFAULT NULL,
  `tax_number_2` varchar(100) COLLATE utf8mb4_unicode_ci DEFAULT NULL,
  `tax_label_2` varchar(10) COLLATE utf8mb4_unicode_ci DEFAULT NULL,
  `default_profit_percent` double(5,2) NOT NULL DEFAULT '0.00',
  `owner_id` int(10) unsigned NOT NULL,
  `time_zone` varchar(191) COLLATE utf8mb4_unicode_ci NOT NULL DEFAULT 'Asia/Kolkata',
  `fy_start_month` tinyint(4) NOT NULL DEFAULT '1',
  `accounting_method` enum('fifo','lifo','avco') COLLATE utf8mb4_unicode_ci NOT NULL DEFAULT 'fifo',
  `logo` varchar(191) COLLATE utf8mb4_unicode_ci DEFAULT NULL,
  `sku_prefix` varchar(191) COLLATE utf8mb4_unicode_ci DEFAULT NULL,
  `enable_product_expiry` tinyint(1) NOT NULL DEFAULT '0',
  `expiry_type` enum('add_expiry','add_manufacturing') COLLATE utf8mb4_unicode_ci NOT NULL DEFAULT 'add_expiry',
  `on_product_expiry` enum('keep_selling','stop_selling','auto_delete') COLLATE utf8mb4_unicode_ci NOT NULL DEFAULT 'keep_selling',
  `stop_selling_before` int(11) NOT NULL COMMENT 'Stop selling expied item n days before expiry',
  `enable_tooltip` tinyint(1) NOT NULL DEFAULT '1',
  `purchase_in_diff_currency` tinyint(1) NOT NULL DEFAULT '0' COMMENT 'Allow purchase to be in different currency then the business currency',
  `purchase_currency_id` int(10) unsigned DEFAULT NULL,
  `p_exchange_rate` decimal(20,3) NOT NULL DEFAULT '1.000',
  `transaction_edit_days` int(10) unsigned NOT NULL DEFAULT '30',
  `stock_expiry_alert_days` int(10) unsigned NOT NULL DEFAULT '30',
  `keyboard_shortcuts` text COLLATE utf8mb4_unicode_ci,
  `pos_settings` text COLLATE utf8mb4_unicode_ci,
  `enable_brand` tinyint(1) NOT NULL DEFAULT '1',
  `enable_category` tinyint(1) NOT NULL DEFAULT '1',
  `enable_sub_category` tinyint(1) NOT NULL DEFAULT '1',
  `enable_price_tax` tinyint(1) NOT NULL DEFAULT '1',
  `enable_purchase_status` tinyint(1) DEFAULT '1',
  `enable_lot_number` tinyint(1) NOT NULL DEFAULT '0',
  `default_unit` int(11) DEFAULT NULL,
  `enable_racks` tinyint(1) NOT NULL DEFAULT '0',
  `enable_row` tinyint(1) NOT NULL DEFAULT '0',
  `enable_position` tinyint(1) NOT NULL DEFAULT '0',
  `enable_editing_product_from_purchase` tinyint(1) NOT NULL DEFAULT '1',
  `enable_inline_tax` tinyint(1) NOT NULL DEFAULT '1',
  `currency_symbol_placement` enum('before','after') COLLATE utf8mb4_unicode_ci NOT NULL DEFAULT 'before',
  `enabled_modules` text COLLATE utf8mb4_unicode_ci,
  `date_format` varchar(191) COLLATE utf8mb4_unicode_ci NOT NULL DEFAULT 'm/d/Y',
  `time_format` enum('12','24') COLLATE utf8mb4_unicode_ci NOT NULL DEFAULT '24',
  `ref_no_prefixes` text COLLATE utf8mb4_unicode_ci,
  `theme_color` char(20) COLLATE utf8mb4_unicode_ci DEFAULT NULL,
  `created_by` int(11) DEFAULT NULL,
  `is_active` tinyint(1) NOT NULL DEFAULT '1',
  `minimum_amount` varchar(191) COLLATE utf8mb4_unicode_ci NOT NULL,
  `created_at` timestamp NULL DEFAULT NULL,
  `updated_at` timestamp NULL DEFAULT NULL,
  `business_type` int(11) DEFAULT '0' COMMENT '0 : store, 1 : restaurant',
  `default_sales_tax` int(10) unsigned DEFAULT NULL,
  PRIMARY KEY (`id`),
  KEY `business_owner_id_foreign` (`owner_id`),
  KEY `business_currency_id_foreign` (`currency_id`),
  KEY `business_default_sales_tax_foreign` (`default_sales_tax`),
  CONSTRAINT `business_currency_id_foreign` FOREIGN KEY (`currency_id`) REFERENCES `currencies` (`id`),
  CONSTRAINT `business_default_sales_tax_foreign` FOREIGN KEY (`default_sales_tax`) REFERENCES `tax_rates` (`id`),
  CONSTRAINT `business_owner_id_foreign` FOREIGN KEY (`owner_id`) REFERENCES `users` (`id`) ON DELETE CASCADE
) ENGINE=InnoDB AUTO_INCREMENT=15 DEFAULT CHARSET=utf8mb4 COLLATE=utf8mb4_unicode_ci;

/*Data for the table `business` */

insert  into `business`(`name`,`id`,`currency_id`,`start_date`,`tax_number_1`,`tax_label_1`,`tax_number_2`,`tax_label_2`,`default_profit_percent`,`owner_id`,`time_zone`,`fy_start_month`,`accounting_method`,`logo`,`sku_prefix`,`enable_product_expiry`,`expiry_type`,`on_product_expiry`,`stop_selling_before`,`enable_tooltip`,`purchase_in_diff_currency`,`purchase_currency_id`,`p_exchange_rate`,`transaction_edit_days`,`stock_expiry_alert_days`,`keyboard_shortcuts`,`pos_settings`,`enable_brand`,`enable_category`,`enable_sub_category`,`enable_price_tax`,`enable_purchase_status`,`enable_lot_number`,`default_unit`,`enable_racks`,`enable_row`,`enable_position`,`enable_editing_product_from_purchase`,`enable_inline_tax`,`currency_symbol_placement`,`enabled_modules`,`date_format`,`time_format`,`ref_no_prefixes`,`theme_color`,`created_by`,`is_active`,`minimum_amount`,`created_at`,`updated_at`,`business_type`,`default_sales_tax`) values 
('Bullet Cart',1,91,'2018-10-01','1234567','GST',NULL,NULL,0.00,1,'Asia/Karachi',1,'fifo','L1280e9YDnhFJaO26R4rsaeE9gYdLa4MjzOAoNrk.jpeg',NULL,0,'add_expiry','keep_selling',0,1,0,NULL,1.000,30,30,'{\"pos\":{\"express_checkout\":\"shift+e\",\"pay_n_ckeckout\":\"shift+p\",\"draft\":\"shift+d\",\"cancel\":\"shift+c\",\"recent_product_quantity\":\"f2\",\"edit_discount\":\"shift+i\",\"edit_order_tax\":\"shift+t\",\"add_payment_row\":\"shift+r\",\"finalize_payment\":\"shift+f\",\"add_new_product\":\"f4\"}}','{\"disable_pay_checkout\":0,\"disable_draft\":0,\"disable_express_checkout\":0,\"hide_product_suggestion\":0,\"hide_recent_trans\":0,\"disable_discount\":0,\"disable_order_tax\":0}',1,1,1,1,1,0,NULL,0,0,0,1,0,'before',NULL,'m/d/Y','12','{\"purchase\":\"PO\",\"stock_transfer\":\"ST\",\"stock_adjustment\":\"SA\",\"sell_return\":\"CN\",\"expense\":\"EP\",\"contacts\":\"CO\",\"purchase_payment\":\"PP\",\"sell_payment\":\"SP\",\"business_location\":\"BL\"}','blue',NULL,1,'300','2018-10-06 13:16:11','2019-02-13 15:28:05',0,NULL),
('Silver Store',4,91,'2018-10-19','11111','GST','22222','VAT',25.00,4,'Asia/Karachi',1,'fifo','61PeaO47wZ9s9xNzBn9URc5voPCurvTa3DS5cdPj.jpeg',NULL,0,'add_expiry','keep_selling',0,1,0,NULL,1.000,30,30,'{\"pos\":{\"express_checkout\":\"shift+e\",\"pay_n_ckeckout\":\"shift+p\",\"draft\":\"shift+d\",\"cancel\":\"shift+c\",\"recent_product_quantity\":\"f2\",\"edit_discount\":\"shift+i\",\"edit_order_tax\":\"shift+t\",\"add_payment_row\":\"shift+r\",\"finalize_payment\":\"shift+f\",\"add_new_product\":\"f4\"}}','{\"disable_pay_checkout\":0,\"disable_draft\":0,\"disable_express_checkout\":0,\"hide_product_suggestion\":0,\"hide_recent_trans\":0,\"disable_discount\":0,\"disable_order_tax\":0}',1,1,1,1,1,1,NULL,1,0,0,1,0,'before','[\"tables\",\"modifiers\",\"service_staff\",\"kitchen\",\"delivery\"]','m/d/Y','12','{\"purchase\":\"PO\",\"stock_transfer\":\"ST\",\"stock_adjustment\":\"SA\",\"sell_return\":\"CN\",\"expense\":\"EP\",\"contacts\":\"CO\",\"purchase_payment\":\"PP\",\"sell_payment\":\"SP\",\"business_location\":\"BL\"}',NULL,NULL,1,'50','2018-10-20 03:27:17','2019-07-09 19:39:28',0,1),
('Gold Store',7,91,'2019-03-19','123456','GST',NULL,NULL,25.00,8,'Asia/Karachi',1,'fifo','86v6XM8O2eZ39o6fJx2tfItCxlqJRFeCxkntEsDJ.jpeg',NULL,0,'add_expiry','keep_selling',0,1,0,NULL,1.000,30,30,'{\"pos\":{\"express_checkout\":\"shift+e\",\"pay_n_ckeckout\":\"shift+p\",\"draft\":\"shift+d\",\"cancel\":\"shift+c\",\"recent_product_quantity\":\"f2\",\"edit_discount\":\"shift+i\",\"edit_order_tax\":\"shift+t\",\"add_payment_row\":\"shift+r\",\"finalize_payment\":\"shift+f\",\"add_new_product\":\"f4\"}}','{\"disable_pay_checkout\":0,\"disable_draft\":0,\"disable_express_checkout\":0,\"hide_product_suggestion\":0,\"hide_recent_trans\":0,\"disable_discount\":0,\"disable_order_tax\":0}',1,1,1,1,1,0,NULL,0,0,0,1,0,'before','[\"delivery\"]','m/d/Y','24','{\"purchase\":\"PO\",\"stock_transfer\":\"ST\",\"stock_adjustment\":\"SA\",\"sell_return\":\"CN\",\"expense\":\"EP\",\"contacts\":\"CO\",\"purchase_payment\":\"PP\",\"sell_payment\":\"SP\",\"business_location\":\"BL\"}',NULL,NULL,1,'','2019-03-20 16:46:54','2019-06-24 08:31:26',0,NULL),
('Test Store',8,6,'2019-05-18',NULL,NULL,NULL,NULL,25.00,10,'Asia/Kolkata',1,'fifo',NULL,NULL,0,'add_expiry','keep_selling',0,1,0,NULL,1.000,30,30,'{\"pos\":{\"express_checkout\":\"shift+e\",\"pay_n_ckeckout\":\"shift+p\",\"draft\":\"shift+d\",\"cancel\":\"shift+c\",\"edit_discount\":\"shift+i\",\"edit_order_tax\":\"shift+t\",\"add_payment_row\":\"shift+r\",\"finalize_payment\":\"shift+f\",\"recent_product_quantity\":\"f2\",\"add_new_product\":\"f4\"}}',NULL,1,1,1,1,1,0,NULL,0,0,0,1,0,'before',NULL,'m/d/Y','24','{\"purchase\":\"PO\",\"stock_transfer\":\"ST\",\"stock_adjustment\":\"SA\",\"sell_return\":\"CN\",\"expense\":\"EP\",\"contacts\":\"CO\",\"purchase_payment\":\"PP\",\"sell_payment\":\"SP\",\"business_location\":\"BL\"}',NULL,NULL,1,'','2019-05-18 16:49:09','2019-05-18 16:49:09',0,NULL),
('Test Restaurant',9,91,'2019-05-18','111','GST','222','VAT',25.00,11,'Asia/Karachi',1,'fifo',NULL,NULL,0,'add_expiry','keep_selling',0,1,0,NULL,1.000,30,30,'{\"pos\":{\"express_checkout\":\"shift+e\",\"pay_n_ckeckout\":\"shift+p\",\"draft\":\"shift+d\",\"cancel\":\"shift+c\",\"recent_product_quantity\":\"f2\",\"edit_discount\":\"shift+i\",\"edit_order_tax\":\"shift+t\",\"add_payment_row\":\"shift+r\",\"finalize_payment\":\"shift+f\",\"add_new_product\":\"f4\"}}','{\"disable_pay_checkout\":0,\"disable_draft\":0,\"disable_express_checkout\":0,\"hide_product_suggestion\":0,\"hide_recent_trans\":0,\"disable_discount\":0,\"disable_order_tax\":0}',1,1,1,1,1,1,NULL,1,0,0,1,0,'before',NULL,'m/d/Y','24','{\"purchase\":\"PO\",\"stock_transfer\":\"ST\",\"stock_adjustment\":\"SA\",\"sell_return\":\"CN\",\"expense\":\"EP\",\"contacts\":\"CO\",\"purchase_payment\":\"PP\",\"sell_payment\":\"SP\",\"business_location\":\"BL\"}',NULL,NULL,1,'500','2019-05-18 16:50:59','2019-05-18 17:06:32',1,NULL),
('Test business',10,2,'2019-05-29',NULL,NULL,NULL,NULL,25.00,12,'Asia/Kolkata',1,'fifo',NULL,NULL,0,'add_expiry','keep_selling',0,1,0,NULL,1.000,30,30,'{\"pos\":{\"express_checkout\":\"shift+e\",\"pay_n_ckeckout\":\"shift+p\",\"draft\":\"shift+d\",\"cancel\":\"shift+c\",\"edit_discount\":\"shift+i\",\"edit_order_tax\":\"shift+t\",\"add_payment_row\":\"shift+r\",\"finalize_payment\":\"shift+f\",\"recent_product_quantity\":\"f2\",\"add_new_product\":\"f4\"}}',NULL,1,1,1,1,1,0,NULL,0,0,0,1,0,'before',NULL,'m/d/Y','24','{\"purchase\":\"PO\",\"stock_transfer\":\"ST\",\"stock_adjustment\":\"SA\",\"sell_return\":\"CN\",\"expense\":\"EP\",\"contacts\":\"CO\",\"purchase_payment\":\"PP\",\"sell_payment\":\"SP\",\"business_location\":\"BL\"}',NULL,NULL,1,'','2019-05-29 16:24:34','2019-05-29 16:24:34',0,NULL),
('111',12,8,'2019-06-07',NULL,NULL,NULL,NULL,25.00,14,'Asia/Kolkata',1,'fifo',NULL,NULL,0,'add_expiry','keep_selling',0,1,0,NULL,1.000,30,30,'{\"pos\":{\"express_checkout\":\"shift+e\",\"pay_n_ckeckout\":\"shift+p\",\"draft\":\"shift+d\",\"cancel\":\"shift+c\",\"edit_discount\":\"shift+i\",\"edit_order_tax\":\"shift+t\",\"add_payment_row\":\"shift+r\",\"finalize_payment\":\"shift+f\",\"recent_product_quantity\":\"f2\",\"add_new_product\":\"f4\"}}',NULL,1,1,1,1,1,0,NULL,0,0,0,1,0,'before',NULL,'m/d/Y','24','{\"purchase\":\"PO\",\"stock_transfer\":\"ST\",\"stock_adjustment\":\"SA\",\"sell_return\":\"CN\",\"expense\":\"EP\",\"contacts\":\"CO\",\"purchase_payment\":\"PP\",\"sell_payment\":\"SP\",\"business_location\":\"BL\"}',NULL,NULL,1,'','2019-06-07 12:17:01','2019-06-07 12:17:01',0,NULL),
('bbbbb',13,8,'2019-06-07',NULL,NULL,NULL,NULL,25.00,15,'Asia/Khandyga',1,'fifo',NULL,NULL,0,'add_expiry','keep_selling',0,1,0,NULL,1.000,30,30,'{\"pos\":{\"express_checkout\":\"shift+e\",\"pay_n_ckeckout\":\"shift+p\",\"draft\":\"shift+d\",\"cancel\":\"shift+c\",\"edit_discount\":\"shift+i\",\"edit_order_tax\":\"shift+t\",\"add_payment_row\":\"shift+r\",\"finalize_payment\":\"shift+f\",\"recent_product_quantity\":\"f2\",\"add_new_product\":\"f4\"}}',NULL,1,1,1,1,1,0,NULL,0,0,0,1,0,'before','[\"tables\",\"modifiers\",\"service_staff\",\"kitchen\"]','m/d/Y','24','{\"purchase\":\"PO\",\"stock_transfer\":\"ST\",\"stock_adjustment\":\"SA\",\"sell_return\":\"CN\",\"expense\":\"EP\",\"contacts\":\"CO\",\"purchase_payment\":\"PP\",\"sell_payment\":\"SP\",\"business_location\":\"BL\"}',NULL,NULL,1,'','2019-06-07 12:19:17','2019-06-07 12:19:17',1,NULL),
('diamond restaurant',14,3,'2019-06-20',NULL,NULL,NULL,NULL,25.00,16,'Asia/Kolkata',1,'fifo',NULL,NULL,0,'add_expiry','keep_selling',0,1,0,NULL,1.000,30,30,'{\"pos\":{\"express_checkout\":\"shift+e\",\"pay_n_ckeckout\":\"shift+p\",\"draft\":\"shift+d\",\"cancel\":\"shift+c\",\"edit_discount\":\"shift+i\",\"edit_order_tax\":\"shift+t\",\"add_payment_row\":\"shift+r\",\"finalize_payment\":\"shift+f\",\"recent_product_quantity\":\"f2\",\"add_new_product\":\"f4\"}}',NULL,1,1,1,1,1,0,NULL,0,0,0,1,0,'before','[\"tables\",\"modifiers\",\"service_staff\",\"kitchen\"]','m/d/Y','24','{\"purchase\":\"PO\",\"stock_transfer\":\"ST\",\"stock_adjustment\":\"SA\",\"sell_return\":\"CN\",\"expense\":\"EP\",\"contacts\":\"CO\",\"purchase_payment\":\"PP\",\"sell_payment\":\"SP\",\"business_location\":\"BL\"}',NULL,NULL,1,'200','2019-06-20 06:01:14','2019-06-20 06:01:14',1,NULL);

/*Table structure for table `business_locations` */

DROP TABLE IF EXISTS `business_locations`;

CREATE TABLE `business_locations` (
  `id` int(10) unsigned NOT NULL AUTO_INCREMENT,
  `business_id` int(10) unsigned NOT NULL,
  `location_id` varchar(191) COLLATE utf8mb4_unicode_ci DEFAULT NULL,
  `name` varchar(256) COLLATE utf8mb4_unicode_ci NOT NULL,
  `landmark` text COLLATE utf8mb4_unicode_ci,
  `country` varchar(100) COLLATE utf8mb4_unicode_ci NOT NULL,
  `state` varchar(100) COLLATE utf8mb4_unicode_ci NOT NULL,
  `city` varchar(100) COLLATE utf8mb4_unicode_ci NOT NULL,
  `zip_code` char(7) COLLATE utf8mb4_unicode_ci NOT NULL,
  `invoice_scheme_id` int(10) unsigned NOT NULL,
  `invoice_layout_id` int(10) unsigned NOT NULL,
  `print_receipt_on_invoice` tinyint(1) DEFAULT '1',
  `receipt_printer_type` enum('browser','printer') COLLATE utf8mb4_unicode_ci NOT NULL DEFAULT 'browser',
  `printer_id` int(11) DEFAULT NULL,
  `mobile` varchar(191) COLLATE utf8mb4_unicode_ci DEFAULT NULL,
  `alternate_number` varchar(191) COLLATE utf8mb4_unicode_ci DEFAULT NULL,
  `email` varchar(191) COLLATE utf8mb4_unicode_ci DEFAULT NULL,
  `website` varchar(191) COLLATE utf8mb4_unicode_ci DEFAULT NULL,
  `custom_field1` varchar(191) COLLATE utf8mb4_unicode_ci DEFAULT NULL,
  `custom_field2` varchar(191) COLLATE utf8mb4_unicode_ci DEFAULT NULL,
  `custom_field3` varchar(191) COLLATE utf8mb4_unicode_ci DEFAULT NULL,
  `custom_field4` varchar(191) COLLATE utf8mb4_unicode_ci DEFAULT NULL,
  `deleted_at` timestamp NULL DEFAULT NULL,
  `created_at` timestamp NULL DEFAULT NULL,
  `updated_at` timestamp NULL DEFAULT NULL,
  `default_sales_discount` decimal(20,2) DEFAULT NULL,
  `sell_price_tax` enum('includes','excludes') COLLATE utf8mb4_unicode_ci DEFAULT 'includes',
  `sales_cmsn_agnt` enum('logged_in_user','user','cmsn_agnt') COLLATE utf8mb4_unicode_ci DEFAULT NULL,
  `item_addition_method` tinyint(4) DEFAULT '1',
  `points` int(11) DEFAULT '0',
  `minimum_amount` varchar(191) COLLATE utf8mb4_unicode_ci NOT NULL DEFAULT '0',
  `braintree_env` varchar(191) COLLATE utf8mb4_unicode_ci DEFAULT NULL,
  `braintree_merchant_account_id` varchar(191) COLLATE utf8mb4_unicode_ci DEFAULT NULL,
  `braintree_merchant_id` varchar(191) COLLATE utf8mb4_unicode_ci DEFAULT NULL,
  `braintree_public_key` varchar(191) COLLATE utf8mb4_unicode_ci DEFAULT NULL,
  `braintree_private_key` varchar(191) COLLATE utf8mb4_unicode_ci DEFAULT NULL,
  PRIMARY KEY (`id`),
  KEY `business_locations_business_id_index` (`business_id`),
  KEY `business_locations_invoice_scheme_id_foreign` (`invoice_scheme_id`),
  KEY `business_locations_invoice_layout_id_foreign` (`invoice_layout_id`),
  CONSTRAINT `business_locations_business_id_foreign` FOREIGN KEY (`business_id`) REFERENCES `business` (`id`) ON DELETE CASCADE,
  CONSTRAINT `business_locations_invoice_layout_id_foreign` FOREIGN KEY (`invoice_layout_id`) REFERENCES `invoice_layouts` (`id`) ON DELETE CASCADE,
  CONSTRAINT `business_locations_invoice_scheme_id_foreign` FOREIGN KEY (`invoice_scheme_id`) REFERENCES `invoice_schemes` (`id`) ON DELETE CASCADE
) ENGINE=InnoDB AUTO_INCREMENT=18 DEFAULT CHARSET=utf8mb4 COLLATE=utf8mb4_unicode_ci;

/*Data for the table `business_locations` */

insert  into `business_locations`(`id`,`business_id`,`location_id`,`name`,`landmark`,`country`,`state`,`city`,`zip_code`,`invoice_scheme_id`,`invoice_layout_id`,`print_receipt_on_invoice`,`receipt_printer_type`,`printer_id`,`mobile`,`alternate_number`,`email`,`website`,`custom_field1`,`custom_field2`,`custom_field3`,`custom_field4`,`deleted_at`,`created_at`,`updated_at`,`default_sales_discount`,`sell_price_tax`,`sales_cmsn_agnt`,`item_addition_method`,`points`,`minimum_amount`,`braintree_env`,`braintree_merchant_account_id`,`braintree_merchant_id`,`braintree_public_key`,`braintree_private_key`) values 
(1,1,'BL0001','Bullet Cart','Creative Developers','Pakistan','Sindh','Karachi','75210',1,1,1,'browser',NULL,'+923052509995','+923052509995','hello@bulletcart.store','https://bullercart.store',NULL,NULL,NULL,NULL,NULL,'2018-10-06 13:16:12','2018-10-11 22:00:30',NULL,'includes',NULL,1,1,'300','sandbox','testanycurrency','skm9db4y9mzqzshn','gxccvhb6sj555r69','047f38c12c8c647aa5db75e262d07c7d'),
(4,4,'BL0001','Silver Store','Silver','Pakistan','Sindh','Karachi','00000',4,4,1,'browser',NULL,'','','',NULL,NULL,NULL,NULL,NULL,NULL,'2018-10-20 03:27:17','2019-07-09 07:36:41',10.00,'includes',NULL,1,2240,'300','sandbox','silverstore','7mhbx3bjbpp2fb8t','z8qg492wc8njpvtg','d092f82b2ee7f0255420b6bd91517459'),
(8,7,'BL0001','Gold Store','Gold Store','Pakistan','Sind','Karachi','75210',7,7,1,'browser',NULL,'','','',NULL,NULL,NULL,NULL,NULL,NULL,'2019-03-20 16:46:54','2019-03-20 16:46:54',NULL,'includes',NULL,1,2,'300','sandbox','silverstore','7mhbx3bjbpp2fb8t','z8qg492wc8njpvtg','d092f82b2ee7f0255420b6bd91517459'),
(9,7,'goldstore2','Gold Store 2','Karachi','Pakistan','Sindh','Karachi','75210',7,7,1,'browser',NULL,'123','123','sheikhhassanmajeed@gmail.com',NULL,NULL,NULL,NULL,NULL,NULL,'2019-03-30 21:49:50','2019-03-30 21:49:50',NULL,'includes',NULL,1,3,'300','sandbox','silverstore','7mhbx3bjbpp2fb8t','z8qg492wc8njpvtg','d092f82b2ee7f0255420b6bd91517459'),
(10,4,'4','4444','4444','4444','4444','4444','4444',4,4,1,'browser',NULL,'4444','44444444','4444@gmail.com','4444','4444','4444','4444','4444',NULL,'2019-04-21 02:39:00','2019-06-05 13:40:52',5.00,'includes','logged_in_user',1,1500,'300','sandbox','silverstore','7mhbx3bjbpp2fb8t','z8qg492wc8njpvtg','d092f82b2ee7f0255420b6bd91517459'),
(11,8,'BL0001','Test Store','Test Store Landmark','Bulgaria','Sinh','Sidny','6024',8,8,1,'browser',NULL,'','','',NULL,NULL,NULL,NULL,NULL,NULL,'2019-05-18 16:49:09','2019-05-18 16:49:09',NULL,'includes',NULL,1,4,'300','sandbox','silverstore','7mhbx3bjbpp2fb8t','z8qg492wc8njpvtg','d092f82b2ee7f0255420b6bd91517459'),
(12,9,'BL0001','Test Restaurant','Test Restaurant Landmark','Bulgaria','Sidny','Sidny','6303',9,9,1,'browser',NULL,'','','',NULL,NULL,NULL,NULL,NULL,NULL,'2019-05-18 16:50:59','2019-05-18 16:50:59',NULL,'includes',NULL,1,5,'300','sandbox','silverstore','7mhbx3bjbpp2fb8t','z8qg492wc8njpvtg','d092f82b2ee7f0255420b6bd91517459'),
(13,10,'BL0001','Test business','Test Restaurant Landmark','Bulgaria','Sidny','Sidny','6303',10,10,1,'browser',NULL,'','','',NULL,NULL,NULL,NULL,NULL,NULL,'2019-05-29 16:24:35','2019-05-29 16:24:35',NULL,'includes',NULL,1,500,'300','sandbox','silverstore','7mhbx3bjbpp2fb8t','z8qg492wc8njpvtg','d092f82b2ee7f0255420b6bd91517459'),
(15,12,'BL0001','111','aaa','aaa','aaa','aaa','aaa',12,12,1,'browser',NULL,'','','',NULL,NULL,NULL,NULL,NULL,NULL,'2019-06-07 12:17:01','2019-06-07 12:17:01',NULL,'includes',NULL,1,7,'','sandbox','silverstore','7mhbx3bjbpp2fb8t','z8qg492wc8njpvtg','d092f82b2ee7f0255420b6bd91517459'),
(16,13,'BL0001','bbbbb','bbb','bbbbb','bbbbb','bbb','bbb',13,13,1,'browser',NULL,'','','',NULL,NULL,NULL,NULL,NULL,NULL,'2019-06-07 12:19:18','2019-06-07 12:19:18',NULL,'includes',NULL,1,8,'','sandbox','silverstore','7mhbx3bjbpp2fb8t','z8qg492wc8njpvtg','d092f82b2ee7f0255420b6bd91517459'),
(17,14,'BL0001','diamond restaurant','aaa','aaa','aaa','aaa','1235',14,14,1,'browser',NULL,'','','',NULL,NULL,NULL,NULL,NULL,NULL,'2019-06-20 06:01:14','2019-06-26 00:30:28',NULL,'includes',NULL,1,9,'','sandbox','silverstore','7mhbx3bjbpp2fb8t','z8qg492wc8njpvtg','d092f82b2ee7f0255420b6bd91517459');

/*Table structure for table `cash_register_transactions` */

DROP TABLE IF EXISTS `cash_register_transactions`;

CREATE TABLE `cash_register_transactions` (
  `id` int(10) unsigned NOT NULL AUTO_INCREMENT,
  `cash_register_id` int(10) unsigned NOT NULL,
  `amount` decimal(20,2) NOT NULL DEFAULT '0.00',
  `pay_method` enum('cash','card','cheque','bank_transfer','custom_pay_1','custom_pay_2','custom_pay_3','other') COLLATE utf8mb4_unicode_ci DEFAULT NULL,
  `type` enum('debit','credit') COLLATE utf8mb4_unicode_ci NOT NULL,
  `transaction_type` enum('initial','sell','transfer','refund') COLLATE utf8mb4_unicode_ci NOT NULL,
  `transaction_id` int(11) DEFAULT NULL,
  `created_at` timestamp NULL DEFAULT NULL,
  `updated_at` timestamp NULL DEFAULT NULL,
  PRIMARY KEY (`id`),
  KEY `cash_register_transactions_cash_register_id_foreign` (`cash_register_id`),
  CONSTRAINT `cash_register_transactions_cash_register_id_foreign` FOREIGN KEY (`cash_register_id`) REFERENCES `cash_registers` (`id`) ON DELETE CASCADE
) ENGINE=InnoDB AUTO_INCREMENT=589 DEFAULT CHARSET=utf8mb4 COLLATE=utf8mb4_unicode_ci;

/*Data for the table `cash_register_transactions` */

insert  into `cash_register_transactions`(`id`,`cash_register_id`,`amount`,`pay_method`,`type`,`transaction_type`,`transaction_id`,`created_at`,`updated_at`) values 
(1,1,2000.00,'cash','credit','initial',NULL,'2018-10-07 03:53:42','2018-10-07 03:53:42'),
(2,1,37.50,'cash','credit','sell',4,'2018-10-07 03:56:39','2018-10-07 03:56:39'),
(3,1,0.00,'cash','credit','sell',4,'2018-10-07 03:56:39','2018-10-07 03:56:39'),
(4,1,37.50,'cash','credit','sell',7,'2018-10-07 04:00:15','2018-10-07 04:00:15'),
(5,1,0.00,'cash','credit','sell',7,'2018-10-07 04:00:15','2018-10-07 04:00:15'),
(10,1,12.50,'cash','credit','sell',11,'2018-10-07 04:04:33','2018-10-07 04:04:33'),
(11,1,0.00,'cash','credit','sell',11,'2018-10-07 04:04:33','2018-10-07 04:04:33'),
(12,1,25.00,'cash','credit','sell',13,'2018-10-07 04:15:47','2018-10-07 04:15:47'),
(13,1,0.00,'cash','credit','sell',13,'2018-10-07 04:15:47','2018-10-07 04:15:47'),
(14,1,12.50,'cash','credit','sell',36,'2018-10-15 23:44:50','2018-10-15 23:44:50'),
(15,1,0.00,'cash','credit','sell',36,'2018-10-15 23:44:50','2018-10-15 23:44:50'),
(16,1,18.75,'cash','credit','sell',41,'2018-10-15 23:51:38','2018-10-15 23:51:38'),
(17,1,0.00,'cash','credit','sell',41,'2018-10-15 23:51:38','2018-10-15 23:51:38'),
(18,1,12.50,'','credit','sell',44,'2018-10-16 00:11:16','2018-10-16 00:11:16'),
(19,1,0.00,'cash','credit','sell',44,'2018-10-16 00:11:16','2018-10-16 00:11:16'),
(20,1,18.75,'cash','credit','sell',45,'2018-10-16 00:16:27','2018-10-16 00:16:27'),
(21,1,0.00,'cash','credit','sell',45,'2018-10-16 00:16:27','2018-10-16 00:16:27'),
(22,1,18.75,'','credit','sell',46,'2018-10-16 00:17:42','2018-10-16 00:17:42'),
(23,1,0.00,'cash','credit','sell',46,'2018-10-16 00:17:42','2018-10-16 00:17:42'),
(24,1,75.00,'cash','credit','sell',47,'2018-10-16 08:58:51','2018-10-16 08:58:51'),
(25,1,0.00,'cash','credit','sell',47,'2018-10-16 08:58:51','2018-10-16 08:58:51'),
(26,1,12.50,'cash','credit','sell',48,'2018-10-16 08:59:34','2018-10-16 08:59:34'),
(27,1,0.00,'cash','credit','sell',48,'2018-10-16 08:59:34','2018-10-16 08:59:34'),
(28,1,12.50,'','credit','sell',49,'2018-10-16 09:04:11','2018-10-16 09:04:11'),
(29,1,0.00,'cash','credit','sell',49,'2018-10-16 09:04:11','2018-10-16 09:04:11'),
(30,2,10000.00,'cash','credit','initial',NULL,'2018-10-21 21:00:09','2018-10-21 21:00:09'),
(31,2,200.00,'cash','credit','sell',53,'2018-10-21 21:02:15','2018-10-21 21:02:15'),
(32,2,-40.39,'cash','credit','sell',53,'2018-10-21 21:02:15','2018-10-21 21:02:15'),
(33,3,10000.00,'cash','credit','initial',NULL,'2018-10-22 02:49:57','2018-10-22 02:49:57'),
(34,3,100.00,'cash','credit','sell',55,'2018-10-22 02:51:43','2018-10-22 02:51:43'),
(35,3,-10.00,'cash','credit','sell',55,'2018-10-22 02:51:43','2018-10-22 02:51:43'),
(36,1,12.50,'cash','credit','sell',56,'2018-10-24 05:47:57','2018-10-24 05:47:57'),
(37,1,0.00,'cash','credit','sell',56,'2018-10-24 05:47:58','2018-10-24 05:47:58'),
(40,1,12.45,'cash','credit','sell',66,'2018-12-22 10:38:54','2018-12-22 10:38:54'),
(41,1,0.00,'cash','credit','sell',66,'2018-12-22 10:38:54','2018-12-22 10:38:54'),
(42,4,10000.00,'cash','credit','initial',NULL,'2019-01-11 13:54:35','2019-01-11 13:54:35'),
(43,4,35.60,'cash','credit','sell',77,'2019-01-11 13:55:33','2019-01-11 13:55:33'),
(44,4,0.00,'cash','credit','sell',77,'2019-01-11 13:55:33','2019-01-11 13:55:33'),
(45,4,248.60,'cash','credit','sell',79,'2019-01-11 22:05:35','2019-01-11 22:05:35'),
(46,4,0.00,'cash','credit','sell',79,'2019-01-11 22:05:35','2019-01-11 22:05:35'),
(47,4,248.60,'cash','credit','sell',80,'2019-01-11 22:05:37','2019-01-11 22:05:37'),
(48,4,0.00,'cash','credit','sell',80,'2019-01-11 22:05:37','2019-01-11 22:05:37'),
(49,4,1243.00,'cash','credit','sell',81,'2019-01-11 22:05:45','2019-01-11 22:05:45'),
(50,4,0.00,'cash','credit','sell',81,'2019-01-11 22:05:45','2019-01-11 22:05:45'),
(51,4,310.79,'cash','credit','sell',82,'2019-01-13 10:11:36','2019-01-13 10:11:36'),
(52,4,0.00,'cash','credit','sell',82,'2019-01-13 10:11:36','2019-01-13 10:11:36'),
(53,4,310.79,'cash','credit','sell',83,'2019-01-13 10:12:04','2019-01-13 10:12:04'),
(54,4,0.00,'cash','credit','sell',83,'2019-01-13 10:12:04','2019-01-13 10:12:04'),
(55,4,310.79,'cash','credit','sell',84,'2019-01-13 10:12:14','2019-01-13 10:12:14'),
(56,4,0.00,'cash','credit','sell',84,'2019-01-13 10:12:14','2019-01-13 10:12:14'),
(57,4,280.20,'cash','credit','sell',85,'2019-01-13 10:23:39','2019-01-13 10:23:39'),
(58,4,0.00,'cash','credit','sell',85,'2019-01-13 10:23:39','2019-01-13 10:23:39'),
(59,4,280.20,'cash','credit','sell',86,'2019-01-13 10:25:15','2019-01-13 10:25:15'),
(60,4,0.00,'cash','credit','sell',86,'2019-01-13 10:25:15','2019-01-13 10:25:15'),
(61,4,248.60,'cash','credit','sell',87,'2019-01-13 10:27:52','2019-01-13 10:27:52'),
(62,4,0.00,'cash','credit','sell',87,'2019-01-13 10:27:52','2019-01-13 10:27:52'),
(63,4,280.20,'cash','credit','sell',88,'2019-01-13 10:36:09','2019-01-13 10:36:09'),
(64,4,0.00,'cash','credit','sell',88,'2019-01-13 10:36:09','2019-01-13 10:36:09'),
(65,4,280.20,'cash','credit','sell',89,'2019-01-13 10:37:58','2019-01-13 10:37:58'),
(66,4,0.00,'cash','credit','sell',89,'2019-01-13 10:37:58','2019-01-13 10:37:58'),
(67,4,280.20,'cash','credit','sell',90,'2019-01-13 10:38:35','2019-01-13 10:38:35'),
(68,4,0.00,'cash','credit','sell',90,'2019-01-13 10:38:35','2019-01-13 10:38:35'),
(69,4,280.20,'cash','credit','sell',91,'2019-01-13 10:51:32','2019-01-13 10:51:32'),
(70,4,0.00,'cash','credit','sell',91,'2019-01-13 10:51:32','2019-01-13 10:51:32'),
(71,4,280.20,'cash','credit','sell',92,'2019-01-13 10:54:45','2019-01-13 10:54:45'),
(72,4,0.00,'cash','credit','sell',92,'2019-01-13 10:54:45','2019-01-13 10:54:45'),
(73,4,280.20,'cash','credit','sell',93,'2019-01-13 10:58:36','2019-01-13 10:58:36'),
(74,4,0.00,'cash','credit','sell',93,'2019-01-13 10:58:36','2019-01-13 10:58:36'),
(75,4,280.20,'cash','credit','sell',94,'2019-01-13 11:06:41','2019-01-13 11:06:41'),
(76,4,0.00,'cash','credit','sell',94,'2019-01-13 11:06:41','2019-01-13 11:06:41'),
(77,4,280.20,'cash','credit','sell',95,'2019-01-13 11:07:14','2019-01-13 11:07:14'),
(78,4,0.00,'cash','credit','sell',95,'2019-01-13 11:07:14','2019-01-13 11:07:14'),
(79,4,280.20,'cash','credit','sell',96,'2019-01-13 11:08:19','2019-01-13 11:08:19'),
(80,4,0.00,'cash','credit','sell',96,'2019-01-13 11:08:19','2019-01-13 11:08:19'),
(81,4,280.20,'cash','credit','sell',97,'2019-01-13 11:09:51','2019-01-13 11:09:51'),
(82,4,0.00,'cash','credit','sell',97,'2019-01-13 11:09:51','2019-01-13 11:09:51'),
(83,4,280.20,'cash','credit','sell',98,'2019-01-13 11:20:56','2019-01-13 11:20:56'),
(84,4,0.00,'cash','credit','sell',98,'2019-01-13 11:20:56','2019-01-13 11:20:56'),
(85,4,280.20,'cash','credit','sell',99,'2019-01-13 11:21:59','2019-01-13 11:21:59'),
(86,4,0.00,'cash','credit','sell',99,'2019-01-13 11:21:59','2019-01-13 11:21:59'),
(87,4,31.60,'cash','credit','sell',100,'2019-01-13 11:22:23','2019-01-13 11:22:23'),
(88,4,0.00,'cash','credit','sell',100,'2019-01-13 11:22:23','2019-01-13 11:22:23'),
(89,4,31.60,'cash','credit','sell',101,'2019-01-13 11:24:00','2019-01-13 11:24:00'),
(90,4,0.00,'cash','credit','sell',101,'2019-01-13 11:24:00','2019-01-13 11:24:00'),
(91,4,420.58,'cash','credit','sell',102,'2019-01-13 12:52:57','2019-01-13 12:52:57'),
(92,4,0.00,'cash','credit','sell',102,'2019-01-13 12:52:57','2019-01-13 12:52:57'),
(93,4,529.79,'cash','credit','sell',103,'2019-01-13 18:11:56','2019-01-13 18:11:56'),
(94,4,0.00,'cash','credit','sell',103,'2019-01-13 18:11:56','2019-01-13 18:11:56'),
(95,4,248.60,'cash','credit','sell',113,'2019-01-13 20:47:06','2019-01-13 20:47:06'),
(96,4,0.00,'cash','credit','sell',113,'2019-01-13 20:47:06','2019-01-13 20:47:06'),
(97,4,306.80,'cash','credit','sell',115,'2019-01-15 19:34:00','2019-01-15 19:34:00'),
(98,4,0.00,'cash','credit','sell',115,'2019-01-15 19:34:00','2019-01-15 19:34:00'),
(99,4,406.80,'cash','credit','sell',116,'2019-01-15 20:29:16','2019-01-15 20:29:16'),
(100,4,0.00,'cash','credit','sell',116,'2019-01-15 20:29:16','2019-01-15 20:29:16'),
(101,4,406.80,'cash','credit','sell',117,'2019-01-15 20:30:52','2019-01-15 20:30:52'),
(102,4,0.00,'cash','credit','sell',117,'2019-01-15 20:30:52','2019-01-15 20:30:52'),
(103,4,406.80,'cash','credit','sell',118,'2019-01-15 20:31:18','2019-01-15 20:31:18'),
(104,4,0.00,'cash','credit','sell',118,'2019-01-15 20:31:18','2019-01-15 20:31:18'),
(105,4,248.60,'cash','credit','sell',119,'2019-01-15 20:31:41','2019-01-15 20:31:41'),
(106,4,0.00,'cash','credit','sell',119,'2019-01-15 20:31:41','2019-01-15 20:31:41'),
(107,4,228.17,'cash','credit','sell',120,'2019-01-15 20:32:09','2019-01-15 20:32:09'),
(108,4,0.00,'cash','credit','sell',120,'2019-01-15 20:32:09','2019-01-15 20:32:09'),
(109,4,35.60,'cash','credit','sell',121,'2019-01-15 20:32:28','2019-01-15 20:32:28'),
(110,4,0.00,'cash','credit','sell',121,'2019-01-15 20:32:28','2019-01-15 20:32:28'),
(111,4,35.60,'cash','credit','sell',122,'2019-01-15 20:32:44','2019-01-15 20:32:44'),
(112,4,0.00,'cash','credit','sell',122,'2019-01-15 20:32:44','2019-01-15 20:32:44'),
(113,4,348.00,'cash','credit','sell',123,'2019-01-21 16:23:06','2019-01-21 16:23:06'),
(114,4,0.00,'cash','credit','sell',123,'2019-01-21 16:23:06','2019-01-21 16:23:06'),
(115,4,257.40,'cash','credit','sell',124,'2019-01-21 18:17:25','2019-01-21 18:17:25'),
(116,4,0.00,'cash','credit','sell',124,'2019-01-21 18:17:25','2019-01-21 18:17:25'),
(117,4,464.80,'cash','credit','sell',125,'2019-01-21 18:59:09','2019-01-21 18:59:09'),
(118,4,0.00,'cash','credit','sell',125,'2019-01-21 18:59:09','2019-01-21 18:59:09'),
(119,4,90.00,'cash','credit','sell',126,'2019-01-21 20:01:44','2019-01-21 20:01:44'),
(120,4,0.00,'cash','credit','sell',126,'2019-01-21 20:01:44','2019-01-21 20:01:44'),
(121,4,700.20,'cash','credit','sell',127,'2019-01-21 20:16:44','2019-01-21 20:16:44'),
(122,4,0.00,'cash','credit','sell',127,'2019-01-21 20:16:44','2019-01-21 20:16:44'),
(123,4,514.80,'cash','credit','sell',128,'2019-01-21 20:17:39','2019-01-21 20:17:39'),
(124,4,0.00,'cash','credit','sell',128,'2019-01-21 20:17:39','2019-01-21 20:17:39'),
(125,4,0.86,'cash','credit','sell',130,'2019-01-26 20:08:56','2019-01-26 20:08:56'),
(126,4,0.00,'cash','credit','sell',130,'2019-01-26 20:08:56','2019-01-26 20:08:56'),
(127,5,10000.00,'cash','credit','initial',NULL,'2019-01-26 20:31:34','2019-01-26 20:31:34'),
(128,5,110.58,'cash','credit','sell',131,'2019-01-26 20:31:55','2019-01-26 20:31:55'),
(129,5,0.00,'cash','credit','sell',131,'2019-01-26 20:31:55','2019-01-26 20:31:55'),
(130,5,36.86,'cash','credit','sell',132,'2019-01-26 20:34:57','2019-01-26 20:34:57'),
(131,5,0.00,'cash','credit','sell',132,'2019-01-26 20:34:57','2019-01-26 20:34:57'),
(132,5,348.00,'cash','credit','sell',136,'2019-01-28 19:11:33','2019-01-28 19:11:33'),
(133,5,0.00,'cash','credit','sell',136,'2019-01-28 19:11:33','2019-01-28 19:11:33'),
(134,5,348.00,'cash','credit','sell',137,'2019-01-28 19:11:45','2019-01-28 19:11:45'),
(135,5,0.00,'cash','credit','sell',137,'2019-01-28 19:11:45','2019-01-28 19:11:45'),
(136,5,348.00,'cash','credit','sell',138,'2019-01-28 19:13:52','2019-01-28 19:13:52'),
(137,5,0.00,'cash','credit','sell',138,'2019-01-28 19:13:52','2019-01-28 19:13:52'),
(138,5,348.00,'cash','credit','sell',139,'2019-01-28 19:15:54','2019-01-28 19:15:54'),
(139,5,0.00,'cash','credit','sell',139,'2019-01-28 19:15:54','2019-01-28 19:15:54'),
(140,5,348.00,'cash','credit','sell',140,'2019-01-28 19:19:16','2019-01-28 19:19:16'),
(141,5,0.00,'cash','credit','sell',140,'2019-01-28 19:19:16','2019-01-28 19:19:16'),
(142,5,298.35,'cash','credit','sell',141,'2019-01-28 19:27:53','2019-01-28 19:27:53'),
(143,5,0.00,'cash','credit','sell',141,'2019-01-28 19:27:53','2019-01-28 19:27:53'),
(144,5,678.60,'cash','credit','sell',142,'2019-01-28 19:30:46','2019-01-28 19:30:46'),
(145,5,0.00,'cash','credit','sell',142,'2019-01-28 19:30:46','2019-01-28 19:30:46'),
(146,5,514.80,'cash','credit','sell',143,'2019-01-28 19:35:34','2019-01-28 19:35:34'),
(147,5,0.00,'cash','credit','sell',143,'2019-01-28 19:35:34','2019-01-28 19:35:34'),
(148,5,0.01,'cash','credit','sell',153,'2019-01-29 21:14:02','2019-01-29 21:14:02'),
(149,5,0.00,'cash','credit','sell',153,'2019-01-29 21:14:02','2019-01-29 21:14:02'),
(150,5,40.00,'','credit','sell',157,'2019-02-13 15:28:27','2019-02-13 15:28:27'),
(151,5,0.00,'cash','credit','sell',157,'2019-02-13 15:28:27','2019-02-13 15:28:27'),
(152,5,0.00,'cash','credit','sell',158,'2019-02-13 15:44:00','2019-02-13 15:44:00'),
(153,5,0.00,'cash','credit','sell',158,'2019-02-13 15:44:00','2019-02-13 15:44:00'),
(154,5,0.00,'cash','credit','sell',159,'2019-02-13 16:00:32','2019-02-13 16:00:32'),
(155,5,0.00,'cash','credit','sell',159,'2019-02-13 16:00:32','2019-02-13 16:00:32'),
(156,5,0.00,'cash','credit','sell',160,'2019-02-13 16:08:04','2019-02-13 16:08:04'),
(157,5,0.00,'cash','credit','sell',160,'2019-02-13 16:08:04','2019-02-13 16:08:04'),
(158,5,2.01,'cash','credit','sell',161,'2019-02-14 09:58:59','2019-02-14 09:58:59'),
(159,5,0.00,'cash','credit','sell',161,'2019-02-14 09:58:59','2019-02-14 09:58:59'),
(160,5,257.40,'cash','credit','sell',162,'2019-02-15 14:22:32','2019-02-15 14:22:32'),
(161,5,0.00,'cash','credit','sell',162,'2019-02-15 14:22:32','2019-02-15 14:22:32'),
(162,5,0.00,'cash','credit','sell',163,'2019-02-15 23:09:36','2019-02-15 23:09:36'),
(163,5,0.00,'cash','credit','sell',163,'2019-02-15 23:09:36','2019-02-15 23:09:36'),
(164,5,0.00,'cash','credit','sell',164,'2019-02-15 23:09:37','2019-02-15 23:09:37'),
(165,5,0.00,'cash','credit','sell',164,'2019-02-15 23:09:37','2019-02-15 23:09:37'),
(166,5,0.00,'cash','credit','sell',165,'2019-02-15 23:09:37','2019-02-15 23:09:37'),
(167,5,0.00,'cash','credit','sell',165,'2019-02-15 23:09:37','2019-02-15 23:09:37'),
(168,5,133.01,'cash','credit','sell',166,'2019-02-15 23:12:02','2019-02-15 23:12:02'),
(169,5,0.00,'cash','credit','sell',166,'2019-02-15 23:12:02','2019-02-15 23:12:02'),
(170,5,133.01,'cash','credit','sell',167,'2019-02-15 23:12:03','2019-02-15 23:12:03'),
(171,5,0.00,'cash','credit','sell',167,'2019-02-15 23:12:03','2019-02-15 23:12:03'),
(172,5,133.01,'cash','credit','sell',168,'2019-02-15 23:12:03','2019-02-15 23:12:03'),
(173,5,0.00,'cash','credit','sell',168,'2019-02-15 23:12:03','2019-02-15 23:12:03'),
(174,5,40.00,'cash','credit','sell',169,'2019-02-15 23:27:59','2019-02-15 23:27:59'),
(175,5,0.00,'cash','credit','sell',169,'2019-02-15 23:27:59','2019-02-15 23:27:59'),
(176,5,123.01,'cash','credit','sell',170,'2019-02-15 23:29:03','2019-02-15 23:29:03'),
(177,5,0.00,'cash','credit','sell',170,'2019-02-15 23:29:03','2019-02-15 23:29:03'),
(178,5,163.01,'cash','credit','sell',171,'2019-02-15 23:30:13','2019-02-15 23:30:13'),
(179,5,0.00,'cash','credit','sell',171,'2019-02-15 23:30:13','2019-02-15 23:30:13'),
(180,5,163.01,'cash','credit','sell',172,'2019-02-15 23:31:43','2019-02-15 23:31:43'),
(181,5,0.00,'cash','credit','sell',172,'2019-02-15 23:31:43','2019-02-15 23:31:43'),
(182,5,133.01,'cash','credit','sell',173,'2019-02-15 23:32:21','2019-02-15 23:32:21'),
(183,5,0.00,'cash','credit','sell',173,'2019-02-15 23:32:21','2019-02-15 23:32:21'),
(184,5,167.01,'cash','credit','sell',174,'2019-02-15 23:34:24','2019-02-15 23:34:24'),
(185,5,0.00,'cash','credit','sell',174,'2019-02-15 23:34:24','2019-02-15 23:34:24'),
(186,5,169.01,'cash','credit','sell',175,'2019-02-15 23:36:08','2019-02-15 23:36:08'),
(187,5,0.00,'cash','credit','sell',175,'2019-02-15 23:36:08','2019-02-15 23:36:08'),
(188,5,163.01,'cash','credit','sell',176,'2019-02-15 23:37:39','2019-02-15 23:37:39'),
(189,5,0.00,'cash','credit','sell',176,'2019-02-15 23:37:39','2019-02-15 23:37:39'),
(190,5,163.01,'cash','credit','sell',177,'2019-02-15 23:37:39','2019-02-15 23:37:39'),
(191,5,0.00,'cash','credit','sell',177,'2019-02-15 23:37:39','2019-02-15 23:37:39'),
(192,5,163.01,'cash','credit','sell',178,'2019-02-15 23:37:41','2019-02-15 23:37:41'),
(193,5,0.00,'cash','credit','sell',178,'2019-02-15 23:37:41','2019-02-15 23:37:41'),
(194,5,163.01,'cash','credit','sell',179,'2019-02-15 23:37:41','2019-02-15 23:37:41'),
(195,5,0.00,'cash','credit','sell',179,'2019-02-15 23:37:41','2019-02-15 23:37:41'),
(196,5,260.00,'cash','credit','sell',180,'2019-02-15 23:40:07','2019-02-15 23:40:07'),
(197,5,0.00,'cash','credit','sell',180,'2019-02-15 23:40:07','2019-02-15 23:40:07'),
(198,5,260.00,'cash','credit','sell',181,'2019-02-15 23:40:08','2019-02-15 23:40:08'),
(199,5,0.00,'cash','credit','sell',181,'2019-02-15 23:40:08','2019-02-15 23:40:08'),
(200,5,260.00,'cash','credit','sell',182,'2019-02-15 23:40:48','2019-02-15 23:40:48'),
(201,5,0.00,'cash','credit','sell',182,'2019-02-15 23:40:48','2019-02-15 23:40:48'),
(202,5,260.00,'cash','credit','sell',183,'2019-02-15 23:40:48','2019-02-15 23:40:48'),
(203,5,0.00,'cash','credit','sell',183,'2019-02-15 23:40:48','2019-02-15 23:40:48'),
(204,5,128.01,'cash','credit','sell',184,'2019-02-15 23:42:58','2019-02-15 23:42:58'),
(205,5,0.00,'cash','credit','sell',184,'2019-02-15 23:42:58','2019-02-15 23:42:58'),
(206,5,128.01,'cash','credit','sell',185,'2019-02-15 23:42:58','2019-02-15 23:42:58'),
(207,5,0.00,'cash','credit','sell',185,'2019-02-15 23:42:58','2019-02-15 23:42:58'),
(208,5,123.01,'cash','credit','sell',186,'2019-02-15 23:45:52','2019-02-15 23:45:52'),
(209,5,0.00,'cash','credit','sell',186,'2019-02-15 23:45:52','2019-02-15 23:45:52'),
(210,5,123.01,'cash','credit','sell',187,'2019-02-15 23:45:52','2019-02-15 23:45:52'),
(211,5,0.00,'cash','credit','sell',187,'2019-02-15 23:45:52','2019-02-15 23:45:52'),
(212,5,123.01,'cash','credit','sell',188,'2019-02-15 23:45:54','2019-02-15 23:45:54'),
(213,5,0.00,'cash','credit','sell',188,'2019-02-15 23:45:54','2019-02-15 23:45:54'),
(214,5,123.01,'cash','credit','sell',189,'2019-02-15 23:45:54','2019-02-15 23:45:54'),
(215,5,0.00,'cash','credit','sell',189,'2019-02-15 23:45:54','2019-02-15 23:45:54'),
(216,5,163.01,'cash','credit','sell',190,'2019-02-15 23:50:29','2019-02-15 23:50:29'),
(217,5,0.00,'cash','credit','sell',190,'2019-02-15 23:50:29','2019-02-15 23:50:29'),
(218,5,163.01,'cash','credit','sell',191,'2019-02-15 23:50:29','2019-02-15 23:50:29'),
(219,5,0.00,'cash','credit','sell',191,'2019-02-15 23:50:29','2019-02-15 23:50:29'),
(220,5,163.01,'cash','credit','sell',192,'2019-02-15 23:50:31','2019-02-15 23:50:31'),
(221,5,0.00,'cash','credit','sell',192,'2019-02-15 23:50:31','2019-02-15 23:50:31'),
(222,5,163.01,'cash','credit','sell',193,'2019-02-15 23:50:31','2019-02-15 23:50:31'),
(223,5,0.00,'cash','credit','sell',193,'2019-02-15 23:50:31','2019-02-15 23:50:31'),
(224,5,257.40,'cash','credit','sell',194,'2019-02-16 21:19:07','2019-02-16 21:19:07'),
(225,5,0.00,'cash','credit','sell',194,'2019-02-16 21:19:07','2019-02-16 21:19:07'),
(226,5,257.40,'cash','credit','sell',195,'2019-02-16 21:19:08','2019-02-16 21:19:08'),
(227,5,0.00,'cash','credit','sell',195,'2019-02-16 21:19:08','2019-02-16 21:19:08'),
(228,5,257.40,'cash','credit','sell',196,'2019-02-16 21:19:09','2019-02-16 21:19:09'),
(229,5,0.00,'cash','credit','sell',196,'2019-02-16 21:19:09','2019-02-16 21:19:09'),
(230,5,257.40,'cash','credit','sell',197,'2019-02-16 21:19:10','2019-02-16 21:19:10'),
(231,5,0.00,'cash','credit','sell',197,'2019-02-16 21:19:10','2019-02-16 21:19:10'),
(232,5,257.40,'cash','credit','sell',198,'2019-02-16 21:21:32','2019-02-16 21:21:32'),
(233,5,0.00,'cash','credit','sell',198,'2019-02-16 21:21:32','2019-02-16 21:21:32'),
(234,5,257.40,'cash','credit','sell',199,'2019-02-16 21:21:33','2019-02-16 21:21:33'),
(235,5,0.00,'cash','credit','sell',199,'2019-02-16 21:21:33','2019-02-16 21:21:33'),
(236,5,257.40,'cash','credit','sell',200,'2019-02-16 21:21:33','2019-02-16 21:21:33'),
(237,5,0.00,'cash','credit','sell',200,'2019-02-16 21:21:33','2019-02-16 21:21:33'),
(238,5,257.40,'cash','credit','sell',201,'2019-02-16 21:21:33','2019-02-16 21:21:33'),
(239,5,0.00,'cash','credit','sell',201,'2019-02-16 21:21:33','2019-02-16 21:21:33'),
(240,5,257.40,'cash','credit','sell',202,'2019-02-16 21:21:33','2019-02-16 21:21:33'),
(241,5,0.00,'cash','credit','sell',202,'2019-02-16 21:21:33','2019-02-16 21:21:33'),
(242,5,257.40,'cash','credit','sell',203,'2019-02-16 21:31:33','2019-02-16 21:31:33'),
(243,5,0.00,'cash','credit','sell',203,'2019-02-16 21:31:33','2019-02-16 21:31:33'),
(244,5,257.40,'cash','credit','sell',204,'2019-02-16 21:31:34','2019-02-16 21:31:34'),
(245,5,0.00,'cash','credit','sell',204,'2019-02-16 21:31:34','2019-02-16 21:31:34'),
(246,5,257.40,'cash','credit','sell',205,'2019-02-16 21:31:34','2019-02-16 21:31:34'),
(247,5,0.00,'cash','credit','sell',205,'2019-02-16 21:31:34','2019-02-16 21:31:34'),
(248,5,257.40,'cash','credit','sell',206,'2019-02-16 21:31:34','2019-02-16 21:31:34'),
(249,5,0.00,'cash','credit','sell',206,'2019-02-16 21:31:34','2019-02-16 21:31:34'),
(250,5,257.40,'cash','credit','sell',207,'2019-02-16 21:33:46','2019-02-16 21:33:46'),
(251,5,0.00,'cash','credit','sell',207,'2019-02-16 21:33:46','2019-02-16 21:33:46'),
(252,5,257.40,'cash','credit','sell',208,'2019-02-16 21:33:46','2019-02-16 21:33:46'),
(253,5,0.00,'cash','credit','sell',208,'2019-02-16 21:33:46','2019-02-16 21:33:46'),
(254,5,257.40,'cash','credit','sell',209,'2019-02-16 21:35:09','2019-02-16 21:35:09'),
(255,5,0.00,'cash','credit','sell',209,'2019-02-16 21:35:09','2019-02-16 21:35:09'),
(256,5,257.40,'cash','credit','sell',210,'2019-02-16 21:35:09','2019-02-16 21:35:09'),
(257,5,0.00,'cash','credit','sell',210,'2019-02-16 21:35:09','2019-02-16 21:35:09'),
(258,5,257.40,'cash','credit','sell',211,'2019-02-16 21:36:56','2019-02-16 21:36:56'),
(259,5,0.00,'cash','credit','sell',211,'2019-02-16 21:36:56','2019-02-16 21:36:56'),
(260,5,257.40,'cash','credit','sell',212,'2019-02-16 21:36:56','2019-02-16 21:36:56'),
(261,5,0.00,'cash','credit','sell',212,'2019-02-16 21:36:56','2019-02-16 21:36:56'),
(262,5,257.40,'cash','credit','sell',213,'2019-02-16 21:36:56','2019-02-16 21:36:56'),
(263,5,0.00,'cash','credit','sell',213,'2019-02-16 21:36:56','2019-02-16 21:36:56'),
(264,5,257.40,'cash','credit','sell',214,'2019-02-16 21:38:23','2019-02-16 21:38:23'),
(265,5,0.00,'cash','credit','sell',214,'2019-02-16 21:38:23','2019-02-16 21:38:23'),
(266,5,257.40,'cash','credit','sell',215,'2019-02-16 21:38:23','2019-02-16 21:38:23'),
(267,5,0.00,'cash','credit','sell',215,'2019-02-16 21:38:23','2019-02-16 21:38:23'),
(268,5,257.40,'cash','credit','sell',216,'2019-02-16 21:42:10','2019-02-16 21:42:10'),
(269,5,0.00,'cash','credit','sell',216,'2019-02-16 21:42:10','2019-02-16 21:42:10'),
(270,5,257.40,'cash','credit','sell',217,'2019-02-16 21:42:59','2019-02-16 21:42:59'),
(271,5,0.00,'cash','credit','sell',217,'2019-02-16 21:42:59','2019-02-16 21:42:59'),
(272,5,257.40,'cash','credit','sell',218,'2019-02-16 21:43:52','2019-02-16 21:43:52'),
(273,5,0.00,'cash','credit','sell',218,'2019-02-16 21:43:52','2019-02-16 21:43:52'),
(274,5,257.40,'cash','credit','sell',219,'2019-02-16 21:44:03','2019-02-16 21:44:03'),
(275,5,0.00,'cash','credit','sell',219,'2019-02-16 21:44:03','2019-02-16 21:44:03'),
(276,5,257.40,'cash','credit','sell',220,'2019-02-16 21:44:03','2019-02-16 21:44:03'),
(277,5,0.00,'cash','credit','sell',220,'2019-02-16 21:44:03','2019-02-16 21:44:03'),
(278,5,257.40,'cash','credit','sell',221,'2019-02-16 21:50:33','2019-02-16 21:50:33'),
(279,5,0.00,'cash','credit','sell',221,'2019-02-16 21:50:33','2019-02-16 21:50:33'),
(280,5,257.40,'cash','credit','sell',222,'2019-02-16 21:50:46','2019-02-16 21:50:46'),
(281,5,0.00,'cash','credit','sell',222,'2019-02-16 21:50:46','2019-02-16 21:50:46'),
(282,5,257.40,'cash','credit','sell',223,'2019-02-16 21:50:47','2019-02-16 21:50:47'),
(283,5,0.00,'cash','credit','sell',223,'2019-02-16 21:50:47','2019-02-16 21:50:47'),
(284,5,257.40,'cash','credit','sell',224,'2019-02-16 21:50:48','2019-02-16 21:50:48'),
(285,5,0.00,'cash','credit','sell',224,'2019-02-16 21:50:48','2019-02-16 21:50:48'),
(286,5,257.40,'cash','credit','sell',225,'2019-02-16 21:51:00','2019-02-16 21:51:00'),
(287,5,0.00,'cash','credit','sell',225,'2019-02-16 21:51:00','2019-02-16 21:51:00'),
(288,5,257.40,'cash','credit','sell',226,'2019-02-16 21:51:00','2019-02-16 21:51:00'),
(289,5,0.00,'cash','credit','sell',226,'2019-02-16 21:51:00','2019-02-16 21:51:00'),
(290,5,257.40,'cash','credit','sell',227,'2019-02-16 21:53:17','2019-02-16 21:53:17'),
(291,5,0.00,'cash','credit','sell',227,'2019-02-16 21:53:17','2019-02-16 21:53:17'),
(292,5,257.40,'cash','credit','sell',228,'2019-02-16 21:53:28','2019-02-16 21:53:28'),
(293,5,0.00,'cash','credit','sell',228,'2019-02-16 21:53:28','2019-02-16 21:53:28'),
(294,5,257.40,'cash','credit','sell',229,'2019-02-16 21:53:30','2019-02-16 21:53:30'),
(295,5,0.00,'cash','credit','sell',229,'2019-02-16 21:53:30','2019-02-16 21:53:30'),
(296,5,257.40,'cash','credit','sell',230,'2019-02-16 21:53:30','2019-02-16 21:53:30'),
(297,5,0.00,'cash','credit','sell',230,'2019-02-16 21:53:30','2019-02-16 21:53:30'),
(298,5,257.40,'cash','credit','sell',231,'2019-02-16 21:54:56','2019-02-16 21:54:56'),
(299,5,0.00,'cash','credit','sell',231,'2019-02-16 21:54:56','2019-02-16 21:54:56'),
(300,5,257.40,'cash','credit','sell',232,'2019-02-16 21:54:57','2019-02-16 21:54:57'),
(301,5,0.00,'cash','credit','sell',232,'2019-02-16 21:54:57','2019-02-16 21:54:57'),
(302,5,257.40,'cash','credit','sell',233,'2019-02-16 21:54:57','2019-02-16 21:54:57'),
(303,5,0.00,'cash','credit','sell',233,'2019-02-16 21:54:57','2019-02-16 21:54:57'),
(304,5,257.40,'cash','credit','sell',234,'2019-02-16 21:54:57','2019-02-16 21:54:57'),
(305,5,0.00,'cash','credit','sell',234,'2019-02-16 21:54:57','2019-02-16 21:54:57'),
(306,5,257.40,'cash','credit','sell',235,'2019-02-16 21:54:59','2019-02-16 21:54:59'),
(307,5,0.00,'cash','credit','sell',235,'2019-02-16 21:54:59','2019-02-16 21:54:59'),
(308,5,260.00,'cash','credit','sell',236,'2019-02-16 21:56:50','2019-02-16 21:56:50'),
(309,5,0.00,'cash','credit','sell',236,'2019-02-16 21:56:50','2019-02-16 21:56:50'),
(310,5,260.00,'cash','credit','sell',237,'2019-02-16 21:57:21','2019-02-16 21:57:21'),
(311,5,0.00,'cash','credit','sell',237,'2019-02-16 21:57:21','2019-02-16 21:57:21'),
(312,5,260.00,'cash','credit','sell',238,'2019-02-16 21:58:45','2019-02-16 21:58:45'),
(313,5,0.00,'cash','credit','sell',238,'2019-02-16 21:58:45','2019-02-16 21:58:45'),
(314,5,260.00,'cash','credit','sell',239,'2019-02-16 21:58:55','2019-02-16 21:58:55'),
(315,5,0.00,'cash','credit','sell',239,'2019-02-16 21:58:55','2019-02-16 21:58:55'),
(316,5,192.50,'cash','credit','sell',241,'2019-02-17 17:08:50','2019-02-17 17:08:50'),
(317,5,0.00,'cash','credit','sell',241,'2019-02-17 17:08:50','2019-02-17 17:08:50'),
(318,6,10000.00,'cash','credit','initial',NULL,'2019-02-25 18:25:04','2019-02-25 18:25:04'),
(319,6,133.01,'cash','credit','sell',242,'2019-02-25 23:43:03','2019-02-25 23:43:03'),
(320,6,0.00,'cash','credit','sell',242,'2019-02-25 23:43:03','2019-02-25 23:43:03'),
(321,6,133.01,'cash','credit','sell',243,'2019-02-25 23:43:04','2019-02-25 23:43:04'),
(322,6,0.00,'cash','credit','sell',243,'2019-02-25 23:43:04','2019-02-25 23:43:04'),
(323,6,133.01,'cash','credit','sell',244,'2019-02-25 23:48:22','2019-02-25 23:48:22'),
(324,6,0.00,'cash','credit','sell',244,'2019-02-25 23:48:22','2019-02-25 23:48:22'),
(325,6,133.01,'cash','credit','sell',245,'2019-02-25 23:48:22','2019-02-25 23:48:22'),
(326,6,0.00,'cash','credit','sell',245,'2019-02-25 23:48:22','2019-02-25 23:48:22'),
(327,6,133.01,'cash','credit','sell',246,'2019-02-26 05:57:21','2019-02-26 05:57:21'),
(328,6,0.00,'cash','credit','sell',246,'2019-02-26 05:57:21','2019-02-26 05:57:21'),
(329,6,133.01,'cash','credit','sell',247,'2019-02-26 05:57:22','2019-02-26 05:57:22'),
(330,6,0.00,'cash','credit','sell',247,'2019-02-26 05:57:22','2019-02-26 05:57:22'),
(331,6,0.00,'cash','credit','sell',250,'2019-03-03 14:34:49','2019-03-03 14:34:49'),
(332,6,0.00,'cash','credit','sell',250,'2019-03-03 14:34:49','2019-03-03 14:34:49'),
(333,6,40.00,'cash','credit','sell',251,'2019-03-07 17:15:56','2019-03-07 17:15:56'),
(334,6,0.00,'cash','credit','sell',251,'2019-03-07 17:15:56','2019-03-07 17:15:56'),
(335,6,40.00,'cash','credit','sell',252,'2019-03-07 17:15:56','2019-03-07 17:15:56'),
(336,6,0.00,'cash','credit','sell',252,'2019-03-07 17:15:56','2019-03-07 17:15:56'),
(337,6,40.00,'cash','credit','sell',253,'2019-03-07 17:20:52','2019-03-07 17:20:52'),
(338,6,0.00,'cash','credit','sell',253,'2019-03-07 17:20:52','2019-03-07 17:20:52'),
(339,6,40.00,'cash','credit','sell',254,'2019-03-07 17:20:52','2019-03-07 17:20:52'),
(340,6,0.00,'cash','credit','sell',254,'2019-03-07 17:20:52','2019-03-07 17:20:52'),
(341,6,40.00,'cash','credit','sell',255,'2019-03-07 17:22:57','2019-03-07 17:22:57'),
(342,6,0.00,'cash','credit','sell',255,'2019-03-07 17:22:57','2019-03-07 17:22:57'),
(343,6,40.00,'cash','credit','sell',256,'2019-03-07 17:22:58','2019-03-07 17:22:58'),
(344,6,0.00,'cash','credit','sell',256,'2019-03-07 17:22:58','2019-03-07 17:22:58'),
(345,6,40.00,'cash','credit','sell',257,'2019-03-07 17:28:11','2019-03-07 17:28:11'),
(346,6,0.00,'cash','credit','sell',257,'2019-03-07 17:28:11','2019-03-07 17:28:11'),
(347,6,40.00,'cash','credit','sell',258,'2019-03-07 17:28:12','2019-03-07 17:28:12'),
(348,6,0.00,'cash','credit','sell',258,'2019-03-07 17:28:12','2019-03-07 17:28:12'),
(349,6,40.00,'cash','credit','sell',259,'2019-03-08 04:37:00','2019-03-08 04:37:00'),
(350,6,0.00,'cash','credit','sell',259,'2019-03-08 04:37:00','2019-03-08 04:37:00'),
(351,6,40.00,'cash','credit','sell',260,'2019-03-08 04:37:02','2019-03-08 04:37:02'),
(352,6,0.00,'cash','credit','sell',260,'2019-03-08 04:37:02','2019-03-08 04:37:02'),
(353,6,40.00,'cash','credit','sell',261,'2019-03-08 04:37:02','2019-03-08 04:37:02'),
(354,6,0.00,'cash','credit','sell',261,'2019-03-08 04:37:02','2019-03-08 04:37:02'),
(355,6,40.00,'cash','credit','sell',262,'2019-03-08 05:43:49','2019-03-08 05:43:49'),
(356,6,0.00,'cash','credit','sell',262,'2019-03-08 05:43:49','2019-03-08 05:43:49'),
(357,6,40.00,'cash','credit','sell',263,'2019-03-08 05:45:30','2019-03-08 05:45:30'),
(358,6,0.00,'cash','credit','sell',263,'2019-03-08 05:45:30','2019-03-08 05:45:30'),
(359,7,5000.00,'cash','credit','initial',NULL,'2019-03-09 20:13:19','2019-03-09 20:13:19'),
(360,7,40.00,'cash','credit','sell',264,'2019-03-09 20:14:33','2019-03-09 20:14:33'),
(361,7,0.00,'cash','credit','sell',264,'2019-03-09 20:14:33','2019-03-09 20:14:33'),
(362,7,103.01,'cash','credit','sell',265,'2019-03-09 20:59:38','2019-03-09 20:59:38'),
(363,7,0.00,'cash','credit','sell',265,'2019-03-09 20:59:38','2019-03-09 20:59:38'),
(364,7,210.00,'cash','credit','sell',266,'2019-03-09 21:02:27','2019-03-09 21:02:27'),
(365,7,0.00,'cash','credit','sell',266,'2019-03-09 21:02:27','2019-03-09 21:02:27'),
(366,7,250.00,'cash','credit','sell',267,'2019-03-09 21:09:01','2019-03-09 21:09:01'),
(367,7,0.00,'cash','credit','sell',267,'2019-03-09 21:09:01','2019-03-09 21:09:01'),
(368,7,250.00,'cash','credit','sell',268,'2019-03-09 21:12:21','2019-03-09 21:12:21'),
(369,7,0.00,'cash','credit','sell',268,'2019-03-09 21:12:21','2019-03-09 21:12:21'),
(370,7,0.00,'cash','credit','sell',269,'2019-03-13 04:51:36','2019-03-13 04:51:36'),
(371,7,0.00,'cash','credit','sell',269,'2019-03-13 04:51:36','2019-03-13 04:51:36'),
(372,7,20.00,'cash','credit','sell',270,'2019-03-13 05:11:14','2019-03-13 05:11:14'),
(373,7,0.00,'cash','credit','sell',270,'2019-03-13 05:11:14','2019-03-13 05:11:14'),
(374,7,20.00,'cash','credit','sell',271,'2019-03-13 05:20:37','2019-03-13 05:20:37'),
(375,7,0.00,'cash','credit','sell',271,'2019-03-13 05:20:37','2019-03-13 05:20:37'),
(376,7,40.00,'cash','credit','sell',272,'2019-03-13 05:42:11','2019-03-13 05:42:11'),
(377,7,0.00,'cash','credit','sell',272,'2019-03-13 05:42:11','2019-03-13 05:42:11'),
(378,7,40.00,'cash','credit','sell',274,'2019-03-13 06:11:27','2019-03-13 06:11:27'),
(379,7,0.00,'cash','credit','sell',274,'2019-03-13 06:11:27','2019-03-13 06:11:27'),
(380,7,40.00,'cash','credit','sell',275,'2019-03-13 06:12:13','2019-03-13 06:12:13'),
(381,7,0.00,'cash','credit','sell',275,'2019-03-13 06:12:13','2019-03-13 06:12:13'),
(382,7,40.00,'cash','credit','sell',276,'2019-03-13 06:23:03','2019-03-13 06:23:03'),
(383,7,0.00,'cash','credit','sell',276,'2019-03-13 06:23:03','2019-03-13 06:23:03'),
(384,7,40.00,'cash','credit','sell',279,'2019-03-13 10:25:28','2019-03-13 10:25:28'),
(385,7,0.00,'cash','credit','sell',279,'2019-03-13 10:25:28','2019-03-13 10:25:28'),
(386,7,0.00,'cash','credit','sell',280,'2019-03-13 10:29:00','2019-03-13 10:29:00'),
(387,7,0.00,'cash','credit','sell',280,'2019-03-13 10:29:00','2019-03-13 10:29:00'),
(388,7,20.00,'cash','credit','sell',281,'2019-03-13 10:32:08','2019-03-13 10:32:08'),
(389,7,0.00,'cash','credit','sell',281,'2019-03-13 10:32:08','2019-03-13 10:32:08'),
(390,7,39.00,'cash','credit','sell',282,'2019-03-14 09:24:38','2019-03-14 09:24:38'),
(391,7,0.00,'cash','credit','sell',282,'2019-03-14 09:24:38','2019-03-14 09:24:38'),
(392,7,0.00,'cash','credit','sell',284,'2019-03-16 14:53:49','2019-03-16 14:53:49'),
(393,7,0.00,'cash','credit','sell',284,'2019-03-16 14:53:49','2019-03-16 14:53:49'),
(396,7,0.00,'cash','credit','sell',286,'2019-03-16 15:06:53','2019-03-16 15:06:53'),
(397,7,0.00,'cash','credit','sell',286,'2019-03-16 15:06:53','2019-03-16 15:06:53'),
(398,7,0.00,'cash','credit','sell',291,'2019-03-17 07:07:00','2019-03-17 07:07:00'),
(399,7,0.00,'cash','credit','sell',291,'2019-03-17 07:07:00','2019-03-17 07:07:00'),
(400,7,0.00,'cash','credit','sell',292,'2019-03-17 07:14:54','2019-03-17 07:14:54'),
(401,7,0.00,'cash','credit','sell',292,'2019-03-17 07:14:54','2019-03-17 07:14:54'),
(402,7,0.00,'cash','credit','sell',293,'2019-03-17 07:16:54','2019-03-17 07:16:54'),
(403,7,0.00,'cash','credit','sell',293,'2019-03-17 07:16:54','2019-03-17 07:16:54'),
(404,7,40.00,'cash','credit','sell',294,'2019-03-17 07:19:35','2019-03-17 07:19:35'),
(405,7,0.00,'cash','credit','sell',294,'2019-03-17 07:19:35','2019-03-17 07:19:35'),
(406,7,40.00,'cash','credit','sell',295,'2019-03-17 07:22:34','2019-03-17 07:22:34'),
(407,7,0.00,'cash','credit','sell',295,'2019-03-17 07:22:34','2019-03-17 07:22:34'),
(408,7,40.00,'cash','credit','sell',296,'2019-03-17 07:24:50','2019-03-17 07:24:50'),
(409,7,0.00,'cash','credit','sell',296,'2019-03-17 07:24:50','2019-03-17 07:24:50'),
(410,7,40.00,'cash','credit','sell',299,'2019-03-17 13:37:56','2019-03-17 13:37:56'),
(411,7,0.00,'cash','credit','sell',299,'2019-03-17 13:37:56','2019-03-17 13:37:56'),
(412,7,40.00,'cash','credit','sell',300,'2019-03-17 13:38:22','2019-03-17 13:38:22'),
(413,7,0.00,'cash','credit','sell',300,'2019-03-17 13:38:22','2019-03-17 13:38:22'),
(414,7,40.00,'cash','credit','sell',301,'2019-03-17 13:39:23','2019-03-17 13:39:23'),
(415,7,0.00,'cash','credit','sell',301,'2019-03-17 13:39:23','2019-03-17 13:39:23'),
(416,7,40.00,'cash','credit','sell',302,'2019-03-17 14:04:31','2019-03-17 14:04:31'),
(417,7,0.00,'cash','credit','sell',302,'2019-03-17 14:04:31','2019-03-17 14:04:31'),
(418,7,4000.23,'cash','credit','sell',303,'2019-03-17 14:07:54','2019-03-17 14:07:54'),
(419,7,0.00,'cash','credit','sell',303,'2019-03-17 14:07:54','2019-03-17 14:07:54'),
(420,7,40.00,'cash','credit','sell',304,'2019-03-18 14:27:25','2019-03-18 14:27:25'),
(421,7,0.00,'cash','credit','sell',304,'2019-03-18 14:27:25','2019-03-18 14:27:25'),
(422,7,70.20,'cash','credit','sell',305,'2019-03-18 14:30:58','2019-03-18 14:30:58'),
(423,7,0.00,'cash','credit','sell',305,'2019-03-18 14:30:58','2019-03-18 14:30:58'),
(424,7,105.30,'cash','credit','sell',306,'2019-03-18 14:31:45','2019-03-18 14:31:45'),
(425,7,0.00,'cash','credit','sell',306,'2019-03-18 14:31:45','2019-03-18 14:31:45'),
(426,7,70.20,'cash','credit','sell',307,'2019-03-18 14:32:39','2019-03-18 14:32:39'),
(427,7,0.00,'cash','credit','sell',307,'2019-03-18 14:32:39','2019-03-18 14:32:39'),
(428,7,421.20,'cash','credit','sell',308,'2019-03-18 14:35:01','2019-03-18 14:35:01'),
(429,7,0.00,'cash','credit','sell',308,'2019-03-18 14:35:01','2019-03-18 14:35:01'),
(430,7,155.00,'cash','credit','sell',309,'2019-03-18 15:05:29','2019-03-18 15:05:29'),
(431,7,0.00,'cash','credit','sell',309,'2019-03-18 15:05:29','2019-03-18 15:05:29'),
(432,7,40.00,'cash','credit','sell',310,'2019-03-18 15:06:46','2019-03-18 15:06:46'),
(433,7,0.00,'cash','credit','sell',310,'2019-03-18 15:06:46','2019-03-18 15:06:46'),
(434,7,40.00,'cash','credit','sell',311,'2019-03-18 15:08:23','2019-03-18 15:08:23'),
(435,7,0.00,'cash','credit','sell',311,'2019-03-18 15:08:23','2019-03-18 15:08:23'),
(436,7,40.00,'cash','credit','sell',313,'2019-03-19 06:41:14','2019-03-19 06:41:14'),
(437,7,0.00,'cash','credit','sell',313,'2019-03-19 06:41:14','2019-03-19 06:41:14'),
(438,7,40.00,'cash','credit','sell',314,'2019-03-20 05:15:05','2019-03-20 05:15:05'),
(439,7,0.00,'cash','credit','sell',314,'2019-03-20 05:15:05','2019-03-20 05:15:05'),
(440,7,40.00,'cash','credit','sell',315,'2019-03-20 05:16:23','2019-03-20 05:16:23'),
(441,7,0.00,'cash','credit','sell',315,'2019-03-20 05:16:23','2019-03-20 05:16:23'),
(442,7,40.00,'cash','credit','sell',316,'2019-03-20 05:18:17','2019-03-20 05:18:17'),
(443,7,0.00,'cash','credit','sell',316,'2019-03-20 05:18:17','2019-03-20 05:18:17'),
(444,7,260.00,'cash','credit','sell',317,'2019-03-20 06:13:45','2019-03-20 06:13:45'),
(445,7,0.00,'cash','credit','sell',317,'2019-03-20 06:13:45','2019-03-20 06:13:45'),
(446,7,40.00,'cash','credit','sell',318,'2019-03-20 06:15:25','2019-03-20 06:15:25'),
(447,7,0.00,'cash','credit','sell',318,'2019-03-20 06:15:25','2019-03-20 06:15:25'),
(448,7,90.00,'cash','credit','sell',319,'2019-03-20 06:18:21','2019-03-20 06:18:21'),
(449,7,0.00,'cash','credit','sell',319,'2019-03-20 06:18:21','2019-03-20 06:18:21'),
(450,7,117.00,'cash','credit','sell',320,'2019-03-20 14:07:25','2019-03-20 14:07:25'),
(451,7,0.00,'cash','credit','sell',320,'2019-03-20 14:07:25','2019-03-20 14:07:25'),
(452,8,0.00,'cash','credit','initial',NULL,'2019-03-20 14:10:35','2019-03-20 14:10:35'),
(453,8,400.02,'cash','credit','sell',321,'2019-03-20 14:10:51','2019-03-20 14:10:51'),
(454,8,0.00,'cash','credit','sell',321,'2019-03-20 14:10:51','2019-03-20 14:10:51'),
(455,8,100.00,'cash','credit','sell',322,'2019-03-20 14:13:36','2019-03-20 14:13:36'),
(456,8,0.00,'cash','credit','sell',322,'2019-03-20 14:13:36','2019-03-20 14:13:36'),
(457,8,40.00,'cash','credit','sell',323,'2019-03-20 14:18:57','2019-03-20 14:18:57'),
(458,8,0.00,'cash','credit','sell',323,'2019-03-20 14:18:57','2019-03-20 14:18:57'),
(459,8,40.00,'cash','credit','sell',324,'2019-03-20 14:24:04','2019-03-20 14:24:04'),
(460,8,0.00,'cash','credit','sell',324,'2019-03-20 14:24:04','2019-03-20 14:24:04'),
(461,8,100.00,'cash','credit','sell',325,'2019-03-20 14:24:29','2019-03-20 14:24:29'),
(462,8,0.00,'cash','credit','sell',325,'2019-03-20 14:24:29','2019-03-20 14:24:29'),
(463,8,0.00,'cash','credit','sell',326,'2019-03-20 14:32:31','2019-03-20 14:32:31'),
(464,8,0.00,'cash','credit','sell',326,'2019-03-20 14:32:31','2019-03-20 14:32:31'),
(465,8,40.00,'cash','credit','sell',327,'2019-03-20 14:38:33','2019-03-20 14:38:33'),
(466,8,0.00,'cash','credit','sell',327,'2019-03-20 14:38:33','2019-03-20 14:38:33'),
(467,8,100.00,'cash','credit','sell',328,'2019-03-20 15:00:25','2019-03-20 15:00:25'),
(468,8,0.00,'cash','credit','sell',328,'2019-03-20 15:00:25','2019-03-20 15:00:25'),
(469,8,100.00,'cash','credit','sell',329,'2019-03-20 15:00:57','2019-03-20 15:00:57'),
(470,8,0.00,'cash','credit','sell',329,'2019-03-20 15:00:57','2019-03-20 15:00:57'),
(471,8,40.00,'cash','credit','sell',330,'2019-03-20 15:12:43','2019-03-20 15:12:43'),
(472,8,0.00,'cash','credit','sell',330,'2019-03-20 15:12:43','2019-03-20 15:12:43'),
(473,8,100.00,'cash','credit','sell',331,'2019-03-20 15:14:51','2019-03-20 15:14:51'),
(474,8,0.00,'cash','credit','sell',331,'2019-03-20 15:14:51','2019-03-20 15:14:51'),
(475,8,40.00,'cash','credit','sell',332,'2019-03-20 15:15:44','2019-03-20 15:15:44'),
(476,8,0.00,'cash','credit','sell',332,'2019-03-20 15:15:44','2019-03-20 15:15:44'),
(477,8,0.00,'cash','credit','sell',333,'2019-03-20 15:17:32','2019-03-20 15:17:32'),
(478,8,0.00,'cash','credit','sell',333,'2019-03-20 15:17:32','2019-03-20 15:17:32'),
(479,8,100.00,'cash','credit','sell',334,'2019-03-20 15:19:27','2019-03-20 15:19:27'),
(480,8,0.00,'cash','credit','sell',334,'2019-03-20 15:19:27','2019-03-20 15:19:27'),
(481,8,40.00,'cash','credit','sell',335,'2019-03-20 15:37:21','2019-03-20 15:37:21'),
(482,8,0.00,'cash','credit','sell',335,'2019-03-20 15:37:21','2019-03-20 15:37:21'),
(483,8,100.00,'cash','credit','sell',336,'2019-03-20 15:37:35','2019-03-20 15:37:35'),
(484,8,0.00,'cash','credit','sell',336,'2019-03-20 15:37:35','2019-03-20 15:37:35'),
(485,8,40.95,'cash','credit','sell',337,'2019-03-20 15:39:13','2019-03-20 15:39:13'),
(486,8,0.00,'cash','credit','sell',337,'2019-03-20 15:39:13','2019-03-20 15:39:13'),
(487,8,204.75,'cash','credit','sell',338,'2019-03-20 15:39:57','2019-03-20 15:39:57'),
(488,8,0.00,'cash','credit','sell',338,'2019-03-20 15:39:57','2019-03-20 15:39:57'),
(489,8,133.01,'cash','credit','sell',339,'2019-03-20 15:41:09','2019-03-20 15:41:09'),
(490,8,0.00,'cash','credit','sell',339,'2019-03-20 15:41:09','2019-03-20 15:41:09'),
(491,8,34.99,'cash','credit','sell',340,'2019-03-20 15:41:46','2019-03-20 15:41:46'),
(492,8,0.00,'cash','credit','sell',340,'2019-03-20 15:41:46','2019-03-20 15:41:46'),
(493,8,40.00,'cash','credit','sell',341,'2019-03-20 15:42:59','2019-03-20 15:42:59'),
(494,8,0.00,'cash','credit','sell',341,'2019-03-20 15:42:59','2019-03-20 15:42:59'),
(495,8,40.00,'cash','credit','sell',342,'2019-03-20 15:50:39','2019-03-20 15:50:39'),
(496,8,0.00,'cash','credit','sell',342,'2019-03-20 15:50:39','2019-03-20 15:50:39'),
(497,8,40.00,'cash','credit','sell',343,'2019-03-20 15:52:16','2019-03-20 15:52:16'),
(498,8,0.00,'cash','credit','sell',343,'2019-03-20 15:52:16','2019-03-20 15:52:16'),
(499,8,0.00,'cash','credit','sell',344,'2019-03-20 15:54:46','2019-03-20 15:54:46'),
(500,8,0.00,'cash','credit','sell',344,'2019-03-20 15:54:46','2019-03-20 15:54:46'),
(501,8,40.00,'cash','credit','sell',345,'2019-03-20 15:56:08','2019-03-20 15:56:08'),
(502,8,0.00,'cash','credit','sell',345,'2019-03-20 15:56:08','2019-03-20 15:56:08'),
(503,8,100.00,'cash','credit','sell',346,'2019-03-20 15:57:51','2019-03-20 15:57:51'),
(504,8,0.00,'cash','credit','sell',346,'2019-03-20 15:57:51','2019-03-20 15:57:51'),
(505,9,10000.00,'cash','credit','initial',NULL,'2019-03-21 16:31:58','2019-03-21 16:31:58'),
(506,9,34.19,'cash','credit','sell',348,'2019-03-21 16:32:12','2019-03-21 16:32:12'),
(507,9,0.00,'cash','credit','sell',348,'2019-03-21 16:32:12','2019-03-21 16:32:12'),
(508,9,341865.81,'cash','credit','sell',349,'2019-03-21 16:34:02','2019-03-21 16:34:02'),
(509,9,0.00,'cash','credit','sell',349,'2019-03-21 16:34:02','2019-03-21 16:34:02'),
(510,9,34190.00,'cash','credit','sell',350,'2019-03-21 17:48:47','2019-03-21 17:48:47'),
(511,9,0.00,'cash','credit','sell',350,'2019-03-21 17:48:47','2019-03-21 17:48:47'),
(512,8,40.00,'cash','credit','sell',351,'2019-03-21 18:02:54','2019-03-21 18:02:54'),
(513,8,0.00,'cash','credit','sell',351,'2019-03-21 18:02:54','2019-03-21 18:02:54'),
(514,8,40.00,'cash','credit','sell',352,'2019-03-21 18:03:32','2019-03-21 18:03:32'),
(515,8,0.00,'cash','credit','sell',352,'2019-03-21 18:03:32','2019-03-21 18:03:32'),
(516,8,40.00,'cash','credit','sell',353,'2019-03-21 18:09:29','2019-03-21 18:09:29'),
(517,8,0.00,'cash','credit','sell',353,'2019-03-21 18:09:29','2019-03-21 18:09:29'),
(518,8,40.00,'cash','credit','sell',354,'2019-03-26 19:23:49','2019-03-26 19:23:49'),
(519,8,0.00,'cash','credit','sell',354,'2019-03-26 19:23:49','2019-03-26 19:23:49'),
(520,8,0.00,'cash','credit','sell',355,'2019-03-26 19:31:54','2019-03-26 19:31:54'),
(521,8,0.00,'cash','credit','sell',355,'2019-03-26 19:31:54','2019-03-26 19:31:54'),
(522,8,-31.00,'cash','credit','sell',356,'2019-03-26 19:43:56','2019-03-26 19:43:56'),
(523,8,0.00,'cash','credit','sell',356,'2019-03-26 19:43:56','2019-03-26 19:43:56'),
(524,8,40.00,'cash','credit','sell',358,'2019-03-30 12:20:23','2019-03-30 12:20:23'),
(525,8,0.00,'cash','credit','sell',358,'2019-03-30 12:20:23','2019-03-30 12:20:23'),
(526,8,0.00,'cash','credit','sell',359,'2019-03-30 12:20:44','2019-03-30 12:20:44'),
(527,8,0.00,'cash','credit','sell',359,'2019-03-30 12:20:44','2019-03-30 12:20:44'),
(528,8,0.00,'cash','credit','sell',360,'2019-03-30 12:28:30','2019-03-30 12:28:30'),
(529,8,0.00,'cash','credit','sell',360,'2019-03-30 12:28:30','2019-03-30 12:28:30'),
(530,8,0.00,'cash','credit','sell',361,'2019-03-30 12:42:21','2019-03-30 12:42:21'),
(531,8,0.00,'cash','credit','sell',361,'2019-03-30 12:42:21','2019-03-30 12:42:21'),
(532,9,0.00,'cash','credit','sell',362,'2019-03-30 18:41:50','2019-03-30 18:41:50'),
(533,9,0.00,'cash','credit','sell',362,'2019-03-30 18:41:50','2019-03-30 18:41:50'),
(534,9,40.00,'cash','credit','sell',363,'2019-03-30 18:57:37','2019-03-30 18:57:37'),
(535,9,0.00,'cash','credit','sell',363,'2019-03-30 18:57:37','2019-03-30 18:57:37'),
(536,10,5000.00,'cash','credit','initial',NULL,'2019-03-30 20:55:20','2019-03-30 20:55:20'),
(537,9,40.00,'cash','credit','sell',364,'2019-03-30 21:22:59','2019-03-30 21:22:59'),
(538,9,0.00,'cash','credit','sell',364,'2019-03-30 21:22:59','2019-03-30 21:22:59'),
(539,9,20.00,'cash','credit','sell',366,'2019-03-30 23:01:21','2019-03-30 23:01:21'),
(540,9,0.00,'cash','credit','sell',366,'2019-03-30 23:01:21','2019-03-30 23:01:21'),
(541,9,0.00,'cash','credit','sell',367,'2019-03-31 00:02:03','2019-03-31 00:02:03'),
(542,9,0.00,'cash','credit','sell',367,'2019-03-31 00:02:03','2019-03-31 00:02:03'),
(543,9,0.00,'cash','credit','sell',368,'2019-03-31 00:05:16','2019-03-31 00:05:16'),
(544,9,0.00,'cash','credit','sell',368,'2019-03-31 00:05:16','2019-03-31 00:05:16'),
(545,9,40.00,'cash','credit','sell',369,'2019-04-02 18:45:00','2019-04-02 18:45:00'),
(546,9,0.00,'cash','credit','sell',369,'2019-04-02 18:45:00','2019-04-02 18:45:00'),
(547,9,0.00,'cash','credit','sell',370,'2019-04-02 18:47:17','2019-04-02 18:47:17'),
(548,9,0.00,'cash','credit','sell',370,'2019-04-02 18:47:17','2019-04-02 18:47:17'),
(549,10,40.00,'cash','credit','sell',371,'2019-04-05 22:31:06','2019-04-05 22:31:06'),
(550,10,0.00,'cash','credit','sell',371,'2019-04-05 22:31:06','2019-04-05 22:31:06'),
(551,10,0.00,'cash','credit','sell',372,'2019-04-05 22:32:01','2019-04-05 22:32:01'),
(552,10,0.00,'cash','credit','sell',372,'2019-04-05 22:32:01','2019-04-05 22:32:01'),
(553,9,40.00,'cash','credit','sell',373,'2019-04-06 13:56:49','2019-04-06 13:56:49'),
(554,9,0.00,'cash','credit','sell',373,'2019-04-06 13:56:49','2019-04-06 13:56:49'),
(555,9,0.00,'cash','credit','sell',374,'2019-04-06 14:01:57','2019-04-06 14:01:57'),
(556,9,0.00,'cash','credit','sell',374,'2019-04-06 14:01:57','2019-04-06 14:01:57'),
(557,9,0.00,'cash','credit','sell',375,'2019-04-06 14:29:22','2019-04-06 14:29:22'),
(558,9,0.00,'cash','credit','sell',375,'2019-04-06 14:29:22','2019-04-06 14:29:22'),
(559,9,40.00,'cash','credit','sell',376,'2019-04-06 15:35:22','2019-04-06 15:35:22'),
(560,9,0.00,'cash','credit','sell',376,'2019-04-06 15:35:22','2019-04-06 15:35:22'),
(561,10,155.61,'cash','credit','sell',378,'2019-04-06 17:10:08','2019-04-06 17:10:08'),
(562,10,0.00,'cash','credit','sell',378,'2019-04-06 17:10:08','2019-04-06 17:10:08'),
(563,3,777.50,'cash','credit','sell',419,'2019-04-26 05:57:27','2019-04-26 05:57:27'),
(564,3,0.00,'cash','credit','sell',419,'2019-04-26 05:57:27','2019-04-26 05:57:27'),
(565,3,39.80,'cash','credit','sell',431,'2019-05-16 14:08:58','2019-05-16 14:08:58'),
(566,3,0.00,'cash','credit','sell',431,'2019-05-16 14:08:58','2019-05-16 14:08:58'),
(567,3,39.80,'cash','credit','sell',433,'2019-05-16 16:00:43','2019-05-16 16:00:43'),
(568,3,0.00,'cash','credit','sell',433,'2019-05-16 16:00:43','2019-05-16 16:00:43'),
(569,3,39.80,'cash','debit','refund',431,'2019-05-31 15:20:48','2019-05-31 15:20:48'),
(570,3,210.60,'cash','credit','sell',441,'2019-06-05 19:13:48','2019-06-05 19:13:48'),
(571,3,0.00,'cash','credit','sell',441,'2019-06-05 19:13:48','2019-06-05 19:13:48'),
(572,3,69.47,'cash','credit','sell',446,'2019-06-06 21:10:43','2019-06-06 21:10:43'),
(573,3,0.00,'cash','credit','sell',446,'2019-06-06 21:10:43','2019-06-06 21:10:43'),
(574,3,1088.10,'cash','credit','sell',447,'2019-06-06 21:16:34','2019-06-06 21:16:34'),
(575,3,0.00,'cash','credit','sell',447,'2019-06-06 21:16:34','2019-06-06 21:16:34'),
(576,3,69.47,'cash','credit','sell',448,'2019-06-06 21:17:40','2019-06-06 21:17:40'),
(577,3,0.00,'cash','credit','sell',448,'2019-06-06 21:17:40','2019-06-06 21:17:40'),
(578,3,73.13,'cash','credit','sell',449,'2019-06-06 21:18:25','2019-06-06 21:18:25'),
(579,3,0.00,'cash','credit','sell',449,'2019-06-06 21:18:25','2019-06-06 21:18:25'),
(580,3,285.00,'cash','credit','sell',450,'2019-06-07 04:34:44','2019-06-07 04:34:44'),
(581,3,0.00,'cash','credit','sell',450,'2019-06-07 04:34:44','2019-06-07 04:34:44'),
(582,3,800.00,'cash','credit','sell',452,'2019-06-07 11:27:21','2019-06-07 11:27:21'),
(583,3,0.00,'cash','credit','sell',452,'2019-06-07 11:27:21','2019-06-07 11:27:21'),
(584,11,0.00,'cash','credit','initial',NULL,'2019-06-20 06:04:49','2019-06-20 06:04:49'),
(585,3,65.81,'cash','credit','sell',455,'2019-06-21 08:49:53','2019-06-21 08:49:53'),
(586,3,0.00,'cash','credit','sell',455,'2019-06-21 08:49:53','2019-06-21 08:49:53'),
(587,3,197.44,'cash','credit','sell',475,'2019-07-09 19:41:52','2019-07-09 19:41:52'),
(588,3,0.00,'cash','credit','sell',475,'2019-07-09 19:41:52','2019-07-09 19:41:52');

/*Table structure for table `cash_registers` */

DROP TABLE IF EXISTS `cash_registers`;

CREATE TABLE `cash_registers` (
  `id` int(10) unsigned NOT NULL AUTO_INCREMENT,
  `business_id` int(10) unsigned NOT NULL,
  `user_id` int(10) unsigned DEFAULT NULL,
  `status` enum('close','open') COLLATE utf8mb4_unicode_ci NOT NULL DEFAULT 'open',
  `closed_at` datetime DEFAULT NULL,
  `closing_amount` decimal(20,2) NOT NULL DEFAULT '0.00',
  `total_card_slips` int(11) NOT NULL DEFAULT '0',
  `total_cheques` int(11) NOT NULL DEFAULT '0',
  `closing_note` text COLLATE utf8mb4_unicode_ci,
  `created_at` timestamp NULL DEFAULT NULL,
  `updated_at` timestamp NULL DEFAULT NULL,
  PRIMARY KEY (`id`),
  KEY `cash_registers_business_id_foreign` (`business_id`),
  KEY `cash_registers_user_id_foreign` (`user_id`),
  CONSTRAINT `cash_registers_business_id_foreign` FOREIGN KEY (`business_id`) REFERENCES `business` (`id`) ON DELETE CASCADE,
  CONSTRAINT `cash_registers_user_id_foreign` FOREIGN KEY (`user_id`) REFERENCES `users` (`id`) ON DELETE CASCADE
) ENGINE=InnoDB AUTO_INCREMENT=12 DEFAULT CHARSET=utf8mb4 COLLATE=utf8mb4_unicode_ci;

/*Data for the table `cash_registers` */

insert  into `cash_registers`(`id`,`business_id`,`user_id`,`status`,`closed_at`,`closing_amount`,`total_card_slips`,`total_cheques`,`closing_note`,`created_at`,`updated_at`) values 
(1,1,1,'open',NULL,0.00,0,0,NULL,'2018-10-07 03:53:42','2018-10-07 03:53:42'),
(2,4,5,'open',NULL,0.00,0,0,NULL,'2018-10-21 21:00:09','2018-10-21 21:00:09'),
(3,4,4,'open','2019-01-10 16:36:06',10090.00,0,0,NULL,'2018-10-22 02:49:57','2019-01-11 13:36:06'),
(4,4,4,'open','2019-01-25 23:10:01',22592.97,0,0,NULL,'2019-01-11 13:54:35','2019-01-26 20:10:01'),
(5,4,4,'open','2019-02-24 21:23:38',30131.14,0,0,NULL,'2019-01-26 20:31:34','2019-02-25 18:23:38'),
(6,4,4,'open','2019-03-08 23:12:50',11318.06,0,0,NULL,'2019-02-25 18:25:04','2019-03-09 20:12:50'),
(7,4,4,'open','2019-03-19 17:10:00',12041.14,0,0,NULL,'2019-03-09 20:13:19','2019-03-20 14:10:00'),
(8,4,4,'open','2019-03-29 21:27:00',2182.72,0,0,NULL,'2019-03-20 14:10:35','2019-03-30 18:27:00'),
(9,7,8,'open',NULL,0.00,0,0,NULL,'2019-03-21 16:31:58','2019-03-21 16:31:58'),
(10,4,4,'open',NULL,0.00,0,0,NULL,'2019-03-30 20:55:20','2019-03-30 20:55:20'),
(11,14,16,'open',NULL,0.00,0,0,NULL,'2019-06-20 06:04:49','2019-06-20 06:04:49');

/*Table structure for table `categories` */

DROP TABLE IF EXISTS `categories`;

CREATE TABLE `categories` (
  `id` int(10) unsigned NOT NULL AUTO_INCREMENT,
  `name` varchar(191) COLLATE utf8mb4_unicode_ci NOT NULL,
  `business_id` int(10) unsigned NOT NULL,
  `short_code` varchar(191) COLLATE utf8mb4_unicode_ci DEFAULT NULL,
  `parent_id` int(11) NOT NULL,
  `created_by` int(10) unsigned NOT NULL,
  `deleted_at` timestamp NULL DEFAULT NULL,
  `created_at` timestamp NULL DEFAULT NULL,
  `updated_at` timestamp NULL DEFAULT NULL,
  PRIMARY KEY (`id`),
  KEY `categories_business_id_foreign` (`business_id`),
  KEY `categories_created_by_foreign` (`created_by`),
  CONSTRAINT `categories_business_id_foreign` FOREIGN KEY (`business_id`) REFERENCES `business` (`id`) ON DELETE CASCADE,
  CONSTRAINT `categories_created_by_foreign` FOREIGN KEY (`created_by`) REFERENCES `users` (`id`) ON DELETE CASCADE
) ENGINE=InnoDB AUTO_INCREMENT=7 DEFAULT CHARSET=utf8mb4 COLLATE=utf8mb4_unicode_ci;

/*Data for the table `categories` */

insert  into `categories`(`id`,`name`,`business_id`,`short_code`,`parent_id`,`created_by`,`deleted_at`,`created_at`,`updated_at`) values 
(1,'Study Tool',4,'123',0,1,NULL,'2018-10-06 16:29:58','2018-10-06 16:29:58'),
(2,'wear',4,'124',0,1,NULL,'2018-10-06 16:30:15','2018-10-06 16:30:15'),
(3,'sub_1',4,'125',1,1,NULL,'2018-10-06 16:30:15','2018-10-06 16:30:15'),
(4,'sub_2',4,'126',1,1,NULL,'2018-10-06 16:30:15','2018-10-06 16:30:15'),
(5,'sub_a1',4,'127',2,1,NULL,'2018-10-06 16:30:15','2018-10-06 16:30:15'),
(6,'sub_a2',4,'128',2,1,NULL,'2018-10-06 16:30:15','2018-10-06 16:30:15');

/*Table structure for table `contacts` */

DROP TABLE IF EXISTS `contacts`;

CREATE TABLE `contacts` (
  `id` int(10) unsigned NOT NULL AUTO_INCREMENT,
  `business_id` int(10) unsigned NOT NULL,
  `type` enum('supplier','customer','both') COLLATE utf8mb4_unicode_ci NOT NULL,
  `supplier_business_name` varchar(191) COLLATE utf8mb4_unicode_ci DEFAULT NULL,
  `name` varchar(191) COLLATE utf8mb4_unicode_ci NOT NULL,
  `email` varchar(191) COLLATE utf8mb4_unicode_ci DEFAULT NULL,
  `contact_id` varchar(191) COLLATE utf8mb4_unicode_ci DEFAULT NULL,
  `tax_number` varchar(191) COLLATE utf8mb4_unicode_ci DEFAULT NULL,
  `city` varchar(191) COLLATE utf8mb4_unicode_ci DEFAULT NULL,
  `state` varchar(191) COLLATE utf8mb4_unicode_ci DEFAULT NULL,
  `country` varchar(191) COLLATE utf8mb4_unicode_ci DEFAULT NULL,
  `landmark` varchar(191) COLLATE utf8mb4_unicode_ci DEFAULT NULL,
  `mobile` varchar(191) COLLATE utf8mb4_unicode_ci NOT NULL,
  `landline` varchar(191) COLLATE utf8mb4_unicode_ci DEFAULT NULL,
  `alternate_number` varchar(191) COLLATE utf8mb4_unicode_ci DEFAULT NULL,
  `pay_term_number` int(11) DEFAULT NULL,
  `pay_term_type` enum('days','months') COLLATE utf8mb4_unicode_ci DEFAULT NULL,
  `credit_limit` decimal(20,2) DEFAULT NULL,
  `created_by` int(10) unsigned NOT NULL,
  `is_default` tinyint(1) NOT NULL DEFAULT '0',
  `customer_group_id` int(11) DEFAULT NULL,
  `custom_field1` varchar(191) COLLATE utf8mb4_unicode_ci DEFAULT NULL,
  `custom_field2` varchar(191) COLLATE utf8mb4_unicode_ci DEFAULT NULL,
  `custom_field3` varchar(191) COLLATE utf8mb4_unicode_ci DEFAULT NULL,
  `custom_field4` varchar(191) COLLATE utf8mb4_unicode_ci DEFAULT NULL,
  `deleted_at` timestamp NULL DEFAULT NULL,
  `created_at` timestamp NULL DEFAULT NULL,
  `updated_at` timestamp NULL DEFAULT NULL,
  PRIMARY KEY (`id`),
  KEY `contacts_business_id_foreign` (`business_id`),
  KEY `contacts_created_by_foreign` (`created_by`),
  CONSTRAINT `contacts_business_id_foreign` FOREIGN KEY (`business_id`) REFERENCES `business` (`id`) ON DELETE CASCADE,
  CONSTRAINT `contacts_created_by_foreign` FOREIGN KEY (`created_by`) REFERENCES `users` (`id`) ON DELETE CASCADE
) ENGINE=InnoDB AUTO_INCREMENT=16 DEFAULT CHARSET=utf8mb4 COLLATE=utf8mb4_unicode_ci;

/*Data for the table `contacts` */

insert  into `contacts`(`id`,`business_id`,`type`,`supplier_business_name`,`name`,`email`,`contact_id`,`tax_number`,`city`,`state`,`country`,`landmark`,`mobile`,`landline`,`alternate_number`,`pay_term_number`,`pay_term_type`,`credit_limit`,`created_by`,`is_default`,`customer_group_id`,`custom_field1`,`custom_field2`,`custom_field3`,`custom_field4`,`deleted_at`,`created_at`,`updated_at`) values 
(1,1,'customer',NULL,'Walk-In Customer',NULL,'CO0001',NULL,NULL,NULL,NULL,NULL,'',NULL,NULL,NULL,NULL,NULL,1,1,NULL,NULL,NULL,NULL,NULL,NULL,'2018-10-06 13:16:12','2018-10-06 13:16:12'),
(4,4,'customer',NULL,'Walk-In Customer',NULL,'CO0001',NULL,NULL,NULL,NULL,NULL,'',NULL,NULL,NULL,NULL,NULL,4,1,NULL,NULL,NULL,NULL,NULL,NULL,'2018-10-20 03:27:17','2018-10-20 03:27:17'),
(7,7,'customer',NULL,'Walk-In Customer',NULL,'CO0001',NULL,NULL,NULL,NULL,NULL,'',NULL,NULL,NULL,NULL,NULL,8,1,NULL,NULL,NULL,NULL,NULL,NULL,'2019-03-20 16:46:54','2019-03-20 16:46:54'),
(8,8,'customer',NULL,'Walk-In Customer',NULL,'CO0001',NULL,NULL,NULL,NULL,NULL,'',NULL,NULL,NULL,NULL,NULL,10,1,NULL,NULL,NULL,NULL,NULL,NULL,'2019-05-18 16:49:09','2019-05-18 16:49:09'),
(9,9,'customer',NULL,'Walk-In Customer',NULL,'CO0001',NULL,NULL,NULL,NULL,NULL,'',NULL,NULL,NULL,NULL,NULL,11,1,NULL,NULL,NULL,NULL,NULL,NULL,'2019-05-18 16:50:59','2019-05-18 16:50:59'),
(10,10,'customer',NULL,'Walk-In Customer',NULL,'CO0001',NULL,NULL,NULL,NULL,NULL,'',NULL,NULL,NULL,NULL,NULL,12,1,NULL,NULL,NULL,NULL,NULL,NULL,'2019-05-29 16:24:35','2019-05-29 16:24:35'),
(12,12,'customer',NULL,'Walk-In Customer',NULL,'CO0001',NULL,NULL,NULL,NULL,NULL,'',NULL,NULL,NULL,NULL,NULL,14,1,NULL,NULL,NULL,NULL,NULL,NULL,'2019-06-07 12:17:01','2019-06-07 12:17:01'),
(13,13,'customer',NULL,'Walk-In Customer',NULL,'CO0001',NULL,NULL,NULL,NULL,NULL,'',NULL,NULL,NULL,NULL,NULL,15,1,NULL,NULL,NULL,NULL,NULL,NULL,'2019-06-07 12:19:18','2019-06-07 12:19:18'),
(14,14,'customer',NULL,'Walk-In Customer',NULL,'CO0001',NULL,NULL,NULL,NULL,NULL,'',NULL,NULL,NULL,NULL,NULL,16,1,NULL,NULL,NULL,NULL,NULL,NULL,'2019-06-20 06:01:14','2019-06-20 06:01:14'),
(15,4,'supplier','SilverStore','aaaa','admin@admin.com','111','2','dgdfg','dfg','dfg','dfg','214324234','23423234234','234234234',12,'months',NULL,4,0,NULL,NULL,NULL,NULL,NULL,NULL,'2019-07-09 19:39:21','2019-07-09 19:39:21');

/*Table structure for table `currencies` */

DROP TABLE IF EXISTS `currencies`;

CREATE TABLE `currencies` (
  `id` int(10) unsigned NOT NULL AUTO_INCREMENT,
  `country` varchar(100) COLLATE utf8mb4_unicode_ci NOT NULL,
  `currency` varchar(100) COLLATE utf8mb4_unicode_ci NOT NULL,
  `code` varchar(25) COLLATE utf8mb4_unicode_ci NOT NULL,
  `symbol` varchar(25) COLLATE utf8mb4_unicode_ci NOT NULL,
  `thousand_separator` varchar(10) COLLATE utf8mb4_unicode_ci NOT NULL,
  `decimal_separator` varchar(10) COLLATE utf8mb4_unicode_ci NOT NULL,
  `created_at` timestamp NULL DEFAULT NULL,
  `updated_at` timestamp NULL DEFAULT NULL,
  PRIMARY KEY (`id`)
) ENGINE=InnoDB AUTO_INCREMENT=137 DEFAULT CHARSET=utf8mb4 COLLATE=utf8mb4_unicode_ci;

/*Data for the table `currencies` */

insert  into `currencies`(`id`,`country`,`currency`,`code`,`symbol`,`thousand_separator`,`decimal_separator`,`created_at`,`updated_at`) values 
(1,'Albania','Leke','ALL','Lek',',','.',NULL,NULL),
(2,'America','Dollars','USD','$',',','.',NULL,NULL),
(3,'Afghanistan','Afghanis','AF','؋',',','.',NULL,NULL),
(4,'Argentina','Pesos','ARS','$',',','.',NULL,NULL),
(5,'Aruba','Guilders','AWG','ƒ',',','.',NULL,NULL),
(6,'Australia','Dollars','AUD','$',',','.',NULL,NULL),
(7,'Azerbaijan','New Manats','AZ','ман',',','.',NULL,NULL),
(8,'Bahamas','Dollars','BSD','$',',','.',NULL,NULL),
(9,'Barbados','Dollars','BBD','$',',','.',NULL,NULL),
(10,'Belarus','Rubles','BYR','p.',',','.',NULL,NULL),
(11,'Belgium','Euro','EUR','€',',','.',NULL,NULL),
(12,'Beliz','Dollars','BZD','BZ$',',','.',NULL,NULL),
(13,'Bermuda','Dollars','BMD','$',',','.',NULL,NULL),
(14,'Bolivia','Bolivianos','BOB','$b',',','.',NULL,NULL),
(15,'Bosnia and Herzegovina','Convertible Marka','BAM','KM',',','.',NULL,NULL),
(16,'Botswana','Pula\'s','BWP','P',',','.',NULL,NULL),
(17,'Bulgaria','Leva','BG','лв',',','.',NULL,NULL),
(18,'Brazil','Reais','BRL','R$',',','.',NULL,NULL),
(19,'Britain [United Kingdom]','Pounds','GBP','£',',','.',NULL,NULL),
(20,'Brunei Darussalam','Dollars','BND','$',',','.',NULL,NULL),
(21,'Cambodia','Riels','KHR','៛',',','.',NULL,NULL),
(22,'Canada','Dollars','CAD','$',',','.',NULL,NULL),
(23,'Cayman Islands','Dollars','KYD','$',',','.',NULL,NULL),
(24,'Chile','Pesos','CLP','$',',','.',NULL,NULL),
(25,'China','Yuan Renminbi','CNY','¥',',','.',NULL,NULL),
(26,'Colombia','Pesos','COP','$',',','.',NULL,NULL),
(27,'Costa Rica','Colón','CRC','₡',',','.',NULL,NULL),
(28,'Croatia','Kuna','HRK','kn',',','.',NULL,NULL),
(29,'Cuba','Pesos','CUP','₱',',','.',NULL,NULL),
(30,'Cyprus','Euro','EUR','€','.',',',NULL,NULL),
(31,'Czech Republic','Koruny','CZK','Kč',',','.',NULL,NULL),
(32,'Denmark','Kroner','DKK','kr',',','.',NULL,NULL),
(33,'Dominican Republic','Pesos','DOP ','RD$',',','.',NULL,NULL),
(34,'East Caribbean','Dollars','XCD','$',',','.',NULL,NULL),
(35,'Egypt','Pounds','EGP','£',',','.',NULL,NULL),
(36,'El Salvador','Colones','SVC','$',',','.',NULL,NULL),
(37,'England [United Kingdom]','Pounds','GBP','£',',','.',NULL,NULL),
(38,'Euro','Euro','EUR','€','.',',',NULL,NULL),
(39,'Falkland Islands','Pounds','FKP','£',',','.',NULL,NULL),
(40,'Fiji','Dollars','FJD','$',',','.',NULL,NULL),
(41,'France','Euro','EUR','€','.',',',NULL,NULL),
(42,'Ghana','Cedis','GHC','¢',',','.',NULL,NULL),
(43,'Gibraltar','Pounds','GIP','£',',','.',NULL,NULL),
(44,'Greece','Euro','EUR','€','.',',',NULL,NULL),
(45,'Guatemala','Quetzales','GTQ','Q',',','.',NULL,NULL),
(46,'Guernsey','Pounds','GGP','£',',','.',NULL,NULL),
(47,'Guyana','Dollars','GYD','$',',','.',NULL,NULL),
(48,'Holland [Netherlands]','Euro','EUR','€','.',',',NULL,NULL),
(49,'Honduras','Lempiras','HNL','L',',','.',NULL,NULL),
(50,'Hong Kong','Dollars','HKD','$',',','.',NULL,NULL),
(51,'Hungary','Forint','HUF','Ft',',','.',NULL,NULL),
(52,'Iceland','Kronur','ISK','kr',',','.',NULL,NULL),
(53,'India','Rupees','INR','₹',',','.',NULL,NULL),
(54,'Indonesia','Rupiahs','IDR','Rp',',','.',NULL,NULL),
(55,'Iran','Rials','IRR','﷼',',','.',NULL,NULL),
(56,'Ireland','Euro','EUR','€','.',',',NULL,NULL),
(57,'Isle of Man','Pounds','IMP','£',',','.',NULL,NULL),
(58,'Israel','New Shekels','ILS','₪',',','.',NULL,NULL),
(59,'Italy','Euro','EUR','€','.',',',NULL,NULL),
(60,'Jamaica','Dollars','JMD','J$',',','.',NULL,NULL),
(61,'Japan','Yen','JPY','¥',',','.',NULL,NULL),
(62,'Jersey','Pounds','JEP','£',',','.',NULL,NULL),
(63,'Kazakhstan','Tenge','KZT','лв',',','.',NULL,NULL),
(64,'Korea [North]','Won','KPW','₩',',','.',NULL,NULL),
(65,'Korea [South]','Won','KRW','₩',',','.',NULL,NULL),
(66,'Kyrgyzstan','Soms','KGS','лв',',','.',NULL,NULL),
(67,'Laos','Kips','LAK','₭',',','.',NULL,NULL),
(68,'Latvia','Lati','LVL','Ls',',','.',NULL,NULL),
(69,'Lebanon','Pounds','LBP','£',',','.',NULL,NULL),
(70,'Liberia','Dollars','LRD','$',',','.',NULL,NULL),
(71,'Liechtenstein','Switzerland Francs','CHF','CHF',',','.',NULL,NULL),
(72,'Lithuania','Litai','LTL','Lt',',','.',NULL,NULL),
(73,'Luxembourg','Euro','EUR','€','.',',',NULL,NULL),
(74,'Macedonia','Denars','MKD','ден',',','.',NULL,NULL),
(75,'Malaysia','Ringgits','MYR','RM',',','.',NULL,NULL),
(76,'Malta','Euro','EUR','€','.',',',NULL,NULL),
(77,'Mauritius','Rupees','MUR','₨',',','.',NULL,NULL),
(78,'Mexico','Pesos','MX','$',',','.',NULL,NULL),
(79,'Mongolia','Tugriks','MNT','₮',',','.',NULL,NULL),
(80,'Mozambique','Meticais','MZ','MT',',','.',NULL,NULL),
(81,'Namibia','Dollars','NAD','$',',','.',NULL,NULL),
(82,'Nepal','Rupees','NPR','₨',',','.',NULL,NULL),
(83,'Netherlands Antilles','Guilders','ANG','ƒ',',','.',NULL,NULL),
(84,'Netherlands','Euro','EUR','€','.',',',NULL,NULL),
(85,'New Zealand','Dollars','NZD','$',',','.',NULL,NULL),
(86,'Nicaragua','Cordobas','NIO','C$',',','.',NULL,NULL),
(87,'Nigeria','Nairas','NG','₦',',','.',NULL,NULL),
(88,'North Korea','Won','KPW','₩',',','.',NULL,NULL),
(89,'Norway','Krone','NOK','kr',',','.',NULL,NULL),
(90,'Oman','Rials','OMR','﷼',',','.',NULL,NULL),
(91,'Pakistan','Rupees','PKR','₨',',','.',NULL,NULL),
(92,'Panama','Balboa','PAB','B/.',',','.',NULL,NULL),
(93,'Paraguay','Guarani','PYG','Gs',',','.',NULL,NULL),
(94,'Peru','Nuevos Soles','PE','S/.',',','.',NULL,NULL),
(95,'Philippines','Pesos','PHP','Php',',','.',NULL,NULL),
(96,'Poland','Zlotych','PL','zł',',','.',NULL,NULL),
(97,'Qatar','Rials','QAR','﷼',',','.',NULL,NULL),
(98,'Romania','New Lei','RO','lei',',','.',NULL,NULL),
(99,'Russia','Rubles','RUB','руб',',','.',NULL,NULL),
(100,'Saint Helena','Pounds','SHP','£',',','.',NULL,NULL),
(101,'Saudi Arabia','Riyals','SAR','﷼',',','.',NULL,NULL),
(102,'Serbia','Dinars','RSD','Дин.',',','.',NULL,NULL),
(103,'Seychelles','Rupees','SCR','₨',',','.',NULL,NULL),
(104,'Singapore','Dollars','SGD','$',',','.',NULL,NULL),
(105,'Slovenia','Euro','EUR','€','.',',',NULL,NULL),
(106,'Solomon Islands','Dollars','SBD','$',',','.',NULL,NULL),
(107,'Somalia','Shillings','SOS','S',',','.',NULL,NULL),
(108,'South Africa','Rand','ZAR','R',',','.',NULL,NULL),
(109,'South Korea','Won','KRW','₩',',','.',NULL,NULL),
(110,'Spain','Euro','EUR','€','.',',',NULL,NULL),
(111,'Sri Lanka','Rupees','LKR','₨',',','.',NULL,NULL),
(112,'Sweden','Kronor','SEK','kr',',','.',NULL,NULL),
(113,'Switzerland','Francs','CHF','CHF',',','.',NULL,NULL),
(114,'Suriname','Dollars','SRD','$',',','.',NULL,NULL),
(115,'Syria','Pounds','SYP','£',',','.',NULL,NULL),
(116,'Taiwan','New Dollars','TWD','NT$',',','.',NULL,NULL),
(117,'Thailand','Baht','THB','฿',',','.',NULL,NULL),
(118,'Trinidad and Tobago','Dollars','TTD','TT$',',','.',NULL,NULL),
(119,'Turkey','Lira','TRY','TL',',','.',NULL,NULL),
(120,'Turkey','Liras','TRL','£',',','.',NULL,NULL),
(121,'Tuvalu','Dollars','TVD','$',',','.',NULL,NULL),
(122,'Ukraine','Hryvnia','UAH','₴',',','.',NULL,NULL),
(123,'United Kingdom','Pounds','GBP','£',',','.',NULL,NULL),
(124,'United States of America','Dollars','USD','$',',','.',NULL,NULL),
(125,'Uruguay','Pesos','UYU','$U',',','.',NULL,NULL),
(126,'Uzbekistan','Sums','UZS','лв',',','.',NULL,NULL),
(127,'Vatican City','Euro','EUR','€','.',',',NULL,NULL),
(128,'Venezuela','Bolivares Fuertes','VEF','Bs',',','.',NULL,NULL),
(129,'Vietnam','Dong','VND','₫',',','.',NULL,NULL),
(130,'Yemen','Rials','YER','﷼',',','.',NULL,NULL),
(131,'Zimbabwe','Zimbabwe Dollars','ZWD','Z$',',','.',NULL,NULL),
(132,'Iraq','Iraqi dinar','IQD','د.ع',',','.',NULL,NULL),
(133,'Kenya','Kenyan shilling','KES','KSh',',','.',NULL,NULL),
(134,'Bangladesh','Taka','BDT','৳',',','.',NULL,NULL),
(135,'Algerie','Algerian dinar','DZD','د.ج',' ','.',NULL,NULL),
(136,'United Arab Emirates','United Arab Emirates dirham','AED','د.إ',',','.',NULL,NULL);

/*Table structure for table `customer` */

DROP TABLE IF EXISTS `customer`;

CREATE TABLE `customer` (
  `id` int(11) NOT NULL AUTO_INCREMENT,
  `name` varchar(20) NOT NULL,
  `phone` varchar(20) NOT NULL,
  `email` varchar(40) NOT NULL,
  `password` varchar(20) NOT NULL,
  PRIMARY KEY (`id`)
) ENGINE=MyISAM AUTO_INCREMENT=6 DEFAULT CHARSET=latin1;

/*Data for the table `customer` */

insert  into `customer`(`id`,`name`,`phone`,`email`,`password`) values 
(1,'Tushar','7363807606','test@gmail.com','123'),
(4,'asas','123','x@gmail.com','123'),
(3,'xdgtdh','1212121','tests@gmail.com','123'),
(5,'azhar','7797409330','azharislam21@gmail.com','123');

/*Table structure for table `customer_groups` */

DROP TABLE IF EXISTS `customer_groups`;

CREATE TABLE `customer_groups` (
  `id` int(10) unsigned NOT NULL AUTO_INCREMENT,
  `business_id` int(10) unsigned NOT NULL,
  `name` varchar(191) COLLATE utf8mb4_unicode_ci NOT NULL,
  `amount` double(5,2) NOT NULL,
  `created_by` int(10) unsigned NOT NULL,
  `created_at` timestamp NULL DEFAULT NULL,
  `updated_at` timestamp NULL DEFAULT NULL,
  PRIMARY KEY (`id`),
  KEY `customer_groups_business_id_foreign` (`business_id`),
  CONSTRAINT `customer_groups_business_id_foreign` FOREIGN KEY (`business_id`) REFERENCES `business` (`id`) ON DELETE CASCADE
) ENGINE=InnoDB DEFAULT CHARSET=utf8mb4 COLLATE=utf8mb4_unicode_ci;

/*Data for the table `customer_groups` */

/*Table structure for table `deliveries` */

DROP TABLE IF EXISTS `deliveries`;

CREATE TABLE `deliveries` (
  `id` int(11) NOT NULL AUTO_INCREMENT,
  `business_id` int(11) DEFAULT NULL,
  `business_loc_id` int(11) DEFAULT NULL,
  `areas` text COMMENT 'delivery areas',
  `is_all` int(11) DEFAULT '0' COMMENT '0 : not all delivery, 1 : all delivery',
  `product_ids` text COMMENT 'delivery product ids : "1,2,.."',
  `charge` decimal(20,2) DEFAULT NULL COMMENT 'delivery charge amount',
  `tax_type` enum('inclusive','exclusive') DEFAULT 'inclusive' COMMENT 'delivery tax type',
  `tax` int(11) DEFAULT NULL COMMENT 'tax ids',
  `is_minimum` int(11) DEFAULT '0' COMMENT 'enable/disable minimum order price for free delivery',
  `minimum` decimal(20,2) DEFAULT '0.00' COMMENT 'minimum order price for free',
  `email` varchar(100) DEFAULT NULL COMMENT 'email for delivery',
  `updated_at` datetime DEFAULT NULL,
  `created_at` datetime DEFAULT NULL,
  `enabled` int(11) DEFAULT '0' COMMENT '0: disable, 1: enable',
  PRIMARY KEY (`id`)
) ENGINE=InnoDB AUTO_INCREMENT=23 DEFAULT CHARSET=utf8;

/*Data for the table `deliveries` */

insert  into `deliveries`(`id`,`business_id`,`business_loc_id`,`areas`,`is_all`,`product_ids`,`charge`,`tax_type`,`tax`,`is_minimum`,`minimum`,`email`,`updated_at`,`created_at`,`enabled`) values 
(17,4,4,'[\"aaa\"]',1,'[32,13,30,17]',100.00,'inclusive',1,1,200.00,'aaa@gmail.com','2019-06-25 15:12:13','2019-06-04 11:59:14',1),
(18,4,10,'[\"location 1\",\"location 2\",\"location 3\"]',1,'[15,10,27,7,9]',100.00,'inclusive',1,0,0.00,'bbb@gmail.com','2019-06-25 23:34:54','2019-06-04 12:05:31',1),
(19,NULL,1,'[]',0,'[]',0.00,'inclusive',0,0,0.00,'','2019-06-04 13:22:07','2019-06-04 13:22:07',0),
(20,NULL,15,'[]',0,'[]',0.00,'inclusive',0,0,0.00,'','2019-06-07 14:18:09','2019-06-07 14:18:09',0),
(21,14,17,'[]',0,'[]',0.00,'inclusive',0,0,0.00,'','2019-06-20 06:05:40','2019-06-20 06:05:40',0),
(22,7,8,'[]',0,'[]',0.00,'inclusive',0,0,0.00,NULL,'2019-06-24 08:31:26','2019-06-24 08:26:34',1);

/*Table structure for table `delivery_in_carts` */

DROP TABLE IF EXISTS `delivery_in_carts`;

CREATE TABLE `delivery_in_carts` (
  `id` int(11) NOT NULL AUTO_INCREMENT,
  `product_name` varchar(100) DEFAULT NULL,
  `location_id` int(11) DEFAULT NULL,
  `product_quantity` int(11) DEFAULT NULL,
  `uid` varchar(50) DEFAULT NULL,
  `selling_group` varchar(100) DEFAULT 'Default Selling Price',
  `state` int(11) DEFAULT '0' COMMENT '0: new order, 1 : complete, 2: uncomplete, 3: pending order',
  `deleted_at` timestamp NOT NULL DEFAULT CURRENT_TIMESTAMP ON UPDATE CURRENT_TIMESTAMP,
  `created_at` timestamp NOT NULL DEFAULT CURRENT_TIMESTAMP,
  `updated_at` timestamp NOT NULL DEFAULT CURRENT_TIMESTAMP,
  `user_name` varchar(100) DEFAULT NULL,
  `user_phone` varchar(100) DEFAULT NULL,
  `user_email` varchar(100) DEFAULT NULL,
  `order_area` varchar(100) DEFAULT NULL,
  `order_area_address` varchar(200) DEFAULT NULL,
  `sub_total` decimal(20,4) DEFAULT '0.0000',
  `tax` decimal(20,4) DEFAULT '0.0000' COMMENT 'for one product',
  `discount` decimal(20,4) DEFAULT '0.0000' COMMENT 'for one product',
  `delivery_tax` decimal(20,4) DEFAULT '0.0000',
  `delivery_price` decimal(20,4) DEFAULT '0.0000',
  `unit_price` decimal(20,4) DEFAULT '0.0000' COMMENT 'for one product',
  `unit_price_inc_tax` decimal(20,4) DEFAULT '0.0000' COMMENT 'for one product',
  `points` int(11) DEFAULT '0',
  `payment_method` varchar(100) DEFAULT 'Cash',
  `business_id` int(11) DEFAULT NULL,
  `product_id` int(11) DEFAULT NULL,
  `variation_id` int(11) DEFAULT NULL,
  `tax_id` int(11) DEFAULT NULL,
  `paid` tinyint(1) DEFAULT '0' COMMENT 'true: paid, false: not paid',
  PRIMARY KEY (`id`)
) ENGINE=InnoDB AUTO_INCREMENT=118 DEFAULT CHARSET=utf8;

/*Data for the table `delivery_in_carts` */

insert  into `delivery_in_carts`(`id`,`product_name`,`location_id`,`product_quantity`,`uid`,`selling_group`,`state`,`deleted_at`,`created_at`,`updated_at`,`user_name`,`user_phone`,`user_email`,`order_area`,`order_area_address`,`sub_total`,`tax`,`discount`,`delivery_tax`,`delivery_price`,`unit_price`,`unit_price_inc_tax`,`points`,`payment_method`,`business_id`,`product_id`,`variation_id`,`tax_id`,`paid`) values 
(1,'aaaa 1234',4,1,'10','Default Selling Price',2,'2019-06-21 19:07:00','2019-06-19 09:14:13','2019-06-20 13:26:08','aa','aa','developer1@madalalameyah.com','aa','aa',100.0000,10.0000,20.0000,5.0000,50.0000,130.0000,150.0000,0,'Cash',NULL,NULL,NULL,NULL,0),
(2,'aaaa 1234',4,1,'10','Default Selling Price',2,'2019-06-21 19:07:02','2019-06-19 20:46:07','2019-06-20 13:26:08','aa','aa','aa','aa','aa',1000.0000,100.0000,200.0000,50.0000,500.0000,130.0000,200.0000,0,'Cash',NULL,NULL,NULL,NULL,0),
(5,'aa',4,4,'11',NULL,1,'2019-07-15 10:42:11','2019-06-21 19:53:46','2019-07-09 04:30:41','postman','1912379323','admin@gmail.com','abc','aa bb cc',120.0000,10.0000,20.0000,5.0000,50.0000,20.0000,30.0000,0,'Cash',NULL,NULL,2,NULL,0),
(6,'bb',4,4,'11',NULL,1,'2019-07-15 10:42:11','2019-06-21 19:53:46','2019-07-09 04:30:41','postman1','1912379323','admin@gmail.com','abc1','1aa bb cc',120.0000,10.0000,20.0000,5.0000,50.0000,20.0000,30.0000,0,'Cash',NULL,1,2,NULL,0),
(7,'aa',4,4,'12','Default Selling Price',1,'2019-07-15 10:42:11','2019-06-21 19:54:20','2019-07-09 04:10:55','postman','1912379323','admin@gmail.com','abc','aa bb cc',120.0000,10.0000,20.0000,5.0000,50.0000,20.0000,30.0000,0,'Cash',NULL,1,2,NULL,0),
(8,'bb',4,4,'12','Default Selling Price',1,'2019-07-15 10:42:11','2019-06-21 19:54:20','2019-07-09 04:10:55','postman1','1912379323','admin@gmail.com','abc1','1aa bb cc',120.0000,10.0000,20.0000,5.0000,50.0000,20.0000,30.0000,0,'Cash',4,1,2,NULL,0),
(9,'aa',4,4,'13','Default Selling Price',1,'2019-07-15 10:42:12','2019-06-22 18:24:01','2019-07-09 04:10:20','postman','1912379323','admin@gmail.com','abc','aa bb cc',120.0000,10.0000,20.0000,5.0000,50.0000,20.0000,30.0000,0,'Cash',4,1,2,NULL,0),
(10,'bb',4,4,'13','Default Selling Price',1,'2019-07-15 10:42:12','2019-06-22 18:24:01','2019-07-09 04:10:20','postman1','1912379323','admin@gmail.com','abc1','1aa bb cc',120.0000,10.0000,20.0000,5.0000,50.0000,20.0000,30.0000,0,'Cash',4,1,2,NULL,0),
(11,'aa',4,4,'14','Default Selling Price',1,'2019-07-15 10:42:13','2019-06-22 18:25:24','2019-06-26 07:40:19','postman','1912379323','admin@gmail.com','abc','aa bb cc',120.0000,10.0000,20.0000,5.0000,50.0000,20.0000,30.0000,0,'Cash',4,1,2,NULL,0),
(12,'bb',4,4,'14','Default Selling Price',1,'2019-07-15 10:42:13','2019-06-22 18:25:24','2019-06-26 07:40:19','postman1','1912379323','admin@gmail.com','abc1','1aa bb cc',120.0000,10.0000,20.0000,5.0000,50.0000,20.0000,30.0000,0,'Cash',4,1,2,NULL,0),
(13,'Milk',4,3,'15','Default Selling Price',1,'2019-07-15 10:42:13','2019-06-24 15:40:25','2019-06-25 19:44:31','Diana','1912892019','aaa@gmail.com','aaa','Area city',359.1300,17.3900,11.3700,0.0000,0.0000,113.6800,119.7100,0,'Cash',4,1,2,NULL,0),
(14,'Dayfresh',4,3,'15','Default Selling Price',1,'2019-07-15 10:42:14','2019-06-24 15:40:25','2019-06-25 19:44:31','Diana','1912892019','aaa@gmail.com','aaa','Area city',108.0000,5.2300,3.4200,0.0000,0.0000,34.1900,36.0000,0,'Cash',4,1,2,NULL,0),
(15,'aaaaaaaaa',4,3,'15','Default Selling Price',1,'2019-07-15 12:35:35','2019-06-24 15:40:25','2019-06-25 19:44:31','Diana','1912892019','aaa@gmail.com','aaa','Area city',197.4300,9.5600,6.2500,0.0000,0.0000,62.5000,65.8100,0,'Cash',4,30,30,1,0),
(32,'aa',4,4,'2','Default Selling Price',3,'2019-08-12 16:34:47','2019-06-24 17:41:06','2019-08-12 13:34:47','postman','1912379323','admin@gmail.com','abc','aa bb cc',120.0000,10.0000,20.0000,5.0000,50.0000,20.0000,30.0000,0,'Card',4,30,30,1,0),
(33,'bb',4,4,'2','Default Selling Price',3,'2019-08-12 16:34:47','2019-06-24 17:41:06','2019-08-12 13:34:47','postman1','1912379323','admin@gmail.com','abc1','1aa bb cc',120.0000,10.0000,20.0000,5.0000,50.0000,20.0000,30.0000,0,'Cash',4,30,30,1,0),
(34,'Milk',4,3,'3','Default Selling Price',1,'2019-07-15 12:37:57','2019-06-24 17:59:54','2019-07-15 09:35:50','dgdsfg','334373437','sdfgdsfgsd@gmail.com','aaa','fsfsdf',341.0400,17.3900,11.3700,17.0000,83.0000,113.6800,119.7100,0,'Cash',4,30,30,1,0),
(35,'Dayfresh',4,3,'3','Default Selling Price',1,'2019-07-15 12:37:57','2019-06-24 17:59:54','2019-07-15 09:35:50','dgdsfg','334373437','sdfgdsfgsd@gmail.com','aaa','fsfsdf',102.5700,5.2300,3.4200,17.0000,83.0000,34.1900,36.0000,0,'Cash',4,30,30,1,0),
(36,'aaaaaaaaa',4,3,'3','Default Selling Price',1,'2019-07-15 12:38:04','2019-06-24 17:59:54','2019-07-15 09:35:50','dgdsfg','334373437','sdfgdsfgsd@gmail.com','aaa','fsfsdf',187.5000,9.5600,6.2500,17.0000,83.0000,62.5000,65.8100,0,'Cash',4,30,30,1,0),
(37,'Milk',4,3,'4','Default Selling Price',1,'2019-07-15 12:35:33','2019-06-24 18:13:05','2019-06-24 18:13:05','sadfasf','273372332','sdfsadf','aaa','asdf',341.0400,17.3900,11.3700,17.0000,83.0000,113.6800,119.7100,0,'Cash',4,30,30,1,0),
(38,'Dayfresh',4,3,'4','Default Selling Price',1,'2019-07-15 10:42:16','2019-06-24 18:13:05','2019-06-24 18:13:05','sadfasf','273372332','sdfsadf','aaa','asdf',102.5700,5.2300,3.4200,17.0000,83.0000,34.1900,36.0000,0,'Cash',4,1,2,NULL,0),
(39,'aaaaaaaaa',4,3,'4','Default Selling Price',1,'2019-07-15 10:42:16','2019-06-24 18:13:05','2019-06-24 18:13:05','sadfasf','273372332','sdfsadf','aaa','asdf',187.5000,9.5600,6.2500,17.0000,83.0000,62.5000,65.8100,0,'Cash',4,1,2,NULL,0),
(40,'Milk',4,3,'5','Default Selling Price',3,'2019-08-03 02:53:55','2019-06-24 18:22:39','2019-08-02 23:53:55','wrwr','273733733','asdfsafd','aaa','sfasf',341.0400,17.3900,11.3700,17.0000,83.0000,113.6800,119.7100,0,'Cash',4,1,2,NULL,0),
(41,'Dayfresh',4,3,'5','Default Selling Price',3,'2019-08-20 21:18:09','2019-06-24 18:22:39','2019-08-02 23:53:55','wrwr','273733733','asdfsafd','aaa','sfasf',102.5700,5.2300,3.4200,17.0000,83.0000,34.1900,36.0000,0,'Card',4,1,2,NULL,0),
(42,'aaaaaaaaa',4,3,'5','Default Selling Price',0,'2019-08-20 21:18:10','2019-06-24 18:22:39','2019-08-02 23:53:55','wrwr','273733733','asdfsafd','aaa','sfasf',187.5000,9.5600,6.2500,17.0000,83.0000,62.5000,65.8100,0,'Card',4,1,2,NULL,0),
(43,'Sprite',4,1,'6','Default Selling Price',0,'2019-08-20 21:18:10','2019-06-24 22:14:38','2019-06-24 22:14:38','wrw','937937937937','werwerwer','aaa','werewrwer',90.0000,13.7700,9.0000,17.0000,83.0000,90.0000,94.7700,0,'Card',4,1,2,NULL,0),
(44,'fix',4,2,'6','Default Selling Price',0,'2019-08-20 21:18:11','2019-06-24 22:14:38','2019-06-24 22:14:38','wrw','937937937937','werwerwer','aaa','werewrwer',153.8400,11.7700,7.6900,17.0000,83.0000,76.9200,81.0000,0,'Card',4,1,2,NULL,0),
(45,'nesvita',4,1,'6','Default Selling Price',0,'2019-08-20 21:18:11','2019-06-24 22:14:38','2019-06-24 22:14:38','wrw','937937937937','werwerwer','aaa','werewrwer',34.1900,5.2300,3.4200,17.0000,83.0000,34.1900,36.0000,0,'Card',4,1,2,NULL,0),
(46,'Slice',4,1,'7','Default Selling Price',0,'2019-08-20 21:18:12','2019-06-25 03:37:22','2019-06-25 03:37:22','sdfsdf','373733','asdfsdf','aaa','sadfsdf',100.0000,15.3000,10.0000,17.0000,0.0000,100.0000,105.3000,0,'Card',4,1,2,NULL,0),
(47,'fix',4,3,'7','Default Selling Price',0,'2019-08-20 21:18:12','2019-06-25 03:37:22','2019-06-25 03:37:22','sdfsdf','373733','asdfsdf','aaa','sadfsdf',230.7600,11.7700,7.6900,17.0000,0.0000,76.9200,81.0000,0,'Card',4,1,2,NULL,0),
(48,'nesvita',4,1,'7','Default Selling Price',0,'2019-08-20 21:18:13','2019-06-25 03:37:22','2019-06-25 03:37:22','sdfsdf','373733','asdfsdf','aaa','sadfsdf',34.1900,5.2300,3.4200,17.0000,0.0000,34.1900,36.0000,0,'Card',4,1,2,NULL,0),
(49,'Lubriderm',4,1,'7','Default Selling Price',0,'2019-08-20 21:18:13','2019-06-25 03:37:22','2019-06-25 03:37:22','sdfsdf','373733','asdfsdf','aaa','sadfsdf',100.0000,15.3000,10.0000,17.0000,0.0000,100.0000,105.3000,0,'Card',4,1,2,NULL,0),
(50,'Dayfresh',4,1,'7','Default Selling Price',0,'2019-08-20 21:18:14','2019-06-25 03:37:22','2019-06-25 03:37:22','sdfsdf','373733','asdfsdf@gmail.com','aaa','sadfsdf',100.0000,15.3000,10.0000,17.0000,0.0000,100.0000,105.3000,0,'Card',4,1,2,NULL,0),
(51,'aaaaaaaaa',4,1,'7','Default Selling Price',0,'2019-08-20 21:18:14','2019-06-25 03:37:22','2019-06-25 03:37:22','sdfsdf','373733','asdfsdf','aaa','sadfsdf',200.0000,30.6000,20.0000,17.0000,0.0000,200.0000,210.6000,0,'Card',4,1,2,1,0),
(52,'Slice',4,1,'8','Group1',0,'2019-08-20 21:18:15','2019-06-25 03:53:45','2019-07-15 09:32:19','sfdasf','27332733','asdfasdf','aaa','asdfsdf',100.0000,15.3000,10.0000,17.0000,83.0000,100.0000,105.3000,0,'Card',4,30,30,1,0),
(53,'Sprite',4,1,'8','Group1',0,'2019-08-20 21:18:15','2019-06-25 03:53:45','2019-07-15 09:32:19','sfdasf','27332733','asdfasdf','aaa','asdfsdf',30.0000,4.5900,3.0000,17.0000,83.0000,30.0000,31.5900,0,'Card',4,30,30,1,0),
(54,'Jam',4,1,'8','Group1',0,'2019-08-20 21:18:16','2019-06-25 03:53:45','2019-07-15 09:32:19','sfdasf','27332733','asdfasdf','aaa','asdfsdf',101.0000,15.4500,10.1000,17.0000,83.0000,101.0000,106.3500,0,'Card',4,30,30,1,0),
(55,'aaaaaaaaa',4,1,'8','Group1',0,'2019-08-20 21:18:17','2019-06-25 03:53:45','2019-07-15 09:32:19','sfdasf','27332733','asdfasdf','aaa','asdfsdf',200.0000,30.6000,20.0000,17.0000,83.0000,200.0000,210.6000,0,'Card',4,30,30,1,0),
(56,'Slice',4,1,'9','Group1',0,'2019-08-20 21:18:17','2019-06-25 03:54:24','2019-06-25 03:54:24','wer','93793','wer','aaa','werwer',100.0000,15.3000,10.0000,17.0000,83.0000,100.0000,105.3000,0,'Card',4,30,30,1,0),
(57,'Sprite',4,1,'9','Group1',0,'2019-08-20 21:18:17','2019-06-25 03:54:24','2019-06-25 03:54:24','wer','93793','wer','aaa','werwer',30.0000,4.5900,3.0000,17.0000,83.0000,30.0000,31.5900,0,'Card',4,30,30,1,0),
(58,'Chilli Garlic',4,1,'9','Group1',0,'2019-08-20 21:18:18','2019-06-25 03:54:24','2019-06-25 03:54:24','wer','93793','wer','aaa','werwer',20.0000,3.0600,2.0000,17.0000,83.0000,20.0000,21.0600,0,'Card',4,30,30,1,0),
(59,'Slice',4,1,'10','Group1',0,'2019-08-20 21:18:18','2019-06-25 03:55:01','2019-06-25 03:55:01','erwer','937937','wer','aaa','werwer',100.0000,15.3000,10.0000,17.0000,83.0000,100.0000,105.3000,0,'Card',4,1,2,NULL,0),
(60,'Sprite',4,1,'10','Group1',0,'2019-08-20 21:18:18','2019-06-25 03:55:01','2019-06-25 03:55:01','erwer','937937','wer','aaa','werwer',30.0000,4.5900,3.0000,17.0000,83.0000,30.0000,31.5900,0,'Card',4,1,2,NULL,0),
(61,'Chilli Garlic',4,1,'10','Group1',0,'2019-08-20 21:18:19','2019-06-25 03:55:01','2019-06-25 03:55:01','erwer','937937','wer','aaa','werwer',20.0000,3.0600,2.0000,17.0000,83.0000,20.0000,21.0600,0,'Card',4,1,2,NULL,0),
(62,'aaaaaaaaa',4,1,'10','Group1',0,'2019-08-20 21:18:20','2019-06-25 03:55:01','2019-06-25 03:55:01','erwer','937937','wer','aaa','werwer',200.0000,30.6000,20.0000,17.0000,83.0000,200.0000,210.6000,0,'Card',4,1,2,NULL,0),
(63,'Slice',4,1,'11','Group1',0,'2019-08-20 21:18:20','2019-06-25 11:16:35','2019-07-09 04:30:41','TestingMan','1913922931','admin@gmail.com','aaa','reacity',100.0000,15.3000,10.0000,17.0000,83.0000,100.0000,105.3000,0,'Card',4,1,2,NULL,0),
(64,'Sprite',4,1,'11','Group1',0,'2019-08-20 21:18:20','2019-06-25 11:16:35','2019-07-09 04:30:41','TestingMan','1913922931','admin@gmail.com','aaa','Areacity',30.0000,4.5900,3.0000,17.0000,83.0000,30.0000,31.5900,0,'Card',4,1,2,NULL,0),
(65,'fix',4,1,'11','Gr',0,'2019-08-20 21:18:20','2019-06-25 11:16:35','2019-07-09 04:30:41','TestingMan','1913922931','admin@gmail.com','aaa','reacity',76.9200,11.7700,7.6900,17.0000,83.0000,76.9200,81.0000,0,'Card',4,1,2,NULL,0),
(66,'Slice',4,1,'12','Group1',0,'2019-08-20 21:18:21','2019-06-25 11:16:58','2019-07-09 04:10:55','TestingMan','1913922931','admin@gmail.com','aaa','reacity',100.0000,15.3000,10.0000,17.0000,83.0000,100.0000,105.3000,0,'Card',4,1,2,NULL,0),
(67,'Sprite',4,1,'12','Group1',0,'2019-08-20 21:18:21','2019-06-25 11:16:58','2019-07-09 04:10:55','TestingMan','1913922931','admin@gmail.com','aaa','Areacity',30.0000,4.5900,3.0000,17.0000,83.0000,30.0000,31.5900,0,'Card',4,1,2,NULL,0),
(68,'fix',4,1,'12',NULL,0,'2019-08-20 21:18:21','2019-06-25 11:16:58','2019-07-09 04:10:55','TestingMan','1913922931','admin@gmail.com','aaa','reacity',76.9200,11.7700,7.6900,17.0000,83.0000,76.9200,81.0000,0,'Card',4,1,2,1,0),
(69,'Slice',4,2,'13','Group1',0,'2019-08-20 21:18:21','2019-06-25 11:21:24','2019-07-09 04:10:20','admin admin','1919209283','admin@gmail.com','aaa','ordder area city',200.0000,15.3000,10.0000,0.0000,0.0000,100.0000,105.3000,0,'Card',4,1,2,1,0),
(70,'Sprite',4,1,'13','Group1',0,'2019-08-20 21:18:22','2019-06-25 11:21:24','2019-07-09 04:10:20','admin admin','1919209283','admin@gmail.com','aaa','ordder area city',30.0000,4.5900,3.0000,0.0000,0.0000,30.0000,31.5900,0,'Card',4,1,2,1,0),
(71,'fix',4,1,'13','Default Selling Price',0,'2019-08-20 21:18:22','2019-06-25 11:21:24','2019-07-09 04:10:20','admin admin','1919209283','admin@gmail.com','aaa','ordder area city',76.9200,11.7700,7.6900,0.0000,0.0000,76.9200,81.0000,0,'Card',4,1,2,1,0),
(72,'biofad',4,1,'13','Default Selling Price',0,'2019-08-20 21:18:22','2019-06-25 11:21:24','2019-07-09 04:10:20','admin admin','1919209283','admin@gmail.com','aaa','ordder area city',220.0000,33.6600,22.0000,0.0000,0.0000,220.0000,231.6600,0,'Card',4,1,2,1,0),
(73,'Slice',4,2,'14','Group1',0,'2019-08-20 21:18:23','2019-06-25 11:33:57','2019-06-26 07:40:19','ashffsad','324353542','werdsfsdf','aaa','asdfsafd',200.0000,15.3000,10.0000,0.0000,0.0000,100.0000,105.3000,0,'Card',4,1,2,1,0),
(74,'Sprite',4,2,'14','Group1',0,'2019-08-20 21:18:23','2019-06-25 11:33:57','2019-06-26 07:40:19','ashffsad','324353542','werdsfsdf','aaa','asdfsafd',60.0000,4.5900,3.0000,0.0000,0.0000,30.0000,31.5900,0,'Card',4,1,30,1,0),
(75,'fix',4,1,'14','Default Selling Price',1,'2019-08-20 21:18:23','2019-06-25 11:33:57','2019-06-26 07:40:19','ashffsad','324353542','werdsfsdf','aaa','asdfsafd',76.9200,11.7700,7.6900,0.0000,0.0000,76.9200,81.0000,0,'Card',4,30,30,1,0),
(76,'fix',4,1,'14','Default Selling Price',0,'2019-08-20 21:18:23','2019-06-25 11:33:57','2019-06-26 07:40:19','ashffsad','324353542','werdsfsdf','aaa','asdfsafd',360.0000,55.0800,36.0000,0.0000,0.0000,360.0000,379.0800,0,'Card',4,30,30,1,0),
(77,'Slice',4,2,'15','Group1',0,'2019-08-20 21:18:24','2019-06-25 22:43:29','2019-06-25 19:44:31','fsafd','34234234234','swsdfsdf','aaa','sdfsdfsdf',200.0000,15.3000,10.0000,0.0000,0.0000,100.0000,105.3000,0,'Card',4,30,30,1,0),
(78,'Sprite',4,2,'15','Group1',0,'2019-08-20 21:18:24','2019-06-25 22:43:29','2019-06-25 19:44:31','fsafd','34234234234','swsdfsdf','aaa','sdfsdfsdf',60.0000,4.5900,3.0000,0.0000,0.0000,30.0000,31.5900,0,'Card',4,30,30,1,0),
(79,'fix',4,2,'15','Default Selling Price',0,'2019-08-20 21:18:24','2019-06-25 22:43:29','2019-06-25 19:44:31','fsafd','34234234234','swsdfsdf','aaa','sdfsdfsdf',153.8400,11.7700,7.6900,0.0000,0.0000,76.9200,81.0000,0,'Card',4,30,30,1,0),
(80,'nesvita',4,1,'15','Default Selling Price',0,'2019-08-20 21:18:24','2019-06-25 22:43:29','2019-06-25 19:44:31','fsafd','34234234234','swsdfsdf','aaa','sdfsdfsdf',34.1900,5.2300,3.4200,0.0000,0.0000,34.1900,36.0000,0,'Card',4,30,30,1,0),
(81,'Slice',4,1,'16','Default Selling Price',0,'2019-08-20 21:18:25','2019-06-26 10:07:16','2019-06-26 07:40:39','sdf','324234234','sfdssdfdsf','aaa','sfsdfsdfsdf',29.9100,4.5800,2.9900,17.0000,83.0000,29.9100,31.5000,0,'Card',4,30,30,1,0),
(82,'Sprite',4,1,'16','Group1',0,'2019-08-20 21:18:25','2019-06-26 10:07:16','2019-06-26 07:40:39','sdf','324234234','sfdssdfdsf','aaa','sfsdfsdfsdf',30.0000,4.5900,3.0000,17.0000,83.0000,30.0000,31.5900,0,'Card',4,30,30,1,0),
(83,'fix',4,1,'16','Default Selling Price',0,'2019-08-20 21:18:29','2019-06-26 10:07:16','2019-06-26 07:40:39','sdf','324234234','sfdssdfdsf','aaa','sfsdfsdfsdf',76.9200,11.7700,7.6900,17.0000,83.0000,76.9200,81.0000,0,'Card',4,30,30,1,0),
(84,'Slice',4,5,'17','Group1',0,'2019-08-20 21:18:26','2019-06-26 10:37:03','2019-07-15 08:44:19','fgsdfg','243234','dfgsdfg','aaa','sdfgsdfg',500.0000,15.3000,10.0000,0.0000,0.0000,100.0000,105.3000,0,'Card',4,30,30,1,0),
(85,'Sprite',4,1,'17','Group1',0,'2019-08-20 21:18:26','2019-06-26 10:37:03','2019-07-15 08:44:19','fgsdfg','243234','dfgsdfg','aaa','sdfgsdfg',30.0000,4.5900,3.0000,0.0000,0.0000,30.0000,31.5900,0,'Card',4,30,30,1,0),
(86,'fix',4,1,'17','Default Selling Price',0,'2019-08-20 21:18:26','2019-06-26 10:37:03','2019-07-15 08:44:19','fgsdfg','243234','dfgsdfg','aaa','sdfgsdfg',76.9200,11.7700,7.6900,0.0000,0.0000,76.9200,81.0000,0,'Card',4,30,30,1,0),
(87,'Slice',4,3,'18','Default Selling Price',0,'2019-08-20 21:18:27','2019-06-26 10:38:03','2019-07-09 04:10:07','dgdg','345345',NULL,'aaa','sfdgdg',89.7300,4.5800,2.9900,0.0000,0.0000,29.9100,31.5000,0,'Card',4,30,30,1,0),
(88,'Sprite',4,2,'18','Default Selling Price',0,'2019-08-20 21:18:32','2019-06-26 10:38:03','2019-07-09 04:10:07','dgdg','345345',NULL,'aaa','sfdgdg',180.0000,13.7700,9.0000,0.0000,0.0000,90.0000,94.7700,0,'Card',4,30,30,1,0),
(89,'Slice',4,3,'19','Default Selling Price',0,'2019-08-20 21:18:32','2019-06-26 10:41:47','2019-07-09 04:05:50',NULL,NULL,NULL,'aaa',NULL,89.7300,4.5800,2.9900,0.0000,0.0000,29.9100,31.5000,0,'Card',4,30,30,1,0),
(90,'Sprite',4,2,'19','Default Selling Price',0,'2019-08-20 21:18:32','2019-06-26 10:41:47','2019-07-09 04:05:50',NULL,NULL,NULL,'aaa',NULL,180.0000,13.7700,9.0000,0.0000,0.0000,90.0000,94.7700,0,'Card',4,30,30,1,0),
(91,'aaaaaaaaa',4,3,'20','Group1',0,'2019-08-20 21:18:33','2019-07-09 10:20:05','2019-07-09 07:50:03','sgs','223434','dgdf@gmail.com','aaa','sfsdfsdf',512.8200,26.1500,17.0900,0.0000,0.0000,170.9400,180.0000,0,'Card',4,30,30,1,0),
(92,'aaaaaaaaa',4,3,'21','Group1',0,'2019-08-20 21:18:33','2019-07-09 10:54:03','2019-07-09 08:01:23','sgs','34334334','sdfgdsg@gmail.com','aaa','werwerwer',512.8200,26.1500,17.0900,0.0000,0.0000,170.9400,180.0000,0,'Card',4,30,30,1,0),
(93,'variable',4,1,'21','Default Selling Price',0,'2019-08-20 21:18:33','2019-07-09 10:54:03','2019-07-09 08:01:23','sgs','34334334','sdfgdsg@gmail.com','aaa','werwerwer',125.0000,19.1300,12.5000,0.0000,0.0000,125.0000,131.6300,0,'Card',4,30,30,1,0),
(94,'Sprite',4,1,'22','Default Selling Price',0,'2019-08-20 21:18:34','2019-07-09 11:14:49','2019-07-09 08:15:03','sgs','73374','dsgds@gmail.com','aaa','sdfsdfsdf',90.0000,13.7700,9.0000,0.0000,0.0000,90.0000,94.7700,0,'Card',4,30,30,1,0),
(95,'fix',4,1,'22','Default Selling Price',0,'2019-08-20 21:18:34','2019-07-09 11:14:49','2019-07-09 08:15:03','sgs','73374','dsgds@gmail.com','aaa','sdfsdfsdf',76.9200,11.7700,7.6900,0.0000,0.0000,76.9200,81.0000,0,'Card',4,30,30,1,0),
(96,'Lubriderm',4,1,'22','Group1',0,'2019-08-20 21:18:34','2019-07-09 11:14:49','2019-07-09 08:15:03','sgs','73374','dsgds@gmail.com','aaa','sdfsdfsdf',85.4700,13.0800,8.5500,0.0000,0.0000,85.4700,90.0000,0,'Card',4,30,30,1,0),
(97,'Milk',4,1,'22','Default Selling Price',0,'2019-08-20 21:18:34','2019-07-09 11:14:49','2019-07-09 08:15:03','sgs','73374','dsgds@gmail.com','aaa','sdfsdfsdf',113.6800,17.3900,11.3700,0.0000,0.0000,113.6800,119.7100,0,'Card',4,30,30,1,0),
(98,'Dayfresh',8,1,'92','DEFAULT Selling Price',0,'2019-08-12 16:10:02','2019-08-03 17:33:59','2019-08-03 17:33:59','ert','345','1234@gmail.com','Malir','ert',34.1900,5.8100,0.0000,17.0000,100.0000,34.1900,40.0000,10,'Card',7,20,20,3,1),
(99,'Dayfresh',8,1,'92','DEFAULT Selling Price',0,'2019-08-12 16:10:07','2019-08-03 17:34:40','2019-08-03 17:34:40','ert','345','1234@gmail.com','Malir','ert',34.1900,5.8100,0.0000,17.0000,100.0000,34.1900,40.0000,10,'Card',7,20,20,3,1),
(100,'Dayfresh',8,1,'92','DEFAULT Selling Price',0,'2019-08-12 16:10:10','2019-08-03 17:35:02','2019-08-03 17:35:02','ert','345','1234@gmail.com','Malir','ert',34.1800,5.8100,0.0000,17.0000,100.0000,34.1900,40.0000,10,'Card',7,20,20,3,1),
(101,'Dayfresh',8,1,'92','DEFAULT Selling Price',0,'2019-08-12 16:10:15','2019-08-03 17:35:59','2019-08-03 17:35:59','ert','345','1234@gmail.com','Malir','ert',34.1900,5.8100,0.0000,17.0000,100.0000,34.1900,40.0000,10,'Card',7,20,20,3,1),
(102,'Milk',8,1,'92','DEFAULT Selling Price',0,'2019-08-12 16:10:19','2019-08-03 17:35:59','2019-08-03 17:35:59','ert','345','1234@gmail.com','Malir','ert',113.6800,19.3300,0.0000,17.0000,100.0000,113.6800,133.0100,10,'Card',7,21,21,3,1),
(103,'Dayfresh',8,1,'92','DEFAULT Selling Price',0,'2019-08-12 16:10:22','2019-08-03 17:36:30','2019-08-03 17:36:30','ert','345','1234@gmail.com','Malir','ert',34.1900,5.8100,0.0000,17.0000,100.0000,34.1900,40.0000,10,'Card',7,20,20,3,1),
(104,'Milk',8,1,'92','DEFAULT Selling Price',0,'2019-08-12 16:10:25','2019-08-03 17:36:30','2019-08-03 17:36:30','ert','345','1234@gmail.com','Malir','ert',113.6800,19.3300,0.0000,17.0000,100.0000,113.6800,133.0100,10,'Card',7,21,21,3,1),
(105,'Test Sku',8,1,'92','DEFAULT Selling Price',0,'2019-08-12 16:10:28','2019-08-03 17:36:30','2019-08-03 17:36:30','ert','345','1234@gmail.com','Malir','ert',25.0000,4.2500,0.0000,17.0000,100.0000,25.0000,29.2500,10,'Card',7,27,27,3,1),
(106,'Dayfresh',8,1,'92','DEFAULT Selling Price',0,'2019-08-12 16:10:30','2019-08-03 17:37:26','2019-08-03 17:37:26','ert','345','1234@gmail.com','Malir','ert',34.1900,5.8100,0.0000,17.0000,100.0000,34.1900,40.0000,10,'Card',7,20,20,3,1),
(107,'Milk',8,1,'92','DEFAULT Selling Price',0,'2019-08-12 16:10:33','2019-08-03 17:37:26','2019-08-03 17:37:26','ert','345','1234@gmail.com','Malir','ert',113.6800,19.3300,0.0000,17.0000,100.0000,113.6800,133.0100,10,'Card',7,21,21,3,1),
(108,'Test Sku',8,1,'92','DEFAULT Selling Price',0,'2019-08-12 16:10:41','2019-08-03 17:37:26','2019-08-03 17:37:26','ert','345','1234@gmail.com','Malir','ert',25.0000,4.2500,0.0000,17.0000,100.0000,25.0000,29.2500,10,'Card',7,27,27,3,1),
(109,'Dayfresh',8,1,'92','DEFAULT Selling Price',0,'2019-08-12 16:10:38','2019-08-03 17:38:22','2019-08-03 17:38:22','ert','345','1234@gmail.com','Malir','ert',34.1900,5.8100,0.0000,17.0000,100.0000,34.1900,40.0000,10,'Card',7,20,20,3,1),
(110,'Milk',8,1,'92','DEFAULT Selling Price',0,'2019-08-12 16:10:45','2019-08-03 17:38:22','2019-08-03 17:38:22','ert','345','1234@gmail.com','Malir','ert',113.6800,19.3300,0.0000,17.0000,100.0000,113.6800,133.0100,10,'Card',7,21,21,3,1),
(111,'Test Sku',8,1,'92','DEFAULT Selling Price',0,'2019-08-12 16:10:48','2019-08-03 17:38:22','2019-08-03 17:38:22','ert','345','1234@gmail.com','Malir','ert',25.0000,4.2500,0.0000,17.0000,100.0000,25.0000,29.2500,10,'Card',7,27,27,3,1),
(112,'Dayfresh',8,1,'92','DEFAULT Selling Price',0,'2019-08-12 16:10:50','2019-08-03 17:38:53','2019-08-03 17:38:53','ert','345','1234@gmail.com','Malir','ert',34.1900,5.8100,0.0000,17.0000,100.0000,34.1900,40.0000,10,'Card',7,20,20,3,1),
(113,'Milk',8,1,'92','DEFAULT Selling Price',0,'2019-08-12 16:10:52','2019-08-03 17:38:53','2019-08-03 17:38:53','ert','345','1234@gmail.com','Malir','ert',113.6800,19.3300,0.0000,17.0000,100.0000,113.6800,133.0100,10,'Card',7,21,21,3,1),
(114,'Test Sku',8,1,'92','DEFAULT Selling Price',0,'2019-08-12 16:10:54','2019-08-03 17:38:53','2019-08-03 17:38:53','ert','345','1234@gmail.com','Malir','ert',25.0000,4.2500,0.0000,17.0000,100.0000,25.0000,29.2500,10,'Card',7,27,27,3,1),
(115,'Dayfresh',8,1,'92','DEFAULT Selling Price',0,'2019-08-12 16:10:56','2019-08-03 17:39:17','2019-08-03 17:39:17','ert','345','1234@gmail.com','Malir','ert',34.1900,5.8100,0.0000,17.0000,100.0000,34.1900,40.0000,10,'Card',7,20,20,3,1),
(116,'Milk',8,1,'92','DEFAULT Selling Price',0,'2019-08-12 16:10:59','2019-08-03 17:39:17','2019-08-03 17:39:17','ert','345','1234@gmail.com','Malir','ert',113.6800,19.3300,0.0000,17.0000,100.0000,113.6800,133.0100,10,'Card',7,21,21,3,1),
(117,'Test Sku',8,1,'92','DEFAULT Selling Price',0,'2019-08-12 16:11:02','2019-08-03 17:39:17','2019-08-03 17:39:17','ert','345','1234@gmail.com','Malir','ert',25.0000,4.2500,0.0000,17.0000,100.0000,25.0000,29.2500,10,'Card',7,27,27,3,1);

/*Table structure for table `employee` */

DROP TABLE IF EXISTS `employee`;

CREATE TABLE `employee` (
  `id` int(11) NOT NULL AUTO_INCREMENT,
  `name` varchar(20) NOT NULL,
  `phone` varchar(20) NOT NULL,
  `email` varchar(20) NOT NULL,
  `password` varchar(20) NOT NULL,
  PRIMARY KEY (`id`)
) ENGINE=MyISAM AUTO_INCREMENT=2 DEFAULT CHARSET=latin1;

/*Data for the table `employee` */

insert  into `employee`(`id`,`name`,`phone`,`email`,`password`) values 
(1,'mixalhs ','7797409330','test@gmail.com','123');

/*Table structure for table `expense_categories` */

DROP TABLE IF EXISTS `expense_categories`;

CREATE TABLE `expense_categories` (
  `id` int(10) unsigned NOT NULL AUTO_INCREMENT,
  `name` varchar(191) COLLATE utf8mb4_unicode_ci NOT NULL,
  `business_id` int(10) unsigned NOT NULL,
  `code` varchar(191) COLLATE utf8mb4_unicode_ci DEFAULT NULL,
  `deleted_at` timestamp NULL DEFAULT NULL,
  `created_at` timestamp NULL DEFAULT NULL,
  `updated_at` timestamp NULL DEFAULT NULL,
  PRIMARY KEY (`id`),
  KEY `expense_categories_business_id_foreign` (`business_id`),
  CONSTRAINT `expense_categories_business_id_foreign` FOREIGN KEY (`business_id`) REFERENCES `business` (`id`) ON DELETE CASCADE
) ENGINE=InnoDB DEFAULT CHARSET=utf8mb4 COLLATE=utf8mb4_unicode_ci;

/*Data for the table `expense_categories` */

/*Table structure for table `group_sub_taxes` */

DROP TABLE IF EXISTS `group_sub_taxes`;

CREATE TABLE `group_sub_taxes` (
  `group_tax_id` int(10) unsigned NOT NULL,
  `tax_id` int(10) unsigned NOT NULL,
  KEY `group_sub_taxes_group_tax_id_foreign` (`group_tax_id`),
  KEY `group_sub_taxes_tax_id_foreign` (`tax_id`),
  CONSTRAINT `group_sub_taxes_group_tax_id_foreign` FOREIGN KEY (`group_tax_id`) REFERENCES `tax_rates` (`id`) ON DELETE CASCADE,
  CONSTRAINT `group_sub_taxes_tax_id_foreign` FOREIGN KEY (`tax_id`) REFERENCES `tax_rates` (`id`) ON DELETE CASCADE
) ENGINE=InnoDB DEFAULT CHARSET=utf8mb4 COLLATE=utf8mb4_unicode_ci;

/*Data for the table `group_sub_taxes` */

/*Table structure for table `invoice_layouts` */

DROP TABLE IF EXISTS `invoice_layouts`;

CREATE TABLE `invoice_layouts` (
  `id` int(10) unsigned NOT NULL AUTO_INCREMENT,
  `name` varchar(191) COLLATE utf8mb4_unicode_ci NOT NULL,
  `header_text` text COLLATE utf8mb4_unicode_ci,
  `invoice_no_prefix` varchar(191) COLLATE utf8mb4_unicode_ci DEFAULT NULL,
  `quotation_no_prefix` varchar(191) COLLATE utf8mb4_unicode_ci DEFAULT NULL,
  `invoice_heading` varchar(191) COLLATE utf8mb4_unicode_ci DEFAULT NULL,
  `sub_heading_line1` varchar(191) COLLATE utf8mb4_unicode_ci DEFAULT NULL,
  `sub_heading_line2` varchar(191) COLLATE utf8mb4_unicode_ci DEFAULT NULL,
  `sub_heading_line3` varchar(191) COLLATE utf8mb4_unicode_ci DEFAULT NULL,
  `sub_heading_line4` varchar(191) COLLATE utf8mb4_unicode_ci DEFAULT NULL,
  `sub_heading_line5` varchar(191) COLLATE utf8mb4_unicode_ci DEFAULT NULL,
  `invoice_heading_not_paid` varchar(191) COLLATE utf8mb4_unicode_ci DEFAULT NULL,
  `invoice_heading_paid` varchar(191) COLLATE utf8mb4_unicode_ci DEFAULT NULL,
  `quotation_heading` varchar(191) COLLATE utf8mb4_unicode_ci DEFAULT NULL,
  `sub_total_label` varchar(191) COLLATE utf8mb4_unicode_ci DEFAULT NULL,
  `discount_label` varchar(191) COLLATE utf8mb4_unicode_ci DEFAULT NULL,
  `tax_label` varchar(191) COLLATE utf8mb4_unicode_ci DEFAULT NULL,
  `total_label` varchar(191) COLLATE utf8mb4_unicode_ci DEFAULT NULL,
  `total_due_label` varchar(191) COLLATE utf8mb4_unicode_ci DEFAULT NULL,
  `paid_label` varchar(191) COLLATE utf8mb4_unicode_ci DEFAULT NULL,
  `show_client_id` tinyint(1) NOT NULL DEFAULT '0',
  `client_id_label` varchar(191) COLLATE utf8mb4_unicode_ci DEFAULT NULL,
  `client_tax_label` varchar(191) COLLATE utf8mb4_unicode_ci DEFAULT NULL,
  `date_label` varchar(191) COLLATE utf8mb4_unicode_ci DEFAULT NULL,
  `show_time` tinyint(1) NOT NULL DEFAULT '1',
  `show_brand` tinyint(1) NOT NULL DEFAULT '0',
  `show_sku` tinyint(1) NOT NULL DEFAULT '1',
  `show_cat_code` tinyint(1) NOT NULL DEFAULT '1',
  `show_expiry` tinyint(1) NOT NULL DEFAULT '0',
  `show_lot` tinyint(1) NOT NULL DEFAULT '0',
  `show_sale_description` tinyint(1) NOT NULL DEFAULT '0',
  `sales_person_label` varchar(191) COLLATE utf8mb4_unicode_ci DEFAULT NULL,
  `show_sales_person` tinyint(1) NOT NULL DEFAULT '0',
  `table_product_label` varchar(191) COLLATE utf8mb4_unicode_ci DEFAULT NULL,
  `table_qty_label` varchar(191) COLLATE utf8mb4_unicode_ci DEFAULT NULL,
  `table_unit_price_label` varchar(191) COLLATE utf8mb4_unicode_ci DEFAULT NULL,
  `table_subtotal_label` varchar(191) COLLATE utf8mb4_unicode_ci DEFAULT NULL,
  `cat_code_label` varchar(191) COLLATE utf8mb4_unicode_ci DEFAULT NULL,
  `logo` varchar(191) COLLATE utf8mb4_unicode_ci DEFAULT NULL,
  `show_logo` tinyint(1) NOT NULL DEFAULT '0',
  `show_business_name` tinyint(1) NOT NULL DEFAULT '0',
  `show_location_name` tinyint(1) NOT NULL DEFAULT '1',
  `show_landmark` tinyint(1) NOT NULL DEFAULT '1',
  `show_city` tinyint(1) NOT NULL DEFAULT '1',
  `show_state` tinyint(1) NOT NULL DEFAULT '1',
  `show_zip_code` tinyint(1) NOT NULL DEFAULT '1',
  `show_country` tinyint(1) NOT NULL DEFAULT '1',
  `show_mobile_number` tinyint(1) NOT NULL DEFAULT '1',
  `show_alternate_number` tinyint(1) NOT NULL DEFAULT '0',
  `show_email` tinyint(1) NOT NULL DEFAULT '0',
  `show_tax_1` tinyint(1) NOT NULL DEFAULT '1',
  `show_tax_2` tinyint(1) NOT NULL DEFAULT '0',
  `show_barcode` tinyint(1) NOT NULL DEFAULT '0',
  `show_payments` tinyint(1) NOT NULL DEFAULT '0',
  `show_customer` tinyint(1) NOT NULL DEFAULT '0',
  `customer_label` varchar(191) COLLATE utf8mb4_unicode_ci DEFAULT NULL,
  `highlight_color` varchar(10) COLLATE utf8mb4_unicode_ci DEFAULT NULL,
  `footer_text` text COLLATE utf8mb4_unicode_ci,
  `module_info` text COLLATE utf8mb4_unicode_ci,
  `is_default` tinyint(1) NOT NULL DEFAULT '0',
  `business_id` int(10) unsigned NOT NULL,
  `design` varchar(256) COLLATE utf8mb4_unicode_ci DEFAULT 'classic',
  `cn_heading` varchar(191) COLLATE utf8mb4_unicode_ci DEFAULT NULL COMMENT 'cn = credit note',
  `cn_no_label` varchar(191) COLLATE utf8mb4_unicode_ci DEFAULT NULL,
  `cn_amount_label` varchar(191) COLLATE utf8mb4_unicode_ci DEFAULT NULL,
  `created_at` timestamp NULL DEFAULT NULL,
  `updated_at` timestamp NULL DEFAULT NULL,
  PRIMARY KEY (`id`),
  KEY `invoice_layouts_business_id_foreign` (`business_id`),
  CONSTRAINT `invoice_layouts_business_id_foreign` FOREIGN KEY (`business_id`) REFERENCES `business` (`id`) ON DELETE CASCADE
) ENGINE=InnoDB AUTO_INCREMENT=15 DEFAULT CHARSET=utf8mb4 COLLATE=utf8mb4_unicode_ci;

/*Data for the table `invoice_layouts` */

insert  into `invoice_layouts`(`id`,`name`,`header_text`,`invoice_no_prefix`,`quotation_no_prefix`,`invoice_heading`,`sub_heading_line1`,`sub_heading_line2`,`sub_heading_line3`,`sub_heading_line4`,`sub_heading_line5`,`invoice_heading_not_paid`,`invoice_heading_paid`,`quotation_heading`,`sub_total_label`,`discount_label`,`tax_label`,`total_label`,`total_due_label`,`paid_label`,`show_client_id`,`client_id_label`,`client_tax_label`,`date_label`,`show_time`,`show_brand`,`show_sku`,`show_cat_code`,`show_expiry`,`show_lot`,`show_sale_description`,`sales_person_label`,`show_sales_person`,`table_product_label`,`table_qty_label`,`table_unit_price_label`,`table_subtotal_label`,`cat_code_label`,`logo`,`show_logo`,`show_business_name`,`show_location_name`,`show_landmark`,`show_city`,`show_state`,`show_zip_code`,`show_country`,`show_mobile_number`,`show_alternate_number`,`show_email`,`show_tax_1`,`show_tax_2`,`show_barcode`,`show_payments`,`show_customer`,`customer_label`,`highlight_color`,`footer_text`,`module_info`,`is_default`,`business_id`,`design`,`cn_heading`,`cn_no_label`,`cn_amount_label`,`created_at`,`updated_at`) values 
(1,'Default',NULL,'Invoice No.',NULL,'Invoice',NULL,NULL,NULL,NULL,NULL,'','',NULL,'Subtotal','Discount','Tax','Total','Total Due','Total Paid',0,NULL,NULL,'Date',1,0,1,1,0,0,0,NULL,0,'Product','Quantity','Unit Price','Subtotal',NULL,NULL,0,0,1,1,1,1,1,1,1,0,0,1,0,0,1,1,'Customer','#000000','',NULL,1,1,'classic',NULL,NULL,NULL,'2018-10-06 13:16:12','2018-10-06 13:16:12'),
(4,'Default',NULL,'Invoice No.',NULL,'Invoice',NULL,NULL,NULL,NULL,NULL,NULL,NULL,NULL,'Subtotal','Discount','Tax','Total','Total Due','Total Paid',0,NULL,NULL,'Date',1,0,1,1,0,0,0,NULL,0,'Product','Quantity','Unit Price','Subtotal',NULL,NULL,0,0,1,1,1,1,1,1,1,0,0,1,0,0,1,1,'Customer','#000000',NULL,NULL,1,4,'detailed',NULL,NULL,NULL,'2018-10-20 03:27:17','2019-03-13 06:11:13'),
(7,'Default',NULL,'Invoice No.',NULL,'Invoice',NULL,NULL,NULL,NULL,NULL,'','',NULL,'Subtotal','Discount','Tax','Total','Total Due','Total Paid',0,NULL,NULL,'Date',1,0,1,1,0,0,0,NULL,0,'Product','Quantity','Unit Price','Subtotal',NULL,NULL,0,0,1,1,1,1,1,1,1,0,0,1,0,0,1,1,'Customer','#000000','',NULL,1,7,'classic',NULL,NULL,NULL,'2019-03-20 16:46:54','2019-03-20 16:46:54'),
(8,'Default',NULL,'Invoice No.',NULL,'Invoice',NULL,NULL,NULL,NULL,NULL,'','',NULL,'Subtotal','Discount','Tax','Total','Total Due','Total Paid',0,NULL,NULL,'Date',1,0,1,1,0,0,0,NULL,0,'Product','Quantity','Unit Price','Subtotal',NULL,NULL,0,0,1,1,1,1,1,1,1,0,0,1,0,0,1,1,'Customer','#000000','',NULL,1,8,'classic',NULL,NULL,NULL,'2019-05-18 16:49:09','2019-05-18 16:49:09'),
(9,'Default',NULL,'Invoice No.',NULL,'Invoice',NULL,NULL,NULL,NULL,NULL,'','',NULL,'Subtotal','Discount','Tax','Total','Total Due','Total Paid',0,NULL,NULL,'Date',1,0,1,1,0,0,0,NULL,0,'Product','Quantity','Unit Price','Subtotal',NULL,NULL,0,0,1,1,1,1,1,1,1,0,0,1,0,0,1,1,'Customer','#000000','',NULL,1,9,'classic',NULL,NULL,NULL,'2019-05-18 16:50:59','2019-05-18 16:50:59'),
(10,'Default',NULL,'Invoice No.',NULL,'Invoice',NULL,NULL,NULL,NULL,NULL,'','',NULL,'Subtotal','Discount','Tax','Total','Total Due','Total Paid',0,NULL,NULL,'Date',1,0,1,1,0,0,0,NULL,0,'Product','Quantity','Unit Price','Subtotal',NULL,NULL,0,0,1,1,1,1,1,1,1,0,0,1,0,0,1,1,'Customer','#000000','',NULL,1,10,'classic',NULL,NULL,NULL,'2019-05-29 16:24:35','2019-05-29 16:24:35'),
(12,'Default',NULL,'Invoice No.',NULL,'Invoice',NULL,NULL,NULL,NULL,NULL,'','',NULL,'Subtotal','Discount','Tax','Total','Total Due','Total Paid',0,NULL,NULL,'Date',1,0,1,1,0,0,0,NULL,0,'Product','Quantity','Unit Price','Subtotal',NULL,NULL,0,0,1,1,1,1,1,1,1,0,0,1,0,0,1,1,'Customer','#000000','',NULL,1,12,'classic',NULL,NULL,NULL,'2019-06-07 12:17:01','2019-06-07 12:17:01'),
(13,'Default',NULL,'Invoice No.',NULL,'Invoice',NULL,NULL,NULL,NULL,NULL,'','',NULL,'Subtotal','Discount','Tax','Total','Total Due','Total Paid',0,NULL,NULL,'Date',1,0,1,1,0,0,0,NULL,0,'Product','Quantity','Unit Price','Subtotal',NULL,NULL,0,0,1,1,1,1,1,1,1,0,0,1,0,0,1,1,'Customer','#000000','',NULL,1,13,'classic',NULL,NULL,NULL,'2019-06-07 12:19:18','2019-06-07 12:19:18'),
(14,'Default',NULL,'Invoice No.',NULL,'Invoice',NULL,NULL,NULL,NULL,NULL,'','',NULL,'Subtotal','Discount','Tax','Total','Total Due','Total Paid',0,NULL,NULL,'Date',1,0,1,1,0,0,0,NULL,0,'Product','Quantity','Unit Price','Subtotal',NULL,NULL,0,0,1,1,1,1,1,1,1,0,0,1,0,0,1,1,'Customer','#000000','',NULL,1,14,'classic',NULL,NULL,NULL,'2019-06-20 06:01:14','2019-06-20 06:01:14');

/*Table structure for table `invoice_schemes` */

DROP TABLE IF EXISTS `invoice_schemes`;

CREATE TABLE `invoice_schemes` (
  `id` int(10) unsigned NOT NULL AUTO_INCREMENT,
  `business_id` int(10) unsigned NOT NULL,
  `name` varchar(191) COLLATE utf8mb4_unicode_ci NOT NULL,
  `scheme_type` enum('blank','year') COLLATE utf8mb4_unicode_ci NOT NULL,
  `prefix` varchar(191) COLLATE utf8mb4_unicode_ci DEFAULT NULL,
  `start_number` int(11) DEFAULT NULL,
  `invoice_count` int(11) NOT NULL DEFAULT '0',
  `total_digits` int(11) DEFAULT NULL,
  `is_default` tinyint(1) NOT NULL DEFAULT '0',
  `created_at` timestamp NULL DEFAULT NULL,
  `updated_at` timestamp NULL DEFAULT NULL,
  PRIMARY KEY (`id`),
  KEY `invoice_schemes_business_id_foreign` (`business_id`),
  CONSTRAINT `invoice_schemes_business_id_foreign` FOREIGN KEY (`business_id`) REFERENCES `business` (`id`) ON DELETE CASCADE
) ENGINE=InnoDB AUTO_INCREMENT=15 DEFAULT CHARSET=utf8mb4 COLLATE=utf8mb4_unicode_ci;

/*Data for the table `invoice_schemes` */

insert  into `invoice_schemes`(`id`,`business_id`,`name`,`scheme_type`,`prefix`,`start_number`,`invoice_count`,`total_digits`,`is_default`,`created_at`,`updated_at`) values 
(1,1,'Default','blank','',1,33,4,1,'2018-10-06 13:16:12','2018-12-22 10:38:54'),
(4,4,'Default','blank','',1,362,4,1,'2018-10-20 03:27:17','2019-07-15 09:35:50'),
(7,7,'Default','blank','',1,15,4,1,'2019-03-20 16:46:54','2019-04-06 15:35:22'),
(8,8,'Default','blank','',1,0,4,1,'2019-05-18 16:49:09','2019-05-18 16:49:09'),
(9,9,'Default','blank','',1,0,4,1,'2019-05-18 16:50:59','2019-05-18 16:50:59'),
(10,10,'Default','blank','',1,0,4,1,'2019-05-29 16:24:35','2019-05-29 16:24:35'),
(12,12,'Default','blank','',1,0,4,1,'2019-06-07 12:17:01','2019-06-07 12:17:01'),
(13,13,'Default','blank','',1,0,4,1,'2019-06-07 12:19:18','2019-06-07 12:19:18'),
(14,14,'Default','blank','',1,2,4,1,'2019-06-20 06:01:14','2019-06-26 00:30:28');

/*Table structure for table `migrations` */

DROP TABLE IF EXISTS `migrations`;

CREATE TABLE `migrations` (
  `id` int(10) unsigned NOT NULL AUTO_INCREMENT,
  `migration` varchar(191) COLLATE utf8mb4_unicode_ci NOT NULL,
  `batch` int(11) NOT NULL,
  PRIMARY KEY (`id`)
) ENGINE=InnoDB AUTO_INCREMENT=146 DEFAULT CHARSET=utf8mb4 COLLATE=utf8mb4_unicode_ci;

/*Data for the table `migrations` */

insert  into `migrations`(`id`,`migration`,`batch`) values 
(1,'2014_10_12_000000_create_users_table',1),
(2,'2014_10_12_100000_create_password_resets_table',1),
(3,'2017_07_05_071953_create_currencies_table',1),
(4,'2017_07_05_073658_create_business_table',1),
(5,'2017_07_22_075923_add_business_id_users_table',1),
(6,'2017_07_23_113209_create_brands_table',1),
(7,'2017_07_26_083429_create_permission_tables',1),
(8,'2017_07_26_110000_create_tax_rates_table',1),
(9,'2017_07_26_122313_create_units_table',1),
(10,'2017_07_27_075706_create_contacts_table',1),
(11,'2017_08_04_071038_create_categories_table',1),
(12,'2017_08_08_115903_create_products_table',1),
(13,'2017_08_09_061616_create_variation_templates_table',1),
(14,'2017_08_09_061638_create_variation_value_templates_table',1),
(15,'2017_08_10_061146_create_product_variations_table',1),
(16,'2017_08_10_061216_create_variations_table',1),
(17,'2017_08_19_054827_create_transactions_table',1),
(18,'2017_08_31_073533_create_purchase_lines_table',1),
(19,'2017_10_15_064638_create_transaction_payments_table',1),
(20,'2017_10_31_065621_add_default_sales_tax_to_business_table',1),
(21,'2017_11_20_051930_create_table_group_sub_taxes',1),
(22,'2017_11_20_063603_create_transaction_sell_lines',1),
(23,'2017_11_21_064540_create_barcodes_table',1),
(24,'2017_11_23_181237_create_invoice_schemes_table',1),
(25,'2017_12_25_122822_create_business_locations_table',1),
(26,'2017_12_25_160253_add_location_id_to_transactions_table',1),
(27,'2017_12_25_163227_create_variation_location_details_table',1),
(28,'2018_01_04_115627_create_sessions_table',1),
(29,'2018_01_05_112817_create_invoice_layouts_table',1),
(30,'2018_01_06_112303_add_invoice_scheme_id_and_invoice_layout_id_to_business_locations',1),
(31,'2018_01_08_104124_create_expense_categories_table',1),
(32,'2018_01_08_123327_modify_transactions_table_for_expenses',1),
(33,'2018_01_09_111005_modify_payment_status_in_transactions_table',1),
(34,'2018_01_09_111109_add_paid_on_column_to_transaction_payments_table',1),
(35,'2018_01_25_172439_add_printer_related_fields_to_business_locations_table',1),
(36,'2018_01_27_184322_create_printers_table',1),
(37,'2018_01_30_181442_create_cash_registers_table',1),
(38,'2018_01_31_125836_create_cash_register_transactions_table',1),
(39,'2018_02_07_173326_modify_business_table',1),
(40,'2018_02_08_105425_add_enable_product_expiry_column_to_business_table',1),
(41,'2018_02_08_111027_add_expiry_period_and_expiry_period_type_columns_to_products_table',1),
(42,'2018_02_08_131118_add_mfg_date_and_exp_date_purchase_lines_table',1),
(43,'2018_02_08_155348_add_exchange_rate_to_transactions_table',1),
(44,'2018_02_09_124945_modify_transaction_payments_table_for_contact_payments',1),
(45,'2018_02_12_113640_create_transaction_sell_lines_purchase_lines_table',1),
(46,'2018_02_12_114605_add_quantity_sold_in_purchase_lines_table',1),
(47,'2018_02_13_183323_alter_decimal_fields_size',1),
(48,'2018_02_14_161928_add_transaction_edit_days_to_business_table',1),
(49,'2018_02_15_161032_add_document_column_to_transactions_table',1),
(50,'2018_02_17_124709_add_more_options_to_invoice_layouts',1),
(51,'2018_02_19_111517_add_keyboard_shortcut_column_to_business_table',1),
(52,'2018_02_19_121537_stock_adjustment_move_to_transaction_table',1),
(53,'2018_02_20_165505_add_is_direct_sale_column_to_transactions_table',1),
(54,'2018_02_21_105329_create_system_table',1),
(55,'2018_02_23_100549_version_1_2',1),
(56,'2018_02_23_125648_add_enable_editing_sp_from_purchase_column_to_business_table',1),
(57,'2018_02_26_103612_add_sales_commission_agent_column_to_business_table',1),
(58,'2018_02_26_130519_modify_users_table_for_sales_cmmsn_agnt',1),
(59,'2018_02_26_134500_add_commission_agent_to_transactions_table',1),
(60,'2018_02_27_121422_add_item_addition_method_to_business_table',1),
(61,'2018_02_27_170232_modify_transactions_table_for_stock_transfer',1),
(62,'2018_03_05_153510_add_enable_inline_tax_column_to_business_table',1),
(63,'2018_03_06_210206_modify_product_barcode_types',1),
(64,'2018_03_13_181541_add_expiry_type_to_business_table',1),
(65,'2018_03_16_113446_product_expiry_setting_for_business',1),
(66,'2018_03_19_113601_add_business_settings_options',1),
(67,'2018_03_26_125334_add_pos_settings_to_business_table',1),
(68,'2018_03_26_165350_create_customer_groups_table',1),
(69,'2018_03_27_122720_customer_group_related_changes_in_tables',1),
(70,'2018_03_29_110138_change_tax_field_to_nullable_in_business_table',1),
(71,'2018_03_29_115502_add_changes_for_sr_number_in_products_and_sale_lines_table',1),
(72,'2018_03_29_134340_add_inline_discount_fields_in_purchase_lines',1),
(73,'2018_03_31_140921_update_transactions_table_exchange_rate',1),
(74,'2018_04_03_103037_add_contact_id_to_contacts_table',1),
(75,'2018_04_03_122709_add_changes_to_invoice_layouts_table',1),
(76,'2018_04_09_135320_change_exchage_rate_size_in_business_table',1),
(77,'2018_04_17_123122_add_lot_number_to_business',1),
(78,'2018_04_17_160845_add_product_racks_table',1),
(79,'2018_04_20_182015_create_res_tables_table',1),
(80,'2018_04_24_105246_restaurant_fields_in_transaction_table',1),
(81,'2018_04_24_114149_add_enabled_modules_business_table',1),
(82,'2018_04_24_133704_add_modules_fields_in_invoice_layout_table',1),
(83,'2018_04_27_132653_quotation_related_change',1),
(84,'2018_05_02_104439_add_date_format_and_time_format_to_business',1),
(85,'2018_05_02_111939_add_sell_return_to_transaction_payments',1),
(86,'2018_05_14_114027_add_rows_positions_for_products',1),
(87,'2018_05_14_125223_add_weight_to_products_table',1),
(88,'2018_05_14_164754_add_opening_stock_permission',1),
(89,'2018_05_15_134729_add_design_to_invoice_layouts',1),
(90,'2018_05_16_183307_add_tax_fields_invoice_layout',1),
(91,'2018_05_18_191956_add_sell_return_to_transaction_table',1),
(92,'2018_05_21_131349_add_custom_fileds_to_contacts_table',1),
(93,'2018_05_21_131607_invoice_layout_fields_for_sell_return',1),
(94,'2018_05_21_131949_add_custom_fileds_and_website_to_business_locations_table',1),
(95,'2018_05_22_123527_create_reference_counts_table',1),
(96,'2018_05_22_154540_add_ref_no_prefixes_column_to_business_table',1),
(97,'2018_05_24_132620_add_ref_no_column_to_transaction_payments_table',1),
(98,'2018_05_24_161026_add_location_id_column_to_business_location_table',1),
(99,'2018_05_25_180603_create_modifiers_related_table',1),
(100,'2018_05_29_121714_add_purchase_line_id_to_stock_adjustment_line_table',1),
(101,'2018_05_31_114645_add_res_order_status_column_to_transactions_table',1),
(102,'2018_06_05_103530_rename_purchase_line_id_in_stock_adjustment_lines_table',1),
(103,'2018_06_05_111905_modify_products_table_for_modifiers',1),
(104,'2018_06_06_110524_add_parent_sell_line_id_column_to_transaction_sell_lines_table',1),
(105,'2018_06_07_152443_add_is_service_staff_to_roles_table',1),
(106,'2018_06_07_182258_add_image_field_to_products_table',1),
(107,'2018_06_13_133705_create_bookings_table',1),
(108,'2018_06_15_173636_add_email_column_to_contacts_table',1),
(109,'2018_06_27_182835_add_superadmin_related_fields_business',1),
(110,'2018_06_27_185405_create_packages_table',1),
(111,'2018_06_28_182803_create_subscriptions_table',1),
(112,'2018_07_10_101913_add_custom_fields_to_products_table',1),
(113,'2018_07_17_103434_add_sales_person_name_label_to_invoice_layouts_table',1),
(114,'2018_07_17_120612_change_all_quantity_field_type_to_decimal',1),
(115,'2018_07_17_163920_add_theme_skin_color_column_to_business_table',1),
(116,'2018_07_17_182021_add_rows_to_system_table',1),
(117,'2018_07_19_131721_add_options_to_packages_table',1),
(118,'2018_07_24_152720_create_payment_accounts_table',1),
(119,'2018_07_24_160319_add_lot_no_line_id_to_transaction_sell_lines_table',1),
(120,'2018_07_25_110004_add_show_expiry_and_show_lot_colums_to_invoice_layouts_table',1),
(121,'2018_07_25_172004_add_discount_columns_to_transaction_sell_lines_table',1),
(122,'2018_07_26_124720_change_design_column_type_in_invoice_layouts_table',1),
(123,'2018_07_26_170424_add_unit_price_before_discount_column_to_transaction_sell_line_table',1),
(124,'2018_07_28_103614_add_credit_limit_column_to_contacts_table',1),
(125,'2018_08_08_110755_add_new_payment_methods_to_transaction_payments_table',1),
(126,'2018_08_08_122225_modify_cash_register_transactions_table_for_new_payment_methods',1),
(127,'2018_08_14_104036_add_opening_balance_type_to_transactions_table',1),
(128,'2018_08_17_155534_add_min_termination_alert_days',1),
(129,'2018_08_28_105945_add_business_based_username_settings_to_system_table',1),
(130,'2018_08_30_105906_add_superadmin_communicator_logs_table',1),
(131,'2018_09_06_114438_create_selling_price_groups_table',1),
(132,'2018_09_06_154057_create_variation_group_prices_table',1),
(133,'2018_09_07_102413_add_permission_to_access_default_selling_price',1),
(134,'2018_09_07_134858_add_selling_price_group_id_to_transactions_table',1),
(135,'2018_09_10_112448_update_product_type_to_single_if_null_in_products_table',1),
(136,'2018_09_25_113432_create_product_in_carts_table',1),
(137,'2018_10_02_194646_create_mobile_card_transactions_table',1),
(138,'2018_10_13_130657_add_card_machine_to_method_in_transaction_payments',2),
(139,'2018_10_14_133312_add_receipt_no_uid_column_to_transaction_payments',2),
(140,'2018_12_16_160228_create_rewarded_points_table',3),
(141,'2018_12_25_074110_add_points_business_table',4),
(142,'2018_12_30_140414_create_redeem_points_table',5),
(143,'2019_01_07_081647_modify_redeem_points_table',6),
(144,'2019_01_12_144208_add_purchased_to_product_in_cart',7),
(145,'2019_01_27_221141_add_transaction_id_to_rewarded_point',8);

/*Table structure for table `mobile_card_transactions` */

DROP TABLE IF EXISTS `mobile_card_transactions`;

CREATE TABLE `mobile_card_transactions` (
  `id` int(10) unsigned NOT NULL AUTO_INCREMENT,
  `business_id` int(10) unsigned NOT NULL,
  `location_id` int(10) unsigned NOT NULL,
  `type` enum('purchase','sell') COLLATE utf8mb4_unicode_ci NOT NULL,
  `status` enum('received','pending','ordered','draft','final') COLLATE utf8mb4_unicode_ci NOT NULL,
  `payment_status` enum('paid','due') COLLATE utf8mb4_unicode_ci NOT NULL,
  `invoice_no` varchar(191) COLLATE utf8mb4_unicode_ci DEFAULT NULL,
  `transaction_date` datetime NOT NULL,
  `total_before_tax` decimal(8,2) NOT NULL DEFAULT '0.00' COMMENT 'Total before the purchase/invoice tax, this includeds the indivisual product tax',
  `tax_amount` decimal(8,2) NOT NULL DEFAULT '0.00',
  `final_total` decimal(8,2) NOT NULL DEFAULT '0.00',
  `created_by` varchar(191) COLLATE utf8mb4_unicode_ci NOT NULL,
  `created_at` timestamp NULL DEFAULT NULL,
  `updated_at` timestamp NULL DEFAULT NULL,
  PRIMARY KEY (`id`),
  KEY `mobile_card_transactions_location_id_foreign` (`location_id`),
  KEY `mobile_card_transactions_business_id_index` (`business_id`),
  KEY `mobile_card_transactions_type_index` (`type`),
  KEY `mobile_card_transactions_transaction_date_index` (`transaction_date`),
  CONSTRAINT `mobile_card_transactions_business_id_foreign` FOREIGN KEY (`business_id`) REFERENCES `business` (`id`) ON DELETE CASCADE,
  CONSTRAINT `mobile_card_transactions_location_id_foreign` FOREIGN KEY (`location_id`) REFERENCES `business_locations` (`id`) ON DELETE CASCADE
) ENGINE=InnoDB DEFAULT CHARSET=utf8mb4 COLLATE=utf8mb4_unicode_ci;

/*Data for the table `mobile_card_transactions` */

/*Table structure for table `model_has_permissions` */

DROP TABLE IF EXISTS `model_has_permissions`;

CREATE TABLE `model_has_permissions` (
  `permission_id` int(10) unsigned NOT NULL,
  `model_id` int(10) unsigned NOT NULL,
  `model_type` varchar(191) COLLATE utf8mb4_unicode_ci NOT NULL,
  PRIMARY KEY (`permission_id`,`model_id`,`model_type`),
  KEY `model_has_permissions_model_id_model_type_index` (`model_id`,`model_type`),
  CONSTRAINT `model_has_permissions_permission_id_foreign` FOREIGN KEY (`permission_id`) REFERENCES `permissions` (`id`) ON DELETE CASCADE
) ENGINE=InnoDB DEFAULT CHARSET=utf8mb4 COLLATE=utf8mb4_unicode_ci;

/*Data for the table `model_has_permissions` */

/*Table structure for table `model_has_roles` */

DROP TABLE IF EXISTS `model_has_roles`;

CREATE TABLE `model_has_roles` (
  `role_id` int(10) unsigned NOT NULL,
  `model_id` int(10) unsigned NOT NULL,
  `model_type` varchar(191) COLLATE utf8mb4_unicode_ci NOT NULL,
  PRIMARY KEY (`role_id`,`model_id`,`model_type`),
  KEY `model_has_roles_model_id_model_type_index` (`model_id`,`model_type`),
  CONSTRAINT `model_has_roles_role_id_foreign` FOREIGN KEY (`role_id`) REFERENCES `roles` (`id`) ON DELETE CASCADE
) ENGINE=InnoDB DEFAULT CHARSET=utf8mb4 COLLATE=utf8mb4_unicode_ci;

/*Data for the table `model_has_roles` */

insert  into `model_has_roles`(`role_id`,`model_id`,`model_type`) values 
(1,1,'App\\User'),
(7,4,'App\\User'),
(8,5,'App\\User'),
(13,8,'App\\User'),
(15,9,'App\\User'),
(16,10,'App\\User'),
(18,11,'App\\User'),
(20,12,'App\\User'),
(24,14,'App\\User'),
(26,15,'App\\User'),
(28,16,'App\\User');

/*Table structure for table `packages` */

DROP TABLE IF EXISTS `packages`;

CREATE TABLE `packages` (
  `id` int(10) unsigned NOT NULL AUTO_INCREMENT,
  `name` varchar(191) COLLATE utf8mb4_unicode_ci NOT NULL,
  `description` text COLLATE utf8mb4_unicode_ci NOT NULL,
  `location_count` int(11) NOT NULL COMMENT 'No. of Business Locations, 0 = infinite option.',
  `user_count` int(11) NOT NULL,
  `product_count` int(11) NOT NULL,
  `bookings` tinyint(1) NOT NULL DEFAULT '0' COMMENT 'Enable/Disable bookings',
  `kitchen` tinyint(1) NOT NULL DEFAULT '0' COMMENT 'Enable/Disable kitchen',
  `order_screen` tinyint(1) NOT NULL DEFAULT '0' COMMENT 'Enable/Disable order_screen',
  `tables` tinyint(1) NOT NULL DEFAULT '0' COMMENT 'Enable/Disable tables',
  `invoice_count` int(11) NOT NULL,
  `interval` enum('days','months','years') COLLATE utf8mb4_unicode_ci NOT NULL,
  `interval_count` int(11) NOT NULL,
  `trial_days` int(11) NOT NULL,
  `price` decimal(20,4) NOT NULL,
  `created_by` int(11) NOT NULL,
  `sort_order` int(11) NOT NULL DEFAULT '0',
  `is_active` tinyint(1) NOT NULL,
  `deleted_at` timestamp NULL DEFAULT NULL,
  `created_at` timestamp NULL DEFAULT NULL,
  `updated_at` timestamp NULL DEFAULT NULL,
  `is_delivery` int(11) DEFAULT '0' COMMENT '1 : Enable, 0: Disable Delivery',
  PRIMARY KEY (`id`)
) ENGINE=InnoDB AUTO_INCREMENT=5 DEFAULT CHARSET=utf8mb4 COLLATE=utf8mb4_unicode_ci;

/*Data for the table `packages` */

insert  into `packages`(`id`,`name`,`description`,`location_count`,`user_count`,`product_count`,`bookings`,`kitchen`,`order_screen`,`tables`,`invoice_count`,`interval`,`interval_count`,`trial_days`,`price`,`created_by`,`sort_order`,`is_active`,`deleted_at`,`created_at`,`updated_at`,`is_delivery`) values 
(1,'Gold','Suitable for medium level of Retail Businesses',3,15,0,0,0,0,0,0,'months',1,3,50000.0000,1,2,1,NULL,'2018-10-06 13:56:41','2019-06-24 08:57:47',1),
(2,'Silver','Perfect choice for small level retailers.',33,5,0,0,0,0,0,0,'months',1,3,25000.0000,1,1,1,NULL,'2018-10-06 13:57:11','2019-06-15 00:41:40',1),
(3,'Diamond','Superb for large or very large retailer businesses.',10,0,0,0,0,0,0,0,'months',1,7,100000.0000,1,1,1,NULL,'2018-10-11 19:53:04','2019-05-30 05:29:38',1),
(4,'test package','Package Test',1,1,1,0,0,0,0,1,'months',1,1,1.0000,1,1,1,'2019-05-30 05:34:59','2019-05-30 05:33:58','2019-05-30 05:34:59',1);

/*Table structure for table `password_resets` */

DROP TABLE IF EXISTS `password_resets`;

CREATE TABLE `password_resets` (
  `email` varchar(191) COLLATE utf8mb4_unicode_ci NOT NULL,
  `token` varchar(191) COLLATE utf8mb4_unicode_ci NOT NULL,
  `created_at` timestamp NULL DEFAULT NULL,
  KEY `password_resets_email_index` (`email`)
) ENGINE=InnoDB DEFAULT CHARSET=utf8mb4 COLLATE=utf8mb4_unicode_ci;

/*Data for the table `password_resets` */

/*Table structure for table `payment_accounts` */

DROP TABLE IF EXISTS `payment_accounts`;

CREATE TABLE `payment_accounts` (
  `id` int(10) unsigned NOT NULL AUTO_INCREMENT,
  `business_id` int(11) NOT NULL,
  `name` varchar(191) COLLATE utf8mb4_unicode_ci NOT NULL,
  `type` varchar(191) COLLATE utf8mb4_unicode_ci NOT NULL,
  `note` text COLLATE utf8mb4_unicode_ci,
  `created_by` int(11) NOT NULL,
  `deleted_at` timestamp NULL DEFAULT NULL,
  `created_at` timestamp NULL DEFAULT NULL,
  `updated_at` timestamp NULL DEFAULT NULL,
  PRIMARY KEY (`id`)
) ENGINE=InnoDB DEFAULT CHARSET=utf8mb4 COLLATE=utf8mb4_unicode_ci;

/*Data for the table `payment_accounts` */

/*Table structure for table `permissions` */

DROP TABLE IF EXISTS `permissions`;

CREATE TABLE `permissions` (
  `id` int(10) unsigned NOT NULL AUTO_INCREMENT,
  `name` varchar(191) COLLATE utf8mb4_unicode_ci NOT NULL,
  `guard_name` varchar(191) COLLATE utf8mb4_unicode_ci NOT NULL,
  `created_at` timestamp NULL DEFAULT NULL,
  `updated_at` timestamp NULL DEFAULT NULL,
  PRIMARY KEY (`id`)
) ENGINE=InnoDB AUTO_INCREMENT=90 DEFAULT CHARSET=utf8mb4 COLLATE=utf8mb4_unicode_ci;

/*Data for the table `permissions` */

insert  into `permissions`(`id`,`name`,`guard_name`,`created_at`,`updated_at`) values 
(1,'profit_loss_report.view','web','2018-10-06 05:38:39',NULL),
(2,'direct_sell.access','web','2018-10-06 05:38:39',NULL),
(3,'product.opening_stock','web','2018-10-06 05:38:41','2018-10-06 05:38:41'),
(4,'crud_all_bookings','web','2018-10-06 05:38:42','2018-10-06 05:38:42'),
(5,'crud_own_bookings','web','2018-10-06 05:38:42','2018-10-06 05:38:42'),
(6,'access_default_selling_price','web','2018-10-06 05:38:43','2018-10-06 05:38:43'),
(7,'user.view','web','2018-10-06 05:38:43',NULL),
(8,'user.create','web','2018-10-06 05:38:43',NULL),
(9,'user.update','web','2018-10-06 05:38:43',NULL),
(10,'user.delete','web','2018-10-06 05:38:43',NULL),
(11,'supplier.view','web','2018-10-06 05:38:43',NULL),
(12,'supplier.create','web','2018-10-06 05:38:43',NULL),
(13,'supplier.update','web','2018-10-06 05:38:43',NULL),
(14,'supplier.delete','web','2018-10-06 05:38:43',NULL),
(15,'customer.view','web','2018-10-06 05:38:43',NULL),
(16,'customer.create','web','2018-10-06 05:38:43',NULL),
(17,'customer.update','web','2018-10-06 05:38:43',NULL),
(18,'customer.delete','web','2018-10-06 05:38:43',NULL),
(19,'product.view','web','2018-10-06 05:38:43',NULL),
(20,'product.create','web','2018-10-06 05:38:43',NULL),
(21,'product.update','web','2018-10-06 05:38:43',NULL),
(22,'product.delete','web','2018-10-06 05:38:43',NULL),
(23,'purchase.view','web','2018-10-06 05:38:43',NULL),
(24,'purchase.create','web','2018-10-06 05:38:43',NULL),
(25,'purchase.update','web','2018-10-06 05:38:43',NULL),
(26,'purchase.delete','web','2018-10-06 05:38:43',NULL),
(27,'sell.view','web','2018-10-06 05:38:43',NULL),
(28,'sell.create','web','2018-10-06 05:38:43',NULL),
(29,'sell.update','web','2018-10-06 05:38:43',NULL),
(30,'sell.delete','web','2018-10-06 05:38:43',NULL),
(31,'purchase_n_sell_report.view','web','2018-10-06 05:38:43',NULL),
(32,'contacts_report.view','web','2018-10-06 05:38:43',NULL),
(33,'stock_report.view','web','2018-10-06 05:38:43',NULL),
(34,'tax_report.view','web','2018-10-06 05:38:43',NULL),
(35,'trending_product_report.view','web','2018-10-06 05:38:43',NULL),
(36,'register_report.view','web','2018-10-06 05:38:43',NULL),
(37,'sales_representative.view','web','2018-10-06 05:38:43',NULL),
(38,'expense_report.view','web','2018-10-06 05:38:43',NULL),
(39,'business_settings.access','web','2018-10-06 05:38:43',NULL),
(40,'barcode_settings.access','web','2018-10-06 05:38:43',NULL),
(41,'invoice_settings.access','web','2018-10-06 05:38:43',NULL),
(42,'brand.view','web','2018-10-06 05:38:43',NULL),
(43,'brand.create','web','2018-10-06 05:38:43',NULL),
(44,'brand.update','web','2018-10-06 05:38:43',NULL),
(45,'brand.delete','web','2018-10-06 05:38:43',NULL),
(46,'tax_rate.view','web','2018-10-06 05:38:43',NULL),
(47,'tax_rate.create','web','2018-10-06 05:38:43',NULL),
(48,'tax_rate.update','web','2018-10-06 05:38:43',NULL),
(49,'tax_rate.delete','web','2018-10-06 05:38:43',NULL),
(50,'unit.view','web','2018-10-06 05:38:43',NULL),
(51,'unit.create','web','2018-10-06 05:38:43',NULL),
(52,'unit.update','web','2018-10-06 05:38:43',NULL),
(53,'unit.delete','web','2018-10-06 05:38:43',NULL),
(54,'category.view','web','2018-10-06 05:38:43',NULL),
(55,'category.create','web','2018-10-06 05:38:43',NULL),
(56,'category.update','web','2018-10-06 05:38:43',NULL),
(57,'category.delete','web','2018-10-06 05:38:43',NULL),
(58,'expense.access','web','2018-10-06 05:38:43',NULL),
(59,'access_all_locations','web','2018-10-06 05:38:43',NULL),
(60,'dashboard.data','web','2018-10-06 05:38:43',NULL),
(61,'location.1','web','2018-10-06 13:16:12','2018-10-06 13:16:12'),
(62,'location.2','web','2018-10-06 13:18:53','2018-10-06 13:18:53'),
(63,'location.3','web','2018-10-06 13:55:15','2018-10-06 13:55:15'),
(64,'location.4','web','2018-10-20 03:27:17','2018-10-20 03:27:17'),
(65,'location.5','web','2018-12-26 04:07:49','2018-12-26 04:07:49'),
(66,'location.6','web','2019-01-29 23:12:50','2019-01-29 23:12:50'),
(67,'location.7','web','2019-01-29 22:54:20','2019-01-29 22:54:20'),
(68,'location.8','web','2019-03-20 16:46:54','2019-03-20 16:46:54'),
(69,'location.9','web','2019-03-30 21:49:50','2019-03-30 21:49:50'),
(70,'location.10','web','2019-04-21 02:39:00','2019-04-21 02:39:00'),
(71,'selling_price_group.1','web','2019-05-16 13:20:12','2019-05-16 13:20:12'),
(72,'selling_price_group.2','web','2019-05-16 13:59:36','2019-05-16 13:59:36'),
(73,'location.11','web','2019-05-18 16:49:09','2019-05-18 16:49:09'),
(74,'location.12','web','2019-05-18 16:50:59','2019-05-18 16:50:59'),
(75,'selling_price_group.3','web','2019-05-20 09:10:29','2019-05-20 09:10:29'),
(76,'selling_price_group.4','web','2019-05-20 09:19:32','2019-05-20 09:19:32'),
(77,'location.13','web','2019-05-29 16:24:35','2019-05-29 16:24:35'),
(78,'selling_price_group.5','web','2019-06-06 19:14:52','2019-06-06 19:14:52'),
(79,'selling_price_group.6','web','2019-06-06 19:15:38','2019-06-06 19:15:38'),
(80,'location.14','web','2019-06-07 12:10:03','2019-06-07 12:10:03'),
(81,'location.15','web','2019-06-07 12:17:01','2019-06-07 12:17:01'),
(82,'location.16','web','2019-06-07 12:19:18','2019-06-07 12:19:18'),
(83,'access_delivery','web','2019-06-07 12:19:18','2019-06-07 12:19:18'),
(84,'location.17','web','2019-06-20 06:01:15','2019-06-20 06:01:15'),
(85,'selling_price_group.7','web','2019-06-25 06:36:45','2019-06-25 06:36:45'),
(86,'selling_price_group.8','web','2019-06-25 06:39:41','2019-06-25 06:39:41'),
(87,'selling_price_group.9','web','2019-06-25 06:43:41','2019-06-25 06:43:41'),
(88,'selling_price_group.10','web','2019-06-27 11:39:49','2019-06-27 11:39:49'),
(89,'selling_price_group.11','web','2019-06-27 11:40:01','2019-06-27 11:40:01');

/*Table structure for table `printers` */

DROP TABLE IF EXISTS `printers`;

CREATE TABLE `printers` (
  `id` int(10) unsigned NOT NULL AUTO_INCREMENT,
  `business_id` int(10) unsigned NOT NULL,
  `name` varchar(256) COLLATE utf8mb4_unicode_ci NOT NULL,
  `connection_type` enum('network','windows','linux') COLLATE utf8mb4_unicode_ci NOT NULL,
  `capability_profile` enum('default','simple','SP2000','TEP-200M','P822D') COLLATE utf8mb4_unicode_ci NOT NULL DEFAULT 'default',
  `char_per_line` varchar(191) COLLATE utf8mb4_unicode_ci DEFAULT NULL,
  `ip_address` varchar(191) COLLATE utf8mb4_unicode_ci DEFAULT NULL,
  `port` varchar(191) COLLATE utf8mb4_unicode_ci DEFAULT NULL,
  `path` varchar(191) COLLATE utf8mb4_unicode_ci DEFAULT NULL,
  `created_by` int(10) unsigned NOT NULL,
  `created_at` timestamp NULL DEFAULT NULL,
  `updated_at` timestamp NULL DEFAULT NULL,
  PRIMARY KEY (`id`),
  KEY `printers_business_id_foreign` (`business_id`),
  CONSTRAINT `printers_business_id_foreign` FOREIGN KEY (`business_id`) REFERENCES `business` (`id`) ON DELETE CASCADE
) ENGINE=InnoDB DEFAULT CHARSET=utf8mb4 COLLATE=utf8mb4_unicode_ci;

/*Data for the table `printers` */

/*Table structure for table `product_in_carts` */

DROP TABLE IF EXISTS `product_in_carts`;

CREATE TABLE `product_in_carts` (
  `id` int(10) unsigned NOT NULL AUTO_INCREMENT,
  `product_id` int(10) unsigned NOT NULL,
  `variation_id` int(10) unsigned NOT NULL,
  `location_id` int(10) unsigned NOT NULL,
  `product_quantity` int(11) NOT NULL DEFAULT '0',
  `uid` varchar(50) COLLATE utf8mb4_unicode_ci NOT NULL DEFAULT '',
  `checked` enum('true','false') COLLATE utf8mb4_unicode_ci NOT NULL DEFAULT 'false',
  `purchased` tinyint(1) NOT NULL DEFAULT '0',
  `deleted_at` timestamp NULL DEFAULT NULL,
  `created_at` timestamp NULL DEFAULT NULL,
  `updated_at` timestamp NULL DEFAULT NULL,
  `selling_group_id` int(10) DEFAULT '0',
  `delivery_uid` varchar(50) COLLATE utf8mb4_unicode_ci DEFAULT NULL,
  `res_table_id` int(11) DEFAULT NULL,
  PRIMARY KEY (`id`),
  KEY `product_in_carts_product_id_foreign` (`product_id`),
  KEY `product_in_carts_variation_id_foreign` (`variation_id`),
  CONSTRAINT `product_in_carts_product_id_foreign` FOREIGN KEY (`product_id`) REFERENCES `products` (`id`) ON DELETE CASCADE,
  CONSTRAINT `product_in_carts_variation_id_foreign` FOREIGN KEY (`variation_id`) REFERENCES `variations` (`id`) ON DELETE CASCADE
) ENGINE=InnoDB AUTO_INCREMENT=78 DEFAULT CHARSET=utf8mb4 COLLATE=utf8mb4_unicode_ci;

/*Data for the table `product_in_carts` */

insert  into `product_in_carts`(`id`,`product_id`,`variation_id`,`location_id`,`product_quantity`,`uid`,`checked`,`purchased`,`deleted_at`,`created_at`,`updated_at`,`selling_group_id`,`delivery_uid`,`res_table_id`) values 
(2,14,14,4,1,'be3019y','true',0,NULL,'2019-04-17 18:41:27','2019-04-17 18:11:50',0,NULL,NULL),
(4,14,14,4,4,'dx6319y','true',0,NULL,'2019-04-19 18:26:20','2019-04-19 17:56:37',0,NULL,NULL),
(5,31,31,10,7,'vt3919v','true',0,NULL,'2019-04-21 07:43:33','2019-04-21 07:13:49',0,NULL,NULL),
(6,32,32,10,2,'gp5119d','true',0,NULL,'2019-04-21 08:55:42','2019-04-21 08:26:11',0,NULL,NULL),
(9,33,33,4,2,'tn4819i','true',1,NULL,'2019-04-26 06:11:17','2019-04-26 05:57:27',0,NULL,NULL),
(10,33,34,4,2,'tn4819i','true',1,NULL,'2019-04-26 06:11:17','2019-04-26 05:57:27',0,NULL,NULL),
(12,17,17,4,15,'zt4519y','true',0,NULL,'2019-05-16 16:32:08','2019-05-16 16:02:36',0,NULL,NULL),
(13,17,17,4,15,'ta1919z','true',0,NULL,'2019-05-16 16:35:09','2019-05-16 16:05:25',0,NULL,NULL),
(17,17,17,4,15,'eb9219j','true',0,NULL,'2019-05-16 16:38:25','2019-05-16 16:08:40',0,NULL,NULL),
(18,17,17,4,15,'dk7719f','true',0,NULL,'2019-05-16 17:53:23','2019-05-16 17:23:38',0,NULL,NULL),
(19,17,17,4,15,'ms5419z','true',0,NULL,'2019-05-16 18:39:43','2019-05-16 18:09:55',0,NULL,NULL),
(20,17,17,4,15,'sc8319e','true',0,NULL,'2019-05-16 18:52:52','2019-05-16 18:23:15',0,NULL,NULL),
(22,17,17,4,3,'te1219f','false',0,NULL,'2019-05-17 19:18:04','2019-05-17 19:18:04',1,NULL,NULL),
(23,17,17,4,3,'de6519k','true',0,NULL,'2019-05-17 19:18:06','2019-05-17 18:52:12',1,NULL,NULL),
(24,12,12,4,2,'yj2519q','true',0,NULL,'2019-05-17 19:42:28','2019-05-17 19:30:45',0,NULL,NULL),
(25,17,17,4,2,'yj2519q','true',0,NULL,'2019-05-17 19:42:28','2019-05-17 19:30:45',1,NULL,NULL),
(26,14,14,4,1,'yj2519q','true',0,NULL,'2019-05-17 19:42:28','2019-05-17 19:30:45',5,NULL,NULL),
(27,14,14,4,3,'gy8119x','true',0,NULL,'2019-05-17 21:33:48','2019-05-17 21:47:55',2,NULL,NULL),
(28,17,17,4,2,'gy8119x','true',0,NULL,'2019-05-17 21:33:48','2019-05-17 21:47:55',2,NULL,NULL),
(29,12,12,4,2,'gy8119x','true',0,NULL,'2019-05-17 21:33:49','2019-05-17 21:47:55',0,NULL,NULL),
(36,14,14,4,3,'af7919c','true',0,NULL,'2019-05-17 22:31:44','2019-05-17 22:01:54',2,NULL,NULL),
(37,17,17,4,1,'af7919c','true',0,NULL,'2019-05-17 22:31:45','2019-05-17 22:01:54',1,NULL,NULL),
(38,12,12,4,1,'af7919c','true',0,NULL,'2019-05-17 22:31:45','2019-05-17 22:01:54',0,NULL,NULL),
(47,30,30,4,3,'te7519h','true',0,NULL,'2019-06-07 11:03:34','2019-06-07 10:44:06',1,NULL,NULL),
(48,17,17,4,3,'te7519h','true',0,NULL,'2019-06-07 11:03:34','2019-06-07 10:44:06',1,NULL,NULL),
(49,30,30,4,3,'fu2219v','true',0,NULL,'2019-06-07 11:17:26','2019-06-07 11:26:21',1,NULL,NULL),
(50,17,17,4,3,'fu2219v','true',0,NULL,'2019-06-07 11:17:26','2019-06-07 11:26:21',1,NULL,NULL),
(54,30,30,4,4,'mk3619p','true',0,NULL,'2019-06-20 08:17:23','2019-06-20 07:47:45',1,NULL,NULL),
(55,30,30,4,4,'jw8719y','true',0,NULL,'2019-06-20 09:22:05','2019-06-20 09:18:58',1,NULL,NULL),
(57,30,30,4,4,'cn2319e','true',0,NULL,'2019-06-20 12:49:35','2019-06-20 12:19:46',1,NULL,NULL),
(58,30,30,4,4,'je9419b','true',0,NULL,'2019-06-20 13:00:20','2019-06-21 13:42:54',1,'10',NULL),
(65,13,13,4,3,'yk6119v','true',0,NULL,'2019-06-24 15:53:28','2019-06-24 15:23:35',0,NULL,NULL),
(66,17,17,4,3,'yk6119v','true',0,NULL,'2019-06-24 15:53:28','2019-06-24 15:23:35',0,NULL,NULL),
(67,30,30,4,3,'yk6119v','true',0,NULL,'2019-06-24 15:53:28','2019-06-24 15:23:35',0,NULL,NULL),
(68,13,13,4,3,'bc6519s','false',0,NULL,'2019-06-24 15:59:10','2019-06-24 15:59:10',0,NULL,NULL),
(69,17,17,4,3,'bc6519s','false',0,NULL,'2019-06-24 15:59:10','2019-06-24 15:59:10',0,NULL,NULL),
(70,30,30,4,3,'bc6519s','false',0,NULL,'2019-06-24 15:59:10','2019-06-24 15:59:10',0,NULL,NULL),
(71,13,13,4,3,'vk3319i','false',0,NULL,'2019-06-24 16:01:30','2019-06-24 16:01:30',0,NULL,NULL),
(72,17,17,4,3,'vk3319i','false',0,NULL,'2019-06-24 16:01:30','2019-06-24 16:01:30',0,NULL,NULL),
(73,30,30,4,3,'vk3319i','false',0,NULL,'2019-06-24 16:01:30','2019-06-24 16:01:30',0,NULL,NULL),
(74,13,13,4,3,'jm3719r','false',0,NULL,'2019-06-24 16:01:51','2019-06-24 16:01:51',0,NULL,NULL),
(75,13,13,4,3,'hn8019a','true',0,NULL,'2019-06-24 16:03:50','2019-06-24 15:34:12',0,'5',NULL),
(76,17,17,4,3,'hn8019a','true',0,NULL,'2019-06-24 16:03:50','2019-06-24 15:34:12',0,'5',NULL),
(77,30,30,4,3,'hn8019a','true',0,NULL,'2019-06-24 16:03:50','2019-06-24 15:34:12',0,'5',NULL);

/*Table structure for table `product_racks` */

DROP TABLE IF EXISTS `product_racks`;

CREATE TABLE `product_racks` (
  `id` int(10) unsigned NOT NULL AUTO_INCREMENT,
  `business_id` int(10) unsigned NOT NULL,
  `location_id` int(10) unsigned NOT NULL,
  `product_id` int(10) unsigned NOT NULL,
  `rack` varchar(191) COLLATE utf8mb4_unicode_ci DEFAULT NULL,
  `row` varchar(191) COLLATE utf8mb4_unicode_ci DEFAULT NULL,
  `position` varchar(191) COLLATE utf8mb4_unicode_ci DEFAULT NULL,
  `created_at` timestamp NULL DEFAULT NULL,
  `updated_at` timestamp NULL DEFAULT NULL,
  PRIMARY KEY (`id`)
) ENGINE=InnoDB AUTO_INCREMENT=35 DEFAULT CHARSET=utf8mb4 COLLATE=utf8mb4_unicode_ci;

/*Data for the table `product_racks` */

insert  into `product_racks`(`id`,`business_id`,`location_id`,`product_id`,`rack`,`row`,`position`,`created_at`,`updated_at`) values 
(1,4,4,17,NULL,NULL,NULL,'2019-02-13 10:33:15','2019-03-26 19:23:28'),
(2,4,4,18,'yes',NULL,NULL,'2019-02-17 17:05:06','2019-02-17 17:05:06'),
(3,4,4,19,NULL,NULL,NULL,'2019-03-18 16:13:43','2019-03-20 14:13:08'),
(4,4,4,6,NULL,NULL,NULL,'2019-03-20 15:41:02','2019-03-20 15:41:02'),
(5,4,4,22,NULL,NULL,NULL,'2019-03-30 22:32:11','2019-03-30 22:32:11'),
(6,4,4,24,NULL,NULL,NULL,'2019-04-06 17:04:40','2019-04-06 17:07:59'),
(7,4,4,13,NULL,NULL,NULL,'2019-04-06 17:06:30','2019-04-06 17:06:30'),
(8,4,4,25,NULL,NULL,NULL,'2019-04-17 19:36:18','2019-04-17 19:36:48'),
(9,4,4,26,NULL,NULL,NULL,'2019-04-19 23:12:58','2019-04-19 23:12:58'),
(10,4,4,27,NULL,NULL,NULL,'2019-04-21 04:11:43','2019-04-21 04:11:43'),
(11,4,10,27,NULL,NULL,NULL,'2019-04-21 04:11:43','2019-04-21 04:11:43'),
(12,4,4,28,NULL,NULL,NULL,'2019-04-21 04:11:57','2019-04-21 04:11:57'),
(13,4,10,28,NULL,NULL,NULL,'2019-04-21 04:11:57','2019-04-21 04:11:57'),
(14,4,4,29,NULL,NULL,NULL,'2019-04-21 05:57:12','2019-04-21 05:57:12'),
(15,4,10,29,NULL,NULL,NULL,'2019-04-21 05:57:12','2019-04-21 05:57:12'),
(16,4,4,8,NULL,NULL,NULL,'2019-04-21 05:58:03','2019-04-21 05:58:03'),
(17,4,10,8,NULL,NULL,NULL,'2019-04-21 05:58:03','2019-04-21 05:58:03'),
(18,4,4,30,NULL,NULL,NULL,'2019-04-21 06:20:09','2019-04-21 06:23:21'),
(19,4,10,30,NULL,NULL,NULL,'2019-04-21 06:20:09','2019-04-21 06:23:21'),
(20,4,4,31,NULL,NULL,NULL,'2019-04-21 06:20:32','2019-04-21 06:23:54'),
(21,4,10,31,NULL,NULL,NULL,'2019-04-21 06:20:32','2019-04-21 06:23:54'),
(22,4,4,32,NULL,NULL,NULL,'2019-04-21 08:21:44','2019-04-21 08:21:44'),
(23,4,10,32,NULL,NULL,NULL,'2019-04-21 08:21:44','2019-04-21 08:21:44'),
(24,4,4,33,NULL,NULL,NULL,'2019-04-25 17:21:41','2019-04-25 17:46:05'),
(25,4,10,33,NULL,NULL,NULL,'2019-04-25 17:21:41','2019-04-25 17:46:05'),
(26,9,12,34,NULL,NULL,NULL,'2019-05-18 17:04:36','2019-05-18 17:04:36'),
(27,4,4,12,NULL,NULL,NULL,'2019-06-06 17:36:57','2019-06-06 17:36:57'),
(28,4,10,12,NULL,NULL,NULL,'2019-06-06 17:36:57','2019-06-06 17:36:57'),
(29,4,4,12,NULL,NULL,NULL,'2019-06-06 17:37:13','2019-06-06 17:37:13'),
(30,4,10,12,NULL,NULL,NULL,'2019-06-06 17:37:13','2019-06-06 17:37:13'),
(31,4,4,12,NULL,NULL,NULL,'2019-06-06 17:37:52','2019-06-06 17:37:52'),
(32,4,10,12,NULL,NULL,NULL,'2019-06-06 17:37:52','2019-06-06 17:37:52'),
(33,4,4,35,NULL,NULL,NULL,'2019-06-07 04:56:08','2019-06-07 04:56:08'),
(34,4,10,35,NULL,NULL,NULL,'2019-06-07 04:56:08','2019-06-07 04:56:08');

/*Table structure for table `product_variations` */

DROP TABLE IF EXISTS `product_variations`;

CREATE TABLE `product_variations` (
  `id` int(10) unsigned NOT NULL AUTO_INCREMENT,
  `name` varchar(191) COLLATE utf8mb4_unicode_ci NOT NULL,
  `product_id` int(10) unsigned NOT NULL,
  `is_dummy` tinyint(1) NOT NULL DEFAULT '1',
  `created_at` timestamp NULL DEFAULT NULL,
  `updated_at` timestamp NULL DEFAULT NULL,
  PRIMARY KEY (`id`),
  KEY `product_variations_name_index` (`name`),
  KEY `product_variations_product_id_index` (`product_id`),
  CONSTRAINT `product_variations_product_id_foreign` FOREIGN KEY (`product_id`) REFERENCES `products` (`id`) ON DELETE CASCADE
) ENGINE=InnoDB AUTO_INCREMENT=37 DEFAULT CHARSET=utf8mb4 COLLATE=utf8mb4_unicode_ci;

/*Data for the table `product_variations` */

insert  into `product_variations`(`id`,`name`,`product_id`,`is_dummy`,`created_at`,`updated_at`) values 
(3,'DUMMY',3,1,'2018-10-06 16:36:40','2018-10-06 16:36:40'),
(5,'DUMMY',5,1,'2018-10-06 16:39:10','2018-10-06 16:39:10'),
(6,'DUMMY',6,1,'2018-10-20 03:17:56','2018-10-20 03:17:56'),
(7,'DUMMY',7,1,'2018-10-20 03:25:19','2018-10-20 03:25:19'),
(8,'DUMMY',8,1,'2018-10-22 02:42:31','2018-10-22 02:42:31'),
(9,'DUMMY',9,1,'2019-01-11 13:27:42','2019-01-11 13:27:42'),
(10,'DUMMY',10,1,'2019-01-11 21:53:50','2019-01-11 21:53:50'),
(11,'DUMMY',11,1,'2019-01-15 19:09:04','2019-01-15 19:09:04'),
(12,'DUMMY',12,1,'2019-01-26 20:45:36','2019-01-26 20:45:36'),
(13,'DUMMY',13,1,'2019-01-29 20:33:37','2019-01-29 20:33:37'),
(14,'DUMMY',14,1,'2019-01-29 20:39:15','2019-01-29 20:39:15'),
(15,'DUMMY',15,1,'2019-01-29 20:58:51','2019-01-29 20:58:51'),
(17,'DUMMY',17,1,'2019-02-13 10:33:15','2019-02-13 10:33:15'),
(18,'DUMMY',18,1,'2019-02-17 17:05:06','2019-02-17 17:05:06'),
(19,'DUMMY',19,1,'2019-03-18 16:13:43','2019-03-18 16:13:43'),
(20,'DUMMY',20,1,'2019-03-21 16:31:22','2019-03-21 16:31:22'),
(21,'DUMMY',21,1,'2019-03-26 19:44:40','2019-03-26 19:44:40'),
(24,'DUMMY',24,1,'2019-04-06 17:04:40','2019-04-06 17:04:40'),
(27,'DUMMY',27,0,'2019-04-21 04:11:43','2019-04-21 04:11:43'),
(28,'DUMMY',28,1,'2019-04-21 04:11:57','2019-04-21 04:11:57'),
(29,'DUMMY',29,1,'2019-04-21 05:57:12','2019-04-21 05:57:12'),
(30,'DUMMY',30,1,'2019-04-21 06:20:09','2019-04-21 06:20:09'),
(31,'DUMMY',31,1,'2019-04-21 06:20:32','2019-04-21 06:20:32'),
(32,'DUMMY',32,1,'2019-04-21 08:21:43','2019-04-21 08:21:43'),
(33,'v0',33,0,'2019-04-25 17:21:40','2019-04-25 17:21:40'),
(34,'DUMMY',34,1,'2019-05-18 17:04:36','2019-05-18 17:04:36'),
(35,'DUMMY',35,1,'2019-06-07 04:56:08','2019-06-07 04:56:08'),
(36,'DUMMY',36,1,'2019-06-25 22:15:30','2019-06-25 22:15:30');

/*Table structure for table `products` */

DROP TABLE IF EXISTS `products`;

CREATE TABLE `products` (
  `id` int(10) unsigned NOT NULL AUTO_INCREMENT,
  `name` varchar(191) COLLATE utf8mb4_unicode_ci NOT NULL,
  `business_id` int(10) unsigned NOT NULL,
  `type` enum('single','variable','modifier') COLLATE utf8mb4_unicode_ci DEFAULT NULL,
  `unit_id` int(11) unsigned DEFAULT NULL,
  `brand_id` int(10) unsigned DEFAULT NULL,
  `category_id` int(10) unsigned DEFAULT NULL,
  `sub_category_id` int(10) unsigned DEFAULT NULL,
  `tax` int(10) unsigned DEFAULT NULL,
  `tax_type` enum('inclusive','exclusive') COLLATE utf8mb4_unicode_ci NOT NULL,
  `enable_stock` tinyint(1) NOT NULL DEFAULT '0',
  `alert_quantity` int(11) NOT NULL,
  `sku` varchar(191) COLLATE utf8mb4_unicode_ci NOT NULL,
  `barcode_type` enum('C39','C128','EAN13','EAN8','UPCA','UPCE') COLLATE utf8mb4_unicode_ci DEFAULT 'C128',
  `expiry_period` decimal(4,2) DEFAULT NULL,
  `expiry_period_type` enum('days','months') COLLATE utf8mb4_unicode_ci DEFAULT NULL,
  `enable_sr_no` tinyint(1) NOT NULL DEFAULT '0',
  `weight` varchar(191) COLLATE utf8mb4_unicode_ci DEFAULT NULL,
  `product_custom_field1` varchar(191) COLLATE utf8mb4_unicode_ci DEFAULT NULL,
  `product_custom_field2` varchar(191) COLLATE utf8mb4_unicode_ci DEFAULT NULL,
  `product_custom_field3` varchar(191) COLLATE utf8mb4_unicode_ci DEFAULT NULL,
  `product_custom_field4` varchar(191) COLLATE utf8mb4_unicode_ci DEFAULT NULL,
  `image` varchar(191) COLLATE utf8mb4_unicode_ci DEFAULT NULL,
  `created_by` int(10) unsigned NOT NULL,
  `created_at` timestamp NULL DEFAULT NULL,
  `updated_at` timestamp NULL DEFAULT NULL,
  `business_location_id` int(11) DEFAULT NULL,
  PRIMARY KEY (`id`),
  KEY `products_brand_id_foreign` (`brand_id`),
  KEY `products_category_id_foreign` (`category_id`),
  KEY `products_sub_category_id_foreign` (`sub_category_id`),
  KEY `products_tax_foreign` (`tax`),
  KEY `products_name_index` (`name`),
  KEY `products_business_id_index` (`business_id`),
  KEY `products_unit_id_index` (`unit_id`),
  KEY `products_created_by_index` (`created_by`),
  CONSTRAINT `products_brand_id_foreign` FOREIGN KEY (`brand_id`) REFERENCES `brands` (`id`) ON DELETE CASCADE,
  CONSTRAINT `products_business_id_foreign` FOREIGN KEY (`business_id`) REFERENCES `business` (`id`) ON DELETE CASCADE,
  CONSTRAINT `products_category_id_foreign` FOREIGN KEY (`category_id`) REFERENCES `categories` (`id`) ON DELETE CASCADE,
  CONSTRAINT `products_created_by_foreign` FOREIGN KEY (`created_by`) REFERENCES `users` (`id`) ON DELETE CASCADE,
  CONSTRAINT `products_sub_category_id_foreign` FOREIGN KEY (`sub_category_id`) REFERENCES `categories` (`id`) ON DELETE CASCADE,
  CONSTRAINT `products_tax_foreign` FOREIGN KEY (`tax`) REFERENCES `tax_rates` (`id`),
  CONSTRAINT `products_unit_id_foreign` FOREIGN KEY (`unit_id`) REFERENCES `units` (`id`) ON DELETE CASCADE
) ENGINE=InnoDB AUTO_INCREMENT=37 DEFAULT CHARSET=utf8mb4 COLLATE=utf8mb4_unicode_ci;

/*Data for the table `products` */

insert  into `products`(`id`,`name`,`business_id`,`type`,`unit_id`,`brand_id`,`category_id`,`sub_category_id`,`tax`,`tax_type`,`enable_stock`,`alert_quantity`,`sku`,`barcode_type`,`expiry_period`,`expiry_period_type`,`enable_sr_no`,`weight`,`product_custom_field1`,`product_custom_field2`,`product_custom_field3`,`product_custom_field4`,`image`,`created_by`,`created_at`,`updated_at`,`business_location_id`) values 
(3,'Note Book-1',1,'single',4,2,1,NULL,NULL,'exclusive',1,1,'0003','EAN13',NULL,NULL,0,NULL,NULL,NULL,NULL,NULL,'1538739400_book.jpg',1,'2018-10-06 16:36:40','2018-10-06 16:39:37',NULL),
(5,'Cola',1,'single',1,1,1,NULL,NULL,'exclusive',1,1,'6970091278618','EAN13',NULL,NULL,0,NULL,NULL,NULL,NULL,NULL,'1538739550_xol.png',1,'2018-10-06 16:39:10','2018-10-06 16:39:10',NULL),
(6,'Slice',4,'single',6,NULL,NULL,NULL,1,'inclusive',1,10,'8964000101421','C128',NULL,NULL,0,NULL,NULL,NULL,NULL,NULL,'1539912026_slice.jpg',4,'2018-10-20 03:17:56','2019-03-20 15:41:02',NULL),
(7,'Sprite',4,'single',6,NULL,NULL,NULL,1,'exclusive',1,10,'5449000012203','C128',NULL,NULL,0,NULL,NULL,NULL,NULL,NULL,'1539912319_sprite.png',4,'2018-10-20 03:25:19','2018-10-20 03:25:19',NULL),
(8,'fix',4,'single',6,NULL,NULL,NULL,1,'inclusive',1,0,'8964000101414','C128',NULL,NULL,0,NULL,NULL,NULL,NULL,NULL,'1540082551_slice.jpg',4,'2018-10-22 02:42:31','2019-04-21 05:58:03',NULL),
(9,'nesvita',4,'single',6,NULL,NULL,NULL,1,'inclusive',1,1,'8961008211282','C128',NULL,NULL,0,NULL,NULL,NULL,NULL,NULL,'1547119662_index.jpg',4,'2019-01-11 13:27:42','2019-02-13 09:31:33',NULL),
(10,'biofad',4,'single',6,NULL,NULL,NULL,NULL,'exclusive',1,89,'9279292463232','C128',NULL,NULL,0,NULL,NULL,NULL,NULL,NULL,'1547150155_images.jpg',4,'2019-01-11 21:53:49','2019-01-11 21:55:55',NULL),
(11,'fix',4,'single',6,NULL,NULL,NULL,1,'exclusive',1,100,'C128','C128',NULL,NULL,0,NULL,NULL,NULL,NULL,NULL,'1547485743_download.png',4,'2019-01-15 19:09:04','2019-01-15 19:09:04',NULL),
(12,'Lubriderm',4,'single',6,NULL,NULL,NULL,1,'exclusive',1,10,'C128','C128',NULL,NULL,0,NULL,NULL,NULL,NULL,NULL,'1548441936_haha.jpg',4,'2019-01-26 20:45:36','2019-01-26 20:45:36',NULL),
(13,'Milk',4,'single',6,NULL,NULL,NULL,1,'inclusive',1,10,'8961008206400','C128',NULL,NULL,0,NULL,NULL,NULL,NULL,NULL,'1554476790_1548700417_nestle-milk-pak-1liter-600x600.jpg',4,'2019-01-29 20:33:37','2019-04-06 17:06:30',NULL),
(14,'Jam',4,'single',6,NULL,NULL,NULL,1,'inclusive',1,10,'8961005030107','C128',NULL,NULL,0,NULL,NULL,NULL,NULL,NULL,'1548700755_jam.jpg',4,'2019-01-29 20:39:15','2019-01-29 20:39:15',NULL),
(15,'Chilli Garlic',4,'single',6,NULL,NULL,NULL,1,'inclusive',1,10,'620514008981','C128',NULL,NULL,0,NULL,NULL,NULL,NULL,NULL,'1548701931_chilli.jpg',4,'2019-01-29 20:58:51','2019-01-29 20:58:51',NULL),
(17,'Dayfresh',4,'single',6,NULL,NULL,NULL,1,'inclusive',1,10,'8964000816493','C128',NULL,NULL,0,NULL,NULL,NULL,NULL,NULL,'1549960395_strawberry.png',4,'2019-02-13 10:33:15','2019-03-26 19:23:28',NULL),
(18,'risek',4,'single',6,NULL,NULL,NULL,1,'exclusive',1,10,'8964000223178','C128',NULL,NULL,0,'10gm',NULL,NULL,NULL,NULL,'1550329505_images.jpg',4,'2019-02-17 17:05:06','2019-02-17 17:05:06',NULL),
(19,'Rose Petal',4,'single',6,NULL,NULL,NULL,1,'inclusive',1,10,'8961006040044','C128',NULL,NULL,0,NULL,NULL,NULL,NULL,NULL,'1552832106_Rose-Petal-Pop-Up-Tissue-Box-–-150-Pull....jpg',4,'2019-03-18 16:13:43','2019-03-20 14:13:08',NULL),
(20,'Dayfresh',7,'single',9,NULL,NULL,NULL,3,'inclusive',1,10,'8961005030106','C128',NULL,NULL,0,NULL,NULL,NULL,NULL,NULL,'1553092281_strawberry.png',8,'2019-03-21 16:31:21','2019-04-06 15:34:05',NULL),
(21,'Milk',7,'single',9,NULL,NULL,NULL,3,'inclusive',1,10,'8961008206400','C128',NULL,NULL,0,NULL,NULL,NULL,NULL,NULL,'1553535880_1548700417_nestle-milk-pak-1liter-600x600.jpg',8,'2019-03-26 19:44:40','2019-03-26 19:44:40',NULL),
(24,'Milk',4,'single',6,NULL,NULL,NULL,1,'exclusive',1,10,'8961008213392','C128',NULL,NULL,0,NULL,NULL,NULL,NULL,NULL,'1554476879_1548700417_nestle-milk-pak-1liter-600x600.jpg',4,'2019-04-06 17:04:40','2019-04-06 17:07:59',NULL),
(27,'Chilli Garlic',4,'variable',6,NULL,NULL,NULL,1,'inclusive',1,10,'dfsd','C128',NULL,NULL,0,NULL,NULL,NULL,NULL,NULL,NULL,4,'2019-04-21 04:11:43','2019-04-21 04:11:43',NULL),
(28,'Chilli Garlic',4,'single',6,NULL,NULL,NULL,1,'inclusive',1,10,'dfsd','C128',NULL,NULL,0,NULL,NULL,NULL,NULL,NULL,NULL,4,'2019-04-21 04:11:57','2019-04-21 04:11:57',NULL),
(29,'fix',4,'single',6,NULL,NULL,NULL,1,'exclusive',1,100,'8964000101414','C128',NULL,NULL,0,NULL,NULL,NULL,NULL,NULL,NULL,4,'2019-04-21 05:57:12','2019-04-21 05:57:12',NULL),
(30,'aaaaaaaaa',4,'single',6,NULL,NULL,NULL,1,'exclusive',1,21,'123456','C128',NULL,NULL,0,NULL,NULL,NULL,NULL,NULL,NULL,4,'2019-04-21 06:20:09','2019-04-21 06:23:20',NULL),
(31,'aaaaaaaaa',4,'single',6,NULL,NULL,NULL,1,'exclusive',1,21,'123456','C128',NULL,NULL,0,NULL,NULL,NULL,NULL,NULL,NULL,4,'2019-04-21 06:20:32','2019-04-21 06:23:54',NULL),
(32,'biofad',4,'single',6,NULL,NULL,NULL,NULL,'exclusive',1,89,'9279292463232','C128',NULL,NULL,0,NULL,NULL,NULL,NULL,NULL,NULL,4,'2019-04-21 08:21:43','2019-04-21 08:21:43',NULL),
(33,'variable',4,'variable',6,NULL,NULL,NULL,1,'exclusive',1,1,'abc','C128',NULL,NULL,0,NULL,NULL,NULL,NULL,NULL,NULL,4,'2019-04-25 17:21:40','2019-04-25 17:46:05',NULL),
(34,'rice',9,'single',11,NULL,NULL,NULL,4,'exclusive',1,21,'111','C128',NULL,NULL,0,NULL,NULL,NULL,NULL,NULL,NULL,11,'2019-05-18 17:04:36','2019-05-18 17:04:36',NULL),
(35,'qqq',4,'single',6,NULL,NULL,NULL,1,'inclusive',1,123,'qqq','C128',NULL,NULL,0,NULL,NULL,NULL,NULL,NULL,NULL,4,'2019-06-07 04:56:08','2019-06-07 04:56:08',NULL),
(36,'aaa',14,'single',16,NULL,NULL,NULL,5,'inclusive',1,100,'aaa','C128',NULL,NULL,0,NULL,NULL,NULL,NULL,NULL,NULL,16,'2019-06-25 22:15:29','2019-06-25 22:16:54',NULL);

/*Table structure for table `purchase_lines` */

DROP TABLE IF EXISTS `purchase_lines`;

CREATE TABLE `purchase_lines` (
  `id` int(10) unsigned NOT NULL AUTO_INCREMENT,
  `transaction_id` int(10) unsigned NOT NULL,
  `product_id` int(10) unsigned NOT NULL,
  `variation_id` int(10) unsigned NOT NULL,
  `quantity` decimal(20,4) NOT NULL,
  `pp_without_discount` decimal(20,2) NOT NULL DEFAULT '0.00' COMMENT 'Purchase price before inline discounts',
  `discount_percent` decimal(5,2) NOT NULL DEFAULT '0.00' COMMENT 'Inline discount percentage',
  `purchase_price` decimal(20,2) DEFAULT NULL,
  `purchase_price_inc_tax` decimal(20,2) NOT NULL DEFAULT '0.00',
  `item_tax` decimal(20,2) DEFAULT NULL,
  `tax_id` int(10) unsigned DEFAULT NULL,
  `quantity_sold` decimal(20,4) DEFAULT '0.0000',
  `quantity_adjusted` decimal(20,4) DEFAULT '0.0000',
  `mfg_date` date DEFAULT NULL,
  `exp_date` date DEFAULT NULL,
  `lot_number` varchar(256) COLLATE utf8mb4_unicode_ci DEFAULT NULL,
  `created_at` timestamp NULL DEFAULT NULL,
  `updated_at` timestamp NULL DEFAULT NULL,
  PRIMARY KEY (`id`),
  KEY `purchase_lines_transaction_id_foreign` (`transaction_id`),
  KEY `purchase_lines_product_id_foreign` (`product_id`),
  KEY `purchase_lines_variation_id_foreign` (`variation_id`),
  KEY `purchase_lines_tax_id_foreign` (`tax_id`),
  CONSTRAINT `purchase_lines_product_id_foreign` FOREIGN KEY (`product_id`) REFERENCES `products` (`id`) ON DELETE CASCADE,
  CONSTRAINT `purchase_lines_tax_id_foreign` FOREIGN KEY (`tax_id`) REFERENCES `tax_rates` (`id`) ON DELETE CASCADE,
  CONSTRAINT `purchase_lines_transaction_id_foreign` FOREIGN KEY (`transaction_id`) REFERENCES `transactions` (`id`) ON DELETE CASCADE,
  CONSTRAINT `purchase_lines_variation_id_foreign` FOREIGN KEY (`variation_id`) REFERENCES `variations` (`id`) ON DELETE CASCADE
) ENGINE=InnoDB AUTO_INCREMENT=45 DEFAULT CHARSET=utf8mb4 COLLATE=utf8mb4_unicode_ci;

/*Data for the table `purchase_lines` */

insert  into `purchase_lines`(`id`,`transaction_id`,`product_id`,`variation_id`,`quantity`,`pp_without_discount`,`discount_percent`,`purchase_price`,`purchase_price_inc_tax`,`item_tax`,`tax_id`,`quantity_sold`,`quantity_adjusted`,`mfg_date`,`exp_date`,`lot_number`,`created_at`,`updated_at`) values 
(4,51,6,6,100.0000,35.00,0.00,35.00,40.95,5.95,1,16.0000,0.0000,NULL,NULL,NULL,'2018-10-19 18:18:10','2019-06-25 09:04:24'),
(5,52,7,7,100.0000,79.65,0.00,79.65,90.00,10.35,1,8.0000,0.0000,NULL,NULL,NULL,'2018-10-19 18:25:55','2019-06-25 09:04:24'),
(6,54,8,8,100.0000,69.02,0.00,69.02,80.75,11.73,1,12.0000,0.0000,NULL,NULL,NULL,'2018-10-21 17:44:18','2019-06-25 09:04:24'),
(7,76,9,9,100.0000,20.00,0.00,20.00,23.40,3.40,1,41.0000,0.0000,NULL,NULL,NULL,'2019-01-11 04:28:48','2019-06-25 01:07:57'),
(8,78,10,10,150.0000,200.00,0.00,200.00,200.00,0.00,NULL,84.0000,0.0000,NULL,NULL,NULL,'2019-01-11 12:59:06','2019-06-25 08:51:53'),
(9,114,11,11,100.0000,300.00,0.00,300.00,339.00,39.00,1,13.0000,0.0000,NULL,NULL,NULL,'2019-01-15 10:09:34','2019-06-25 09:04:24'),
(10,134,12,12,1000.0000,50.00,0.00,50.00,58.50,8.50,1,6.0000,0.0000,NULL,NULL,NULL,'2019-01-26 11:45:51','2019-06-25 01:07:57'),
(11,150,13,13,100000.0000,111.11,0.00,111.11,130.00,18.89,1,38.0000,0.0000,NULL,NULL,NULL,'2019-01-29 11:34:04','2019-06-24 15:43:33'),
(12,151,14,14,100000.0000,128.21,0.00,128.21,150.01,21.80,1,22.0000,0.0000,NULL,NULL,NULL,'2019-01-29 11:39:57','2019-05-17 23:07:25'),
(13,152,15,15,100000.0000,217.95,0.00,217.95,255.00,37.05,1,15.0000,0.0000,NULL,NULL,NULL,'2019-01-29 11:59:06','2019-06-25 01:25:21'),
(16,156,17,17,500.0000,33.33,0.00,33.33,39.00,5.67,1,274.0000,0.0000,NULL,NULL,NULL,'2019-02-13 01:33:27','2019-06-24 15:43:33'),
(17,240,18,18,100.0000,200.00,0.00,200.00,234.00,34.00,1,10.0000,0.0000,NULL,NULL,NULL,'2019-02-17 08:06:51','2019-05-03 00:27:50'),
(18,156,17,17,96.0000,33.33,0.00,33.33,39.00,5.67,1,1.0000,0.0000,NULL,NULL,NULL,'2019-03-16 22:04:15','2019-06-25 01:07:57'),
(19,312,19,19,10000.0000,82.00,0.00,82.00,95.94,13.94,1,10.0000,0.0000,NULL,NULL,NULL,'2019-03-18 07:14:03','2019-03-20 06:57:51'),
(20,347,20,20,10000.0000,33.33,0.00,33.33,39.00,5.67,3,10000.0000,0.0000,NULL,NULL,NULL,'2019-03-21 07:31:34','2019-04-06 06:34:58'),
(21,347,20,20,1000.0000,33.33,0.00,33.33,39.00,5.67,3,1000.0000,0.0000,NULL,NULL,NULL,'2019-03-21 08:23:08','2019-04-06 06:34:58'),
(22,357,21,21,10000.0000,111.11,0.00,111.11,130.00,18.89,3,0.0000,0.0000,NULL,NULL,NULL,'2019-03-26 10:45:04','2019-03-26 10:45:04'),
(23,347,20,20,1000.0000,33.33,0.00,33.33,39.00,5.67,3,9.0000,0.0000,NULL,NULL,NULL,'2019-03-30 09:31:06','2019-04-06 06:34:58'),
(24,365,20,20,1.0000,33.33,0.00,33.33,39.00,5.67,3,1.0000,0.0000,NULL,NULL,NULL,'2019-03-30 12:51:05','2019-04-06 06:34:58'),
(25,365,20,20,1.0000,33.33,0.00,33.33,39.00,5.67,3,1.0000,0.0000,NULL,NULL,NULL,'2019-04-06 05:28:53','2019-04-06 06:34:58'),
(26,365,20,20,1.0000,33.33,0.00,33.33,39.00,5.67,3,1.0000,0.0000,NULL,NULL,NULL,'2019-04-06 06:34:58','2019-04-06 06:35:22'),
(27,377,24,24,100.0000,113.68,0.00,113.68,133.01,19.33,1,1.0000,0.0000,NULL,NULL,NULL,'2019-04-06 08:04:48','2019-04-06 08:10:08'),
(28,404,29,29,100.0000,500.00,0.00,500.00,585.00,85.00,1,0.0000,0.0000,NULL,NULL,NULL,'2019-04-21 05:58:53','2019-04-21 06:15:59'),
(31,407,31,31,100.0000,60.00,0.00,60.00,70.20,10.20,1,10.0000,0.0000,NULL,NULL,NULL,'2019-04-21 06:24:44','2019-07-14 06:28:26'),
(34,410,30,30,100.0000,50.00,0.00,50.00,58.50,8.50,1,60.0000,0.0000,NULL,NULL,NULL,'2019-04-21 07:07:09','2019-07-09 19:41:52'),
(35,412,32,32,200.0000,1000.00,0.00,1000.00,1000.00,0.00,NULL,2.0000,0.0000,NULL,NULL,NULL,'2019-04-21 08:22:35','2019-07-14 06:29:45'),
(36,415,33,33,500.0000,100.00,0.00,100.00,117.00,17.00,1,25.0000,0.0000,NULL,NULL,NULL,'2019-04-25 17:22:53','2019-06-05 16:20:23'),
(37,415,33,34,100.0000,200.00,0.00,200.00,234.00,34.00,1,9.0000,0.0000,NULL,NULL,NULL,'2019-04-25 17:22:53','2019-05-03 00:29:30'),
(38,439,34,35,1000.0000,50.00,0.00,50.00,58.50,8.50,4,0.0000,0.0000,NULL,NULL,NULL,'2019-05-18 17:04:49','2019-05-18 17:04:49'),
(39,445,30,30,100.0000,50.00,0.00,50.00,58.50,8.50,1,7.0000,0.0000,NULL,NULL,NULL,'2019-06-06 20:57:22','2019-06-07 04:34:44'),
(40,469,36,37,100.0000,100.00,0.00,100.00,100.00,0.00,NULL,6.0000,0.0000,NULL,NULL,NULL,'2019-06-25 22:16:41','2019-06-26 00:30:28'),
(43,476,31,31,10.0000,60.00,0.00,60.00,70.20,10.20,1,0.0000,0.0000,NULL,NULL,NULL,'2019-07-14 06:28:26','2019-07-14 06:28:26'),
(44,477,32,32,10.0000,1000.00,0.00,1000.00,1000.00,0.00,NULL,0.0000,0.0000,NULL,NULL,NULL,'2019-07-14 06:29:45','2019-07-14 06:29:45');

/*Table structure for table `redeem_points` */

DROP TABLE IF EXISTS `redeem_points`;

CREATE TABLE `redeem_points` (
  `id` int(10) unsigned NOT NULL AUTO_INCREMENT,
  `business_id` int(11) DEFAULT NULL,
  `business_loc_id` int(10) unsigned NOT NULL,
  `points` int(11) NOT NULL DEFAULT '0',
  `redeem_result` enum('0','1','2') COLLATE utf8mb4_unicode_ci DEFAULT '0',
  `created_at` timestamp NULL DEFAULT NULL,
  `updated_at` timestamp NULL DEFAULT NULL,
  PRIMARY KEY (`id`),
  KEY `redeem_points_business_id_foreign` (`business_loc_id`)
) ENGINE=MyISAM AUTO_INCREMENT=26 DEFAULT CHARSET=utf8mb4 COLLATE=utf8mb4_unicode_ci;

/*Data for the table `redeem_points` */

insert  into `redeem_points`(`id`,`business_id`,`business_loc_id`,`points`,`redeem_result`,`created_at`,`updated_at`) values 
(16,4,10,5,'1','2019-01-06 04:58:26','2019-01-06 05:30:25'),
(14,4,10,10,'1','2018-12-31 22:28:58','2019-01-10 16:49:40'),
(17,4,10,10,'1','2019-01-09 17:26:51','2019-01-10 14:44:46'),
(18,4,10,3,'2','2019-01-09 17:29:44','2019-01-10 14:44:36'),
(19,4,10,4,'0','2019-01-10 16:38:05','2019-01-10 16:38:05'),
(20,4,4,3,'0','2019-01-10 16:38:41','2019-01-10 16:38:41'),
(21,4,4,8,'2','2019-01-11 00:07:19','2019-01-11 00:40:20'),
(22,4,4,8,'1','2019-01-11 00:11:16','2019-01-11 00:41:38'),
(23,4,4,12,'0','2019-01-11 06:24:54','2019-01-11 06:24:54'),
(24,4,4,7,'0','2019-01-11 08:46:23','2019-01-11 08:46:23'),
(25,4,4,1,'1','2019-01-11 09:07:42','2019-01-11 09:50:27');

/*Table structure for table `reference_counts` */

DROP TABLE IF EXISTS `reference_counts`;

CREATE TABLE `reference_counts` (
  `id` int(10) unsigned NOT NULL AUTO_INCREMENT,
  `ref_type` varchar(191) COLLATE utf8mb4_unicode_ci NOT NULL,
  `ref_count` int(11) NOT NULL,
  `business_id` int(11) NOT NULL,
  `created_at` timestamp NULL DEFAULT NULL,
  `updated_at` timestamp NULL DEFAULT NULL,
  PRIMARY KEY (`id`)
) ENGINE=InnoDB AUTO_INCREMENT=36 DEFAULT CHARSET=utf8mb4 COLLATE=utf8mb4_unicode_ci;

/*Data for the table `reference_counts` */

insert  into `reference_counts`(`id`,`ref_type`,`ref_count`,`business_id`,`created_at`,`updated_at`) values 
(1,'contacts',1,1,'2018-10-06 13:16:12','2018-10-06 13:16:12'),
(2,'business_location',1,1,'2018-10-06 13:16:12','2018-10-06 13:16:12'),
(3,'contacts',1,2,'2018-10-06 13:18:53','2018-10-06 13:18:53'),
(4,'business_location',1,2,'2018-10-06 13:18:53','2018-10-06 13:18:53'),
(5,'contacts',1,3,'2018-10-06 13:55:15','2018-10-06 13:55:15'),
(6,'business_location',1,3,'2018-10-06 13:55:15','2018-10-06 13:55:15'),
(7,'sell_payment',33,1,'2018-10-06 17:34:49','2018-12-22 10:38:54'),
(8,'contacts',2,4,'2018-10-20 03:27:17','2019-07-09 19:39:21'),
(9,'business_location',2,4,'2018-10-20 03:27:17','2019-04-21 02:39:00'),
(10,'sell_payment',343,4,'2018-10-21 21:02:15','2019-07-15 09:35:51'),
(11,'contacts',1,5,'2018-12-26 04:07:49','2018-12-26 04:07:49'),
(12,'business_location',1,5,'2018-12-26 04:07:49','2018-12-26 04:07:49'),
(13,'contacts',1,6,'2019-01-29 23:12:50','2019-01-29 23:12:50'),
(14,'business_location',2,6,'2019-01-29 23:12:50','2019-01-29 22:54:20'),
(15,'contacts',1,7,'2019-03-20 16:46:54','2019-03-20 16:46:54'),
(16,'business_location',2,7,'2019-03-20 16:46:54','2019-03-30 21:49:50'),
(17,'sell_payment',9,7,'2019-03-21 16:32:12','2019-04-06 15:35:22'),
(18,'stock_adjustment',1,7,'2019-04-06 19:02:19','2019-04-06 19:02:19'),
(19,'contacts',1,8,'2019-05-18 16:49:09','2019-05-18 16:49:09'),
(20,'business_location',1,8,'2019-05-18 16:49:09','2019-05-18 16:49:09'),
(21,'contacts',1,9,'2019-05-18 16:50:59','2019-05-18 16:50:59'),
(22,'business_location',1,9,'2019-05-18 16:50:59','2019-05-18 16:50:59'),
(23,'contacts',1,10,'2019-05-29 16:24:35','2019-05-29 16:24:35'),
(24,'business_location',1,10,'2019-05-29 16:24:35','2019-05-29 16:24:35'),
(25,'contacts',1,11,'2019-06-07 12:10:03','2019-06-07 12:10:03'),
(26,'business_location',1,11,'2019-06-07 12:10:03','2019-06-07 12:10:03'),
(27,'contacts',1,12,'2019-06-07 12:17:01','2019-06-07 12:17:01'),
(28,'business_location',1,12,'2019-06-07 12:17:01','2019-06-07 12:17:01'),
(29,'contacts',1,13,'2019-06-07 12:19:18','2019-06-07 12:19:18'),
(30,'business_location',1,13,'2019-06-07 12:19:18','2019-06-07 12:19:18'),
(31,'contacts',1,14,'2019-06-20 06:01:14','2019-06-20 06:01:14'),
(32,'business_location',1,14,'2019-06-20 06:01:14','2019-06-20 06:01:14'),
(33,'sell_payment',2,14,'2019-06-26 00:22:36','2019-06-26 00:30:28'),
(34,'purchase',1,4,'2019-07-09 19:39:28','2019-07-09 19:39:28'),
(35,'purchase_payment',2,4,'2019-07-09 19:39:28','2019-07-09 19:39:28');

/*Table structure for table `res_product_modifier_sets` */

DROP TABLE IF EXISTS `res_product_modifier_sets`;

CREATE TABLE `res_product_modifier_sets` (
  `modifier_set_id` int(10) unsigned NOT NULL,
  `product_id` int(10) unsigned NOT NULL COMMENT 'Table use to store the modifier sets applicable for a product',
  KEY `res_product_modifier_sets_modifier_set_id_foreign` (`modifier_set_id`),
  CONSTRAINT `res_product_modifier_sets_modifier_set_id_foreign` FOREIGN KEY (`modifier_set_id`) REFERENCES `products` (`id`) ON DELETE CASCADE
) ENGINE=InnoDB DEFAULT CHARSET=utf8mb4 COLLATE=utf8mb4_unicode_ci;

/*Data for the table `res_product_modifier_sets` */

/*Table structure for table `res_tables` */

DROP TABLE IF EXISTS `res_tables`;

CREATE TABLE `res_tables` (
  `id` int(10) unsigned NOT NULL AUTO_INCREMENT,
  `business_id` int(10) unsigned NOT NULL,
  `location_id` int(10) unsigned NOT NULL,
  `name` varchar(191) COLLATE utf8mb4_unicode_ci NOT NULL,
  `description` text COLLATE utf8mb4_unicode_ci,
  `created_by` int(10) unsigned NOT NULL,
  `deleted_at` timestamp NULL DEFAULT NULL,
  `created_at` timestamp NULL DEFAULT NULL,
  `updated_at` timestamp NULL DEFAULT NULL,
  PRIMARY KEY (`id`),
  KEY `res_tables_business_id_foreign` (`business_id`),
  CONSTRAINT `res_tables_business_id_foreign` FOREIGN KEY (`business_id`) REFERENCES `business` (`id`) ON DELETE CASCADE
) ENGINE=InnoDB AUTO_INCREMENT=3 DEFAULT CHARSET=utf8mb4 COLLATE=utf8mb4_unicode_ci;

/*Data for the table `res_tables` */

insert  into `res_tables`(`id`,`business_id`,`location_id`,`name`,`description`,`created_by`,`deleted_at`,`created_at`,`updated_at`) values 
(1,14,17,'table1','Table 1',4,NULL,'2019-06-25 15:22:38','2019-06-25 22:18:01'),
(2,14,17,'table2','Table 2',16,NULL,'2019-06-25 22:17:45','2019-06-25 22:17:45');

/*Table structure for table `reservation` */

DROP TABLE IF EXISTS `reservation`;

CREATE TABLE `reservation` (
  `reservation_id` int(11) NOT NULL AUTO_INCREMENT,
  `date` varchar(220) NOT NULL,
  `time` varchar(200) NOT NULL,
  `person` int(11) NOT NULL,
  `table_id` int(11) NOT NULL,
  `phone` varchar(20) NOT NULL,
  `message` text,
  `booked_by` varchar(20) NOT NULL,
  `user_id` int(11) NOT NULL,
  PRIMARY KEY (`reservation_id`)
) ENGINE=MyISAM AUTO_INCREMENT=8 DEFAULT CHARSET=latin1;

/*Data for the table `reservation` */

insert  into `reservation`(`reservation_id`,`date`,`time`,`person`,`table_id`,`phone`,`message`,`booked_by`,`user_id`) values 
(1,'2018-05-19','17:37:32.000000',4,1,'7797409330','','customer',1),
(2,'2018-05-18','02:04:14.000000',2,2,'7797409330','','customer',5),
(3,'0000-00-00','01:00:00.000000',5,3,'7383806707','','customer',1),
(4,'05/30/2018','10:30am',7,3,'8759223137','','customer',1),
(5,'05/26/2018','1:00am',9,1,'7363806707','','customer',1),
(6,'2018-05-20','11:00',9,2,'7363806707','','Employee',0),
(7,'2018-11-11','18:00',26,2,'1234567894','','Employee-1',0);

/*Table structure for table `rewarded_points` */

DROP TABLE IF EXISTS `rewarded_points`;

CREATE TABLE `rewarded_points` (
  `id` int(10) unsigned NOT NULL AUTO_INCREMENT,
  `business_id` int(10) unsigned NOT NULL,
  `location_id` int(10) unsigned NOT NULL,
  `transaction_id` int(10) unsigned DEFAULT NULL,
  `points` varchar(191) COLLATE utf8mb4_unicode_ci NOT NULL DEFAULT '0',
  `point_ratio` varchar(191) COLLATE utf8mb4_unicode_ci NOT NULL DEFAULT '0',
  `total_price` varchar(191) COLLATE utf8mb4_unicode_ci NOT NULL DEFAULT '0',
  `cart_uid` varchar(191) COLLATE utf8mb4_unicode_ci NOT NULL DEFAULT '',
  `purchased` tinyint(1) NOT NULL,
  `created_at` timestamp NULL DEFAULT NULL,
  `updated_at` timestamp NULL DEFAULT NULL,
  PRIMARY KEY (`id`),
  KEY `rewarded_points_business_id_foreign` (`business_id`),
  KEY `rewarded_points_location_id_foreign` (`location_id`),
  KEY `rewarded_points_transaction_id_foreign` (`transaction_id`)
) ENGINE=MyISAM AUTO_INCREMENT=319 DEFAULT CHARSET=utf8mb4 COLLATE=utf8mb4_unicode_ci;

/*Data for the table `rewarded_points` */

insert  into `rewarded_points`(`id`,`business_id`,`location_id`,`transaction_id`,`points`,`point_ratio`,`total_price`,`cart_uid`,`purchased`,`created_at`,`updated_at`) values 
(2,4,4,NULL,'12','1.0','37.452','de2318',1,'2018-12-22 08:18:21','2018-12-22 08:18:21'),
(3,4,4,NULL,'12','1.0','37.452','jk6518',0,'2018-12-22 08:18:29','2018-12-22 08:18:29'),
(6,4,4,NULL,'12','1.0','12.452','ee2218',0,'2018-12-22 11:04:07','2018-12-22 11:04:07'),
(7,4,4,NULL,'12','1.0','12.452','cw1318',1,'2018-12-22 11:06:53','2018-12-22 10:38:54'),
(8,4,4,NULL,'5','1.0','12.48','ccard-ez5818',1,'2018-12-22 11:18:19','2018-12-22 11:18:19'),
(49,4,4,NULL,'12','1','208','ww8319',0,'2019-01-21 16:49:22','2019-01-21 16:49:22'),
(9,4,4,NULL,'10','1.0','24.9','ccard-rt9018',1,'2018-12-23 06:42:54','2018-12-23 06:42:54'),
(10,4,4,NULL,'10','1.0','24.9','ccard-tj7818',1,'2018-12-23 06:49:57','2018-12-23 06:49:57'),
(11,4,4,NULL,'10','1.0','24.9','ccard-vs2518',1,'2018-12-23 06:53:09','2018-12-23 06:53:09'),
(12,4,4,NULL,'10','1.0','24.9','ccard-tb7418',1,'2018-12-23 09:37:22','2018-12-23 09:37:22'),
(13,4,4,NULL,'10','1.0','24.9','ccard-qs8818',1,'2018-12-23 09:41:45','2018-12-23 09:41:45'),
(14,4,4,NULL,'7','1.0','37.43','ccard-pu5618',1,'2018-12-23 09:43:49','2018-12-23 09:43:49'),
(15,4,4,NULL,'3','1.0','37.47','ccard-aj9118',1,'2018-12-23 09:58:12','2018-12-23 09:58:12'),
(16,4,4,NULL,'122','1.0','37.47','ccard-rr9418',1,'2018-12-23 09:59:46','2018-12-23 09:59:46'),
(17,4,4,NULL,'10','1.0','29.15','tc8919',0,'2019-01-11 14:01:44','2019-01-11 14:01:44'),
(18,4,4,NULL,'0','1.0','29.25','kk5019',0,'2019-01-11 14:04:40','2019-01-11 14:04:40'),
(20,4,4,NULL,'0','1.0','35.6','ts4219',1,'2019-01-11 14:24:44','2019-01-11 13:55:33'),
(23,4,4,NULL,'0','1.0','220.0','iw7819',1,'2019-01-11 22:33:26','2019-01-11 22:05:45'),
(24,4,4,NULL,'0','1.0','220.0','zn2519',0,'2019-01-11 22:40:56','2019-01-11 22:40:56'),
(26,4,4,NULL,'9','1.0','310.8','ye7319',1,'2019-01-13 10:00:19','2019-01-13 10:12:14'),
(27,4,4,NULL,'4','1.0','280.2','ct4819',0,'2019-01-13 10:52:56','2019-01-13 10:52:56'),
(28,4,4,NULL,'4','1.0','280.2','nx9219',1,'2019-01-13 10:54:56','2019-01-13 10:25:15'),
(30,4,4,NULL,'4','1.0','280.2','rx7619',1,'2019-01-13 11:05:06','2019-01-13 11:24:00'),
(32,4,4,NULL,'6','1.0','420.6','jg4219',0,'2019-01-13 13:21:54','2019-01-13 13:21:54'),
(33,4,4,NULL,'6','1.0','420.6','au9719',1,'2019-01-13 13:22:28','2019-01-13 12:52:57'),
(34,4,4,NULL,'3','1.0','529.8','ua5619',1,'2019-01-13 18:38:48','2019-01-13 18:11:56'),
(35,4,4,NULL,'2','1.0','246.6','cn4919',0,'2019-01-13 18:54:20','2019-01-13 18:54:20'),
(36,4,4,NULL,'3','1.0','529.8','xn7619',0,'2019-01-13 19:02:24','2019-01-13 19:02:24'),
(37,4,4,NULL,'3','1.0','532.8','ccard-uj4619',1,'2019-01-13 19:08:35','2019-01-13 19:08:35'),
(38,4,4,NULL,'17','1.0','5.21','ccard-zx2019',1,'2019-01-13 20:02:42','2019-01-13 20:02:42'),
(39,4,4,NULL,'5','1.0','1.74','ccard-ia7919',1,'2019-01-13 20:57:30','2019-01-13 20:57:30'),
(40,4,4,NULL,'5','1.0','1.74','ccard-sd5519',1,'2019-01-13 20:59:10','2019-01-13 20:59:10'),
(41,4,4,NULL,'5','1.0','1.74','ccard-in9419',1,'2019-01-13 21:00:30','2019-01-13 21:00:30'),
(42,4,4,NULL,'0','1.0','5.33','ccard-zj1519',1,'2019-01-13 21:09:38','2019-01-13 21:09:38'),
(43,4,4,NULL,'5','1.0','5.3','ccard-ck8619',1,'2019-01-13 21:11:42','2019-01-13 21:11:42'),
(44,4,4,NULL,'6','1.0','3.51','ccard-wu8819',1,'2019-01-13 21:14:38','2019-01-13 21:14:38'),
(45,4,4,NULL,'0','1.0','1.78','ccard-is7619',1,'2019-01-13 21:15:43','2019-01-13 21:15:43'),
(46,4,4,NULL,'0','1.0','248.6','yc8519',1,'2019-01-13 21:16:24','2019-01-13 20:47:06'),
(47,4,4,NULL,'100','1.0','306.8','ve3419',0,'2019-01-15 19:41:48','2019-01-15 19:41:48'),
(48,4,4,NULL,'100','1.0','306.8','nk5519',1,'2019-01-15 20:01:24','2019-01-15 19:34:00'),
(50,4,4,NULL,'12','1','348','hj3619',1,'2019-01-21 16:52:34','2019-01-21 16:23:06'),
(51,4,4,NULL,'0','0','257.4','uq9319',0,'2019-01-21 18:19:25','2019-01-21 18:19:25'),
(52,4,4,NULL,'0','0','257.4','uq5519',0,'2019-01-21 18:29:44','2019-01-21 18:29:44'),
(54,4,4,NULL,'0','0','257.4','rq3619',1,'2019-01-21 18:46:40','2019-01-21 18:17:25'),
(55,4,4,NULL,'63','1.0','451.8','jw2219',0,'2019-01-21 18:50:12','2019-01-21 18:50:12'),
(56,4,4,NULL,'50','1.0','464.8','gz4619',1,'2019-01-21 18:56:49','2019-01-21 18:59:09'),
(58,4,4,NULL,'72','1.0','700.2','rk4519',1,'2019-01-21 20:45:31','2019-01-21 20:16:44'),
(59,4,4,NULL,'0','1.0','257.4','ef7119',0,'2019-01-21 20:50:18','2019-01-21 20:50:18'),
(60,4,4,NULL,'10','1.0','1.78','ccard-aj1919',1,'2019-01-21 20:51:17','2019-01-21 20:51:17'),
(61,4,4,NULL,'7','1.0','250.4','xp5419',0,'2019-01-21 21:45:04','2019-01-21 21:45:04'),
(62,4,4,NULL,'36','1.0','0.860001','wi1619',1,'2019-01-26 20:38:00','2019-01-26 20:08:56'),
(63,4,4,NULL,'0','1.0','110.58','rm2419',1,'2019-01-26 21:01:20','2019-01-26 20:31:55'),
(64,4,4,NULL,'0','1.0','36.86','wd8819',1,'2019-01-26 21:04:40','2019-01-26 20:34:57'),
(65,4,4,NULL,'0','1.0','0.26','ccard-di2019',1,'2019-01-26 21:09:20','2019-01-26 21:09:20'),
(66,4,4,NULL,'0','1.0','0.77','ccard-rd4319',1,'2019-01-26 21:18:52','2019-01-26 21:18:52'),
(67,4,4,NULL,'0','1.0','107.06','yq4119',0,'2019-01-26 21:25:14','2019-01-26 21:25:14'),
(68,4,4,NULL,'12','1','348','Vt3219r',1,'2019-01-28 19:41:07','2019-01-28 19:11:45'),
(69,4,4,140,'12','1','348','Jc8819r',1,'2019-01-28 19:45:23','2019-01-28 19:19:16'),
(70,4,4,NULL,'12','1','348','Ni7419s',0,'2019-01-28 19:51:55','2019-01-28 19:51:55'),
(71,4,4,143,'0','1.0','514.8','Aw2819z',1,'2019-01-28 20:04:47','2019-01-28 19:35:34'),
(72,4,4,144,'0','1.0','514.8','ccard-wb1419b',1,'2019-01-28 20:11:51','2019-01-28 20:11:51'),
(73,4,4,145,'0','1.0','40.95','ccard-bn5819t',1,'2019-01-28 20:43:39','2019-01-28 20:43:39'),
(74,4,4,146,'0','1.0','40.95','ccard-ei6119p',1,'2019-01-28 20:45:10','2019-01-28 20:45:10'),
(75,4,4,147,'0','1.0','409.5','ccard-zm6119h',1,'2019-01-28 20:46:48','2019-01-28 20:46:48'),
(76,4,4,148,'0','1.0','421.20001220703125','ccard-ie7019t',1,'2019-01-28 20:53:15','2019-01-28 20:53:15'),
(77,4,4,149,'0','1.0','421.20001220703125','ccard-qm7419n',1,'2019-01-28 20:57:07','2019-01-28 20:57:07'),
(79,4,4,153,'548','1.0','0.01001','nm5619b',1,'2019-01-29 21:42:26','2019-01-29 21:14:02'),
(81,4,4,NULL,'0','0','40.0','xt6419x',0,'2019-02-13 11:41:31','2019-02-13 11:41:31'),
(82,4,4,158,'80','1.0','0.0','ug6719v',1,'2019-02-13 16:11:49','2019-02-13 15:44:00'),
(85,4,4,NULL,'40','1.0','40.0','qq7419k',0,'2019-02-13 16:25:35','2019-02-13 16:25:35'),
(86,4,4,159,'40','1.0','0.0','fw1519d',1,'2019-02-13 16:29:33','2019-02-13 16:00:32'),
(89,4,4,NULL,'40','1.0','0.0','zm1319a',0,'2019-02-13 16:33:46','2019-02-13 16:33:46'),
(90,4,4,160,'40','1.0','0.0','tz3019e',1,'2019-02-13 16:35:26','2019-02-13 16:08:04'),
(91,4,4,NULL,'0','1.0','40.0','kk3719e',0,'2019-02-13 16:38:59','2019-02-13 16:38:59'),
(92,4,4,NULL,'0','1.0','40.0','xa4819m',0,'2019-02-13 17:38:35','2019-02-13 17:38:35'),
(94,4,4,161,'131','1.0','2.009995','dh5219b',1,'2019-02-14 10:28:32','2019-02-14 09:58:59'),
(95,4,4,NULL,'131','1.0','2.009995','iv6219t',0,'2019-02-14 10:30:06','2019-02-14 10:30:06'),
(97,4,4,NULL,'0','1.0','133.01','fh1619n',0,'2019-02-14 10:33:54','2019-02-14 10:33:54'),
(99,4,4,NULL,'0','0','257.4','pu1019b',0,'2019-02-15 14:50:03','2019-02-15 14:50:03'),
(100,4,4,NULL,'0','0','257.4','pn3119n',0,'2019-02-15 14:51:16','2019-02-15 14:51:16'),
(101,4,4,162,'0','0','257.4','zu5919e',1,'2019-02-15 14:51:51','2019-02-15 14:22:32'),
(102,4,4,NULL,'0','0','257.4','rm5719c',0,'2019-02-15 14:52:55','2019-02-15 14:52:55'),
(105,4,4,NULL,'30','1.0','10.0','sp4619n',0,'2019-02-15 23:33:28','2019-02-15 23:33:28'),
(106,4,4,NULL,'150','1.0','23.009995','cr2019y',0,'2019-02-15 23:36:21','2019-02-15 23:36:21'),
(107,4,4,NULL,'150','1.0','23.009995','wm6819t',0,'2019-02-15 23:37:11','2019-02-15 23:37:11'),
(110,4,4,165,'40','1.0','0.0','jf3019u',1,'2019-02-15 23:38:29','2019-02-15 23:09:37'),
(111,4,4,167,'0','1.0','133.01','fn4619b',1,'2019-02-15 23:40:41','2019-02-15 23:12:04'),
(112,4,4,170,'10','1.0','123.009995','nc6819x',1,'2019-02-15 23:58:31','2019-02-15 23:29:03'),
(113,4,4,171,'10','1.0','163.01','wj4019r',1,'2019-02-15 23:59:48','2019-02-15 23:30:13'),
(114,4,4,172,'10','1.0','163.01','eg6719v',1,'2019-02-16 00:01:23','2019-02-15 23:31:43'),
(115,4,4,173,'0','1.0','133.01','cv8519b',1,'2019-02-16 00:02:07','2019-02-15 23:32:22'),
(117,4,4,174,'6','1.0','167.01','ux8719v',1,'2019-02-16 00:03:59','2019-02-15 23:34:24'),
(118,4,4,175,'4','1.0','169.01','bz6419i',1,'2019-02-16 00:05:43','2019-02-15 23:36:08'),
(119,4,4,179,'10','1.0','163.01','gn6319x',1,'2019-02-16 00:07:05','2019-02-15 23:37:41'),
(120,4,4,185,'5','1.0','128.01','wi3019s',1,'2019-02-16 00:12:03','2019-02-15 23:42:58'),
(121,4,4,189,'10','1.0','123.009995','cp6319j',1,'2019-02-16 00:15:14','2019-02-15 23:45:54'),
(122,4,4,193,'10','1.0','163.01','zr6319c',1,'2019-02-16 00:20:04','2019-02-15 23:50:32'),
(123,4,4,197,'0','0','257.4','de2619t',1,'2019-02-16 21:48:50','2019-02-16 21:19:10'),
(124,4,4,202,'0','0','257.4','vx7019u',1,'2019-02-16 21:50:00','2019-02-16 21:21:33'),
(125,4,4,206,'0','0','220.0','mb5919p',1,'2019-02-16 22:01:06','2019-02-16 21:31:34'),
(126,4,4,208,'0','0','220.0','kh5119r',1,'2019-02-16 22:03:28','2019-02-16 21:33:46'),
(127,4,4,210,'0','0','257.4','uv6219i',1,'2019-02-16 22:04:44','2019-02-16 21:35:10'),
(128,4,4,213,'0','0','257.4','bx9019n',1,'2019-02-16 22:06:38','2019-02-16 21:36:57'),
(129,4,4,215,'0','0','257.4','ei8619n',1,'2019-02-16 22:08:04','2019-02-16 21:38:23'),
(130,4,4,216,'0','0','257.4','zf7119e',1,'2019-02-16 22:11:53','2019-02-16 21:42:10'),
(131,4,4,217,'0','0','257.4','my3719h',1,'2019-02-16 22:12:41','2019-02-16 21:42:59'),
(132,4,4,218,'0','0','257.4','ri5619r',1,'2019-02-16 22:13:37','2019-02-16 21:43:52'),
(133,4,4,221,'0','0','257.4','xn4719y',1,'2019-02-16 22:20:16','2019-02-16 21:50:33'),
(134,4,4,227,'0','0','257.4','pb4119p',1,'2019-02-16 22:23:03','2019-02-16 21:53:17'),
(135,4,4,241,'100','1.0','192.5','bd6519x',1,'2019-02-17 17:38:01','2019-02-17 17:08:50'),
(137,4,4,NULL,'133','1.0','0.009995','mk7619i',0,'2019-02-25 23:46:58','2019-02-25 23:46:58'),
(139,4,4,242,'0','1.0','133.01','gr7519b',1,'2019-02-26 00:11:39','2019-02-25 23:43:03'),
(140,4,4,244,'0','1.0','133.01','ig3219b',1,'2019-02-26 00:17:04','2019-02-25 23:48:22'),
(141,4,4,246,'0','1.0','133.01','bm4119g',1,'2019-02-26 06:25:02','2019-02-26 05:57:21'),
(142,4,4,NULL,'10','1.0','123.009995','fp5419q',0,'2019-02-26 06:29:41','2019-02-26 06:29:41'),
(143,4,4,248,'0','1.0','133.00999450683594','ccard-gm6119w',1,'2019-02-26 06:40:17','2019-02-26 06:40:17'),
(144,4,4,249,'0','1.0','133.00999450683594','ccard-iv8319b',1,'2019-02-26 06:41:02','2019-02-26 06:41:02'),
(145,4,4,250,'40','1.0','0.0','hi6719k',1,'2019-03-03 15:03:47','2019-03-03 14:34:49'),
(156,4,4,251,'0','1.0','40.0','ig1919d',1,'2019-03-07 17:42:29','2019-03-07 17:15:56'),
(157,4,4,253,'0','1.0','40.0','km2119y',1,'2019-03-07 17:49:32','2019-03-07 17:20:52'),
(158,4,4,255,'0','1.0','40.0','qf9719m',1,'2019-03-07 17:52:05','2019-03-07 17:22:57'),
(159,4,4,257,'0','1.0','40.0','xh6319a',1,'2019-03-07 17:54:16','2019-03-07 17:28:11'),
(160,4,4,259,'0','1.0','40.0','nu5419t',1,'2019-03-08 05:05:56','2019-03-08 04:37:00'),
(161,4,4,NULL,'0','1.0','40.0','bb6019h',0,'2019-03-08 06:09:29','2019-03-08 06:09:29'),
(162,4,4,262,'0','1.0','40.0','iy2619f',1,'2019-03-08 06:12:31','2019-03-08 05:43:49'),
(163,4,4,263,'0','1.0','40.0','st8919g',1,'2019-03-08 06:14:40','2019-03-08 05:45:30'),
(164,4,4,NULL,'10','1.0','30.0','gs3619g',0,'2019-03-09 20:39:52','2019-03-09 20:39:52'),
(165,4,4,264,'0','1.0','40.0','mj6219g',1,'2019-03-09 20:43:26','2019-03-09 20:14:33'),
(166,4,4,265,'30','1.0','103.009995','qh1519p',1,'2019-03-09 21:27:32','2019-03-09 20:59:38'),
(167,4,4,266,'50','1.0','210.0','dq4019r',1,'2019-03-09 21:31:16','2019-03-09 21:02:27'),
(168,4,4,267,'10','1.0','250.0','qd7219q',1,'2019-03-09 21:37:50','2019-03-09 21:09:01'),
(169,4,4,268,'10','1.0','250.0','xf7219m',1,'2019-03-09 21:41:24','2019-03-09 21:12:21'),
(170,4,4,NULL,'0','1.0','40.0','wi5519a',0,'2019-03-13 05:10:05','2019-03-13 05:10:05'),
(171,4,4,NULL,'40','1.0','0.0','ux4919f',0,'2019-03-13 05:10:43','2019-03-13 05:10:43'),
(172,4,4,269,'40','1.0','0.0','yc8919b',1,'2019-03-13 05:16:11','2019-03-13 04:51:36'),
(173,4,4,270,'20','1.0','20.0','hw4719c',1,'2019-03-13 05:40:35','2019-03-13 05:11:14'),
(175,4,4,271,'20','1.0','20.0','vc7219f',1,'2019-03-13 05:48:14','2019-03-13 05:20:37'),
(176,4,4,272,'0','1.0','40.0','jj2819w',1,'2019-03-13 06:10:33','2019-03-13 05:42:11'),
(177,4,4,273,'0','1.0','40','ccard-yh3019d',1,'2019-03-13 06:20:25','2019-03-13 06:20:25'),
(178,4,4,277,'0','1.0','40','ccard-ta4219v',1,'2019-03-13 10:12:23','2019-03-13 10:12:23'),
(179,4,4,278,'0','1.0','200','ccard-ju1419p',1,'2019-03-13 10:14:37','2019-03-13 10:14:37'),
(180,4,4,282,'1','1.0','39.0','ts5719t',1,'2019-03-14 09:54:14','2019-03-14 09:24:39'),
(181,4,4,283,'0','1.0','40','ccard-py5619c',1,'2019-03-15 00:41:12','2019-03-15 00:41:12'),
(182,4,4,287,'0','1.0','40','ccard-dv2619d',1,'2019-03-16 16:41:22','2019-03-16 16:41:22'),
(183,4,4,288,'0','1.0','400','ccard-kb3419a',1,'2019-03-16 16:47:25','2019-03-16 16:47:25'),
(184,4,4,289,'400','1.0','400','ccard-mv1319b',1,'2019-03-16 16:53:48','2019-03-16 16:53:48'),
(185,4,4,290,'0','1.0','400','ccard-gc9419f',1,'2019-03-16 17:12:46','2019-03-16 17:12:46'),
(187,4,4,NULL,'50','1.0','350.0','ax2119v',0,'2019-03-17 07:20:32','2019-03-17 07:20:32'),
(188,4,4,291,'40','1.0','0.0','ep5919p',1,'2019-03-17 07:36:04','2019-03-17 07:07:00'),
(189,4,4,292,'40','1.0','0.0','wg8319d',1,'2019-03-17 07:43:09','2019-03-17 07:14:54'),
(190,4,4,293,'40','1.0','0.0','hz6419r',1,'2019-03-17 07:46:34','2019-03-17 07:16:54'),
(191,4,4,294,'0','1.0','40.0','mt9719s',1,'2019-03-17 07:49:10','2019-03-17 07:19:35'),
(192,4,4,295,'0','1.0','40.0','ts6319g',1,'2019-03-17 07:52:11','2019-03-17 07:22:34'),
(193,4,4,296,'0','1.0','40.0','kh9019e',1,'2019-03-17 07:54:31','2019-03-17 07:24:50'),
(194,4,4,297,'0','1.0','40','ccard-vp3219w',1,'2019-03-17 13:53:30','2019-03-17 13:53:30'),
(195,4,4,298,'0','1.0','40','ccard-sq4919x',1,'2019-03-17 13:57:41','2019-03-17 13:57:41'),
(196,4,4,NULL,'0','1.0','117.0','ek3019s',0,'2019-03-18 16:50:50','2019-03-18 16:50:50'),
(197,4,4,327,'0','1.0','40.0','pw2219e',1,'2019-03-20 15:08:18','2019-03-20 14:38:33'),
(198,4,4,332,'0','1.0','40.0','bw4719g',1,'2019-03-20 15:45:30','2019-03-20 15:15:44'),
(199,4,4,333,'40','1.0','0.0','pi4319n',1,'2019-03-20 15:47:17','2019-03-20 15:17:32'),
(200,4,4,360,'40','1.0','0.0','pp8719z',1,'2019-03-30 12:58:07','2019-03-30 12:28:30'),
(201,4,4,361,'40','1.0','0.0','dw6619c',1,'2019-03-30 13:12:05','2019-03-30 12:42:21'),
(202,4,4,378,'0','1.0','155.61','ms6519b',1,'2019-04-06 17:39:29','2019-04-06 17:10:08'),
(205,4,4,379,'0','1.0','155','ccard-ga9519b',1,'2019-04-16 07:16:24','2019-04-16 07:16:24'),
(206,4,4,380,'0','1.0','155','ccard-jk6419p',1,'2019-04-16 07:36:36','2019-04-16 07:36:36'),
(207,4,4,381,'0','1.0','155','ccard-fn2719j',1,'2019-04-16 08:26:13','2019-04-16 08:26:13'),
(209,4,4,NULL,'0','1.0','155.0','yb7319s',0,'2019-04-17 10:54:28','2019-04-17 10:54:28'),
(210,4,4,383,'0','0','155','ccard-py3419u',1,'2019-04-17 11:03:41','2019-04-17 11:03:41'),
(211,4,4,NULL,'0','0','155.0','zw3319b',0,'2019-04-17 11:10:40','2019-04-17 11:10:40'),
(212,4,4,384,'0','1.0','155','ccard-vx9619n',1,'2019-04-17 11:14:49','2019-04-17 11:14:49'),
(213,4,4,385,'0','1.0','155','ccard-tz6119f',1,'2019-04-17 11:34:00','2019-04-17 11:34:00'),
(214,4,4,386,'0','1.0','155','ccard-xx1119e',1,'2019-04-17 11:47:59','2019-04-17 11:47:59'),
(215,4,4,387,'0','1.0','155','ccard-gz5719b',1,'2019-04-17 11:52:56','2019-04-17 11:52:56'),
(216,4,4,388,'0','1.0','155','ccard-va7719z',1,'2019-04-17 13:43:12','2019-04-17 13:43:12'),
(218,4,4,NULL,'0','1.0','155.0','fn9519n',0,'2019-04-17 17:11:48','2019-04-17 17:11:48'),
(219,4,4,390,'0','1.0','155','ccard-dk2419w',1,'2019-04-17 17:47:31','2019-04-17 17:47:31'),
(220,4,4,NULL,'0','1.0','155.0','be3019y',0,'2019-04-17 18:41:28','2019-04-17 18:41:28'),
(221,4,4,394,'0','1.0','155','ccard-ib9219u',1,'2019-04-17 18:43:15','2019-04-17 18:43:15'),
(222,4,4,395,'0','1.0','155','ccard-ey6719x',1,'2019-04-17 19:15:18','2019-04-17 19:15:18'),
(223,4,4,396,'0','1.0','155','ccard-mb2319e',1,'2019-04-17 19:21:39','2019-04-17 19:21:39'),
(225,4,4,NULL,'0','1.0','620.0','dx6319y',0,'2019-04-19 18:26:20','2019-04-19 18:26:20'),
(226,4,4,397,'0','1.0','620','ccard-nj6419u',1,'2019-04-19 18:41:10','2019-04-19 18:41:10'),
(227,4,4,398,'0','1.0','155','ccard-sf4019k',1,'2019-04-19 18:44:16','2019-04-19 18:44:16'),
(228,4,4,399,'0','1.0','620','ccard-kv3219w',1,'2019-04-19 18:50:00','2019-04-19 18:50:00'),
(229,4,4,400,'120','1.0','655','ccard-ib7519m',1,'2019-04-20 19:17:23','2019-04-20 19:17:23'),
(230,4,4,401,'120','1.0','655','ccard-mn3019y',1,'2019-04-20 19:22:54','2019-04-20 19:22:54'),
(231,4,4,402,'120','1.0','655','ccard-ki2319w',1,'2019-04-20 19:29:18','2019-04-20 19:29:18'),
(232,4,4,403,'120','1.0','655','ccard-yg3419r',1,'2019-04-20 19:31:38','2019-04-20 19:31:38'),
(233,4,10,411,'0','1.0','614.25','ccard-tb3219v',1,'2019-04-21 07:42:40','2019-04-21 07:42:40'),
(234,4,10,NULL,'0','1.0','614.25','vt3919v',0,'2019-04-21 07:43:33','2019-04-21 07:43:33'),
(235,4,10,NULL,'10','1.0','2564.0','gp5119d',0,'2019-04-21 08:55:43','2019-04-21 08:55:43'),
(236,4,10,413,'0','1.0','1287','ccard-gp3319w',1,'2019-04-21 09:18:44','2019-04-21 09:18:44'),
(237,4,4,414,'0','1.0','772.2000122070312','ccard-yc7619k',1,'2019-04-21 09:24:55','2019-04-21 09:24:55'),
(238,4,4,416,'0','1.0','146.25','ccard-te6519x',1,'2019-04-25 18:57:03','2019-04-25 18:57:03'),
(239,4,4,417,'0','1.0','292.5','ccard-ye5719b',1,'2019-04-25 18:58:28','2019-04-25 18:58:28'),
(240,4,4,418,'100','1.0','777.5','ccard-pu9919t',1,'2019-04-26 06:06:17','2019-04-26 06:06:17'),
(242,4,4,419,'100','1.0','777.5','tn4819i',1,'2019-04-26 06:11:17','2019-04-26 05:57:27'),
(243,4,4,420,'0','1.0','877.5','ccard-nh6019u',1,'2019-05-02 20:22:13','2019-05-02 20:22:13'),
(244,4,4,421,'0','1.0','375','ccard-gg5619f',1,'2019-05-02 23:55:43','2019-05-02 23:55:43'),
(245,4,4,422,'0','1.0','375','ccard-qk3519k',1,'2019-05-03 00:02:10','2019-05-03 00:02:10'),
(246,4,4,423,'0','1.0','375','ccard-hp1419w',1,'2019-05-03 00:06:19','2019-05-03 00:06:19'),
(247,4,4,424,'0','1.0','375','ccard-jq8719v',1,'2019-05-03 00:10:30','2019-05-03 00:10:30'),
(248,4,4,425,'0','1.0','438.75','ccard-fm2419n',1,'2019-05-03 00:23:33','2019-05-03 00:23:33'),
(249,4,4,426,'0','1.0','438.75','ccard-ui9419v',1,'2019-05-03 00:27:50','2019-05-03 00:27:50'),
(250,4,4,427,'0','1.0','438.75','ccard-im7119e',1,'2019-05-03 00:29:30','2019-05-03 00:29:30'),
(251,4,4,428,'10','1.0','575','ccard-vj9719r',1,'2019-05-03 06:36:02','2019-05-03 06:36:02'),
(252,4,4,429,'20','1.0','565','ccard-vm1819e',1,'2019-05-03 06:36:49','2019-05-03 06:36:49'),
(253,4,4,430,'100','1.0','777.5','ccard-rc3719h',1,'2019-05-03 06:37:35','2019-05-03 06:37:35'),
(254,4,4,432,'0','1.0','600','ccard-un6319q',1,'2019-05-16 15:36:53','2019-05-16 15:36:53'),
(256,4,4,NULL,'0','0','600.0','zt4519y',0,'2019-05-16 16:32:08','2019-05-16 16:32:08'),
(257,4,4,NULL,'0','1.0','600.0','ta1919z',0,'2019-05-16 16:35:09','2019-05-16 16:35:09'),
(261,4,4,NULL,'0','1.0','600.0','eb9219j',0,'2019-05-16 16:38:25','2019-05-16 16:38:25'),
(262,4,4,NULL,'0','1.0','600.0','dk7719f',0,'2019-05-16 17:53:23','2019-05-16 17:53:23'),
(263,4,4,NULL,'0','1.0','598.2','ms5419z',0,'2019-05-16 18:39:43','2019-05-16 18:39:43'),
(264,4,4,NULL,'0','1.0','598.2','sc8319e',0,'2019-05-16 18:52:52','2019-05-16 18:52:52'),
(265,4,4,434,'0','1.0','558.3200073242188','ccard-rz3119e',1,'2019-05-16 20:00:12','2019-05-16 20:00:12'),
(266,4,4,435,'0','1.0','582','ccard-dk7219f',1,'2019-05-16 20:23:28','2019-05-16 20:23:28'),
(267,4,4,436,'0','1.0','582','ccard-kq6719q',1,'2019-05-16 20:29:37','2019-05-16 20:29:37'),
(269,4,4,NULL,'0','1.0','582.0','te1219f',0,'2019-05-17 19:18:04','2019-05-17 19:18:04'),
(270,4,4,NULL,'0','1.0','582.0','de6519k',0,'2019-05-17 19:18:06','2019-05-17 19:18:06'),
(271,4,4,NULL,'0','1.0','526.12','yj2519q',0,'2019-05-17 19:42:28','2019-05-17 19:42:28'),
(272,4,4,NULL,'0','1.0','1112.0','gy8119x',0,'2019-05-17 21:33:49','2019-05-17 21:33:49'),
(275,4,4,NULL,'10','1.0','742.91003','af7919c',0,'2019-05-17 22:31:45','2019-05-17 22:31:45'),
(276,4,4,437,'0','1.0','653.969970703125','ccard-rx6919q',1,'2019-05-17 22:57:03','2019-05-17 22:57:03'),
(277,4,4,438,'0','1.0','526.1199951171875','ccard-px1719g',1,'2019-05-17 23:07:25','2019-05-17 23:07:25'),
(279,4,4,440,'110','1.0','767.5','ccard-re5119f',1,'2019-06-05 16:20:23','2019-06-05 16:20:23'),
(280,4,4,451,'10','1.0','800','ccard-dh1719y',1,'2019-06-07 10:53:36','2019-06-07 10:53:36'),
(285,4,4,NULL,'10','1.0','800.0','te7519h',0,'2019-06-07 11:03:34','2019-06-07 11:03:34'),
(286,4,4,NULL,'10','1.0','800.0','fu2219v',0,'2019-06-07 11:17:26','2019-06-07 11:17:26'),
(287,4,4,453,'10','1.0','890','ccard-rd6119y',1,'2019-06-13 20:20:36','2019-06-13 20:20:36'),
(291,4,4,NULL,'0','1.0','720.0','mk3619p',0,'2019-06-20 08:17:24','2019-06-20 08:17:24'),
(292,4,4,NULL,'0','1.0','720.0','jw8719y',0,'2019-06-20 09:22:05','2019-06-20 09:22:05'),
(294,4,4,NULL,'0','0','720.0','cn2319e',0,'2019-06-20 12:49:35','2019-06-20 12:49:35'),
(295,4,4,NULL,'0','1.0','720.0','je9419b',0,'2019-06-20 13:00:20','2019-06-20 13:00:20'),
(296,4,4,456,'0','1.0','658.0999755859375','ccard-yj2419g',1,'2019-06-24 09:30:34','2019-06-24 09:30:34'),
(297,4,4,457,'0','1.0','664.5599975585938','ccard-un2019t',1,'2019-06-24 13:55:50','2019-06-24 13:55:50'),
(298,4,4,458,'0','1.0','2447.56005859375','ccard-fq3119h',1,'2019-06-24 15:35:24','2019-06-24 15:35:24'),
(299,4,4,459,'0','1.0','764.5599975585938','ccard-hf5919i',1,'2019-06-24 15:43:33','2019-06-24 15:43:33'),
(302,4,4,NULL,'0','1.0','764.56','yk6119v',0,'2019-06-24 15:53:28','2019-06-24 15:53:28'),
(303,4,4,NULL,'0','1.0','764.56','bc6519s',0,'2019-06-24 15:59:10','2019-06-24 15:59:10'),
(304,4,4,NULL,'0','1.0','764.56','vk3319i',0,'2019-06-24 16:01:30','2019-06-24 16:01:30'),
(305,4,4,NULL,'0','1.0','764.56','hn8019a',0,'2019-06-24 16:03:50','2019-06-24 16:03:50'),
(306,4,4,460,'10','1.0','382.7699890136719','ccard-fj8919g',1,'2019-06-24 19:45:27','2019-06-24 19:45:27'),
(307,4,4,461,'20','1.0','802.5','ccard-rr5519q',1,'2019-06-25 01:07:58','2019-06-25 01:07:59'),
(308,4,4,462,'20','1.0','448.54998779296875','ccard-gx8419i',1,'2019-06-25 01:25:21','2019-06-25 01:25:21'),
(309,4,4,465,'0','1.0','631.7999877929688','ccard-mg1019p',1,'2019-06-25 08:28:19','2019-06-25 08:28:19'),
(310,4,4,466,'10','1.0','544.8499755859375','ccard-gn4019j',1,'2019-06-25 08:51:53','2019-06-25 08:51:53'),
(311,4,4,467,'20','1.0','713.8599853515625','ccard-tn4719b',1,'2019-06-25 09:04:24','2019-06-25 09:04:24'),
(312,4,4,468,'20','1.0','611.7999877929688','ccard-wr3719y',1,'2019-06-25 09:05:27','2019-06-25 09:05:27'),
(315,4,4,470,'0','1.0','460.6700134277344','ccard-my2919v',1,'2019-06-26 00:08:15','2019-06-26 00:08:15'),
(316,14,17,471,'0','1.0','412.5','ccard-vh6919r',1,'2019-06-26 00:22:36','2019-06-26 00:22:36'),
(317,14,17,472,'0','1.0','412.5','ccard-he2919m',1,'2019-06-26 00:30:28','2019-06-26 00:30:28'),
(318,4,4,473,'10','1.0','530','ccard-rk4119b',1,'2019-07-09 07:36:41','2019-07-09 07:36:41');

/*Table structure for table `role_has_permissions` */

DROP TABLE IF EXISTS `role_has_permissions`;

CREATE TABLE `role_has_permissions` (
  `permission_id` int(10) unsigned NOT NULL,
  `role_id` int(10) unsigned NOT NULL,
  PRIMARY KEY (`permission_id`,`role_id`),
  KEY `role_has_permissions_role_id_foreign` (`role_id`),
  CONSTRAINT `role_has_permissions_permission_id_foreign` FOREIGN KEY (`permission_id`) REFERENCES `permissions` (`id`) ON DELETE CASCADE,
  CONSTRAINT `role_has_permissions_role_id_foreign` FOREIGN KEY (`role_id`) REFERENCES `roles` (`id`) ON DELETE CASCADE
) ENGINE=InnoDB DEFAULT CHARSET=utf8mb4 COLLATE=utf8mb4_unicode_ci;

/*Data for the table `role_has_permissions` */

insert  into `role_has_permissions`(`permission_id`,`role_id`) values 
(1,15),
(1,30),
(2,15),
(2,30),
(3,15),
(3,30),
(4,15),
(4,30),
(5,15),
(5,30),
(6,15),
(6,30),
(7,15),
(7,30),
(8,15),
(8,30),
(9,15),
(9,30),
(10,15),
(10,30),
(11,15),
(11,30),
(12,15),
(12,30),
(13,15),
(13,30),
(14,15),
(14,30),
(15,15),
(15,30),
(16,15),
(16,30),
(17,15),
(17,30),
(18,15),
(18,30),
(19,15),
(19,30),
(20,15),
(20,30),
(21,15),
(21,30),
(22,15),
(22,30),
(23,15),
(23,30),
(24,15),
(24,30),
(25,15),
(25,30),
(26,15),
(26,30),
(27,2),
(27,8),
(27,14),
(27,15),
(27,17),
(27,19),
(27,21),
(27,25),
(27,27),
(27,29),
(27,30),
(28,2),
(28,8),
(28,14),
(28,15),
(28,17),
(28,19),
(28,21),
(28,25),
(28,27),
(28,29),
(28,30),
(29,2),
(29,8),
(29,14),
(29,15),
(29,17),
(29,19),
(29,21),
(29,25),
(29,27),
(29,29),
(29,30),
(30,2),
(30,8),
(30,14),
(30,15),
(30,17),
(30,19),
(30,21),
(30,25),
(30,27),
(30,29),
(30,30),
(31,15),
(31,30),
(32,15),
(32,30),
(33,15),
(33,30),
(34,15),
(34,30),
(35,15),
(35,30),
(36,15),
(36,30),
(37,15),
(37,30),
(38,15),
(38,30),
(39,15),
(39,30),
(40,15),
(40,30),
(41,15),
(41,30),
(42,15),
(42,30),
(43,15),
(43,30),
(44,15),
(44,30),
(45,15),
(45,30),
(46,15),
(46,30),
(47,15),
(47,30),
(48,15),
(48,30),
(49,15),
(49,30),
(50,15),
(50,30),
(51,15),
(51,30),
(52,15),
(52,30),
(53,15),
(53,30),
(54,15),
(54,30),
(55,15),
(55,30),
(56,15),
(56,30),
(57,15),
(57,30),
(58,15),
(58,30),
(59,2),
(59,8),
(59,14),
(59,17),
(59,19),
(59,21),
(59,25),
(59,27),
(59,29),
(60,30),
(64,30),
(70,15),
(71,30),
(72,15),
(79,15),
(85,30),
(86,30),
(87,15);

/*Table structure for table `roles` */

DROP TABLE IF EXISTS `roles`;

CREATE TABLE `roles` (
  `id` int(10) unsigned NOT NULL AUTO_INCREMENT,
  `name` varchar(191) COLLATE utf8mb4_unicode_ci NOT NULL,
  `guard_name` varchar(191) COLLATE utf8mb4_unicode_ci NOT NULL,
  `business_id` int(10) unsigned NOT NULL,
  `is_default` tinyint(1) NOT NULL DEFAULT '0',
  `is_service_staff` tinyint(1) NOT NULL DEFAULT '0',
  `created_at` timestamp NULL DEFAULT NULL,
  `updated_at` timestamp NULL DEFAULT NULL,
  PRIMARY KEY (`id`),
  KEY `roles_business_id_foreign` (`business_id`),
  CONSTRAINT `roles_business_id_foreign` FOREIGN KEY (`business_id`) REFERENCES `business` (`id`) ON DELETE CASCADE
) ENGINE=InnoDB AUTO_INCREMENT=31 DEFAULT CHARSET=utf8mb4 COLLATE=utf8mb4_unicode_ci;

/*Data for the table `roles` */

insert  into `roles`(`id`,`name`,`guard_name`,`business_id`,`is_default`,`is_service_staff`,`created_at`,`updated_at`) values 
(1,'Admin#1','web',1,1,0,'2018-10-06 13:16:12','2018-10-06 13:16:12'),
(2,'Cashier#1','web',1,0,0,'2018-10-06 13:16:12','2018-10-06 13:16:12'),
(7,'Admin#4','web',4,1,0,'2018-10-20 03:27:17','2018-10-20 03:27:17'),
(8,'Cashier#4','web',4,0,0,'2018-10-20 03:27:17','2018-10-20 03:27:17'),
(13,'Admin#7','web',7,1,0,'2019-03-20 16:46:54','2019-03-20 16:46:54'),
(14,'Cashier#7','web',7,0,0,'2019-03-20 16:46:54','2019-03-20 16:46:54'),
(15,'444 Admin#4','web',4,0,0,'2019-05-16 16:16:07','2019-05-16 16:16:07'),
(16,'Admin#8','web',8,1,0,'2019-05-18 16:49:09','2019-05-18 16:49:09'),
(17,'Cashier#8','web',8,0,0,'2019-05-18 16:49:09','2019-05-18 16:49:09'),
(18,'Admin#9','web',9,1,0,'2019-05-18 16:50:59','2019-05-18 16:50:59'),
(19,'Cashier#9','web',9,0,0,'2019-05-18 16:50:59','2019-05-18 16:50:59'),
(20,'Admin#10','web',10,1,0,'2019-05-29 16:24:35','2019-05-29 16:24:35'),
(21,'Cashier#10','web',10,0,0,'2019-05-29 16:24:35','2019-05-29 16:24:35'),
(24,'Admin#12','web',12,1,0,'2019-06-07 12:17:01','2019-06-07 12:17:01'),
(25,'Cashier#12','web',12,0,0,'2019-06-07 12:17:01','2019-06-07 12:17:01'),
(26,'Admin#13','web',13,1,0,'2019-06-07 12:19:17','2019-06-07 12:19:17'),
(27,'Cashier#13','web',13,0,0,'2019-06-07 12:19:17','2019-06-07 12:19:17'),
(28,'Admin#14','web',14,1,0,'2019-06-20 06:01:14','2019-06-20 06:01:14'),
(29,'Cashier#14','web',14,0,0,'2019-06-20 06:01:14','2019-06-20 06:01:14'),
(30,'silver admin#4','web',4,0,0,'2019-08-02 12:48:45','2019-08-02 12:48:45');

/*Table structure for table `selling_price_groups` */

DROP TABLE IF EXISTS `selling_price_groups`;

CREATE TABLE `selling_price_groups` (
  `id` int(10) unsigned NOT NULL AUTO_INCREMENT,
  `name` varchar(191) COLLATE utf8mb4_unicode_ci NOT NULL,
  `description` text COLLATE utf8mb4_unicode_ci,
  `business_id` int(10) unsigned NOT NULL,
  `location_id` int(10) unsigned DEFAULT NULL,
  `deleted_at` timestamp NULL DEFAULT NULL,
  `created_at` timestamp NULL DEFAULT NULL,
  `updated_at` timestamp NULL DEFAULT NULL,
  PRIMARY KEY (`id`),
  KEY `selling_price_groups_business_location_id_foreign` (`location_id`),
  CONSTRAINT `selling_price_groups_business_location_id_foreign` FOREIGN KEY (`location_id`) REFERENCES `business_locations` (`id`) ON DELETE CASCADE
) ENGINE=InnoDB AUTO_INCREMENT=12 DEFAULT CHARSET=utf8mb4 COLLATE=utf8mb4_unicode_ci;

/*Data for the table `selling_price_groups` */

insert  into `selling_price_groups`(`id`,`name`,`description`,`business_id`,`location_id`,`deleted_at`,`created_at`,`updated_at`) values 
(1,'Group1','100',4,4,NULL,'2019-05-16 13:20:12','2019-05-16 13:59:57'),
(2,'Group2','200',4,10,NULL,'2019-05-16 13:59:36','2019-05-16 13:59:36'),
(3,'test','test',7,8,NULL,'2019-05-20 09:10:29','2019-05-20 09:10:29'),
(4,'tttt','ttttt',7,9,NULL,'2019-05-20 09:19:32','2019-05-20 09:19:32'),
(5,'test','aaaaaaaa',4,4,'2019-06-06 19:17:02','2019-06-06 19:14:52','2019-06-06 19:17:02'),
(6,'444Group1','bbbbbbbbbb',4,10,NULL,'2019-06-06 19:15:38','2019-06-06 19:16:43'),
(7,'Silver Group1','adf',4,4,NULL,'2019-06-25 06:36:45','2019-06-25 06:36:45'),
(8,'Silver444 Group1','dfgdfgdfg',4,4,NULL,'2019-06-25 06:39:41','2019-06-25 06:39:41'),
(9,'Silver444 Group2','dsfsdf',4,10,NULL,'2019-06-25 06:43:41','2019-06-25 06:43:41'),
(10,'group1','Group1',14,17,NULL,'2019-06-27 11:39:49','2019-06-27 11:39:49'),
(11,'group2','Group2',14,17,NULL,'2019-06-27 11:40:01','2019-06-27 11:40:01');

/*Table structure for table `sessions` */

DROP TABLE IF EXISTS `sessions`;

CREATE TABLE `sessions` (
  `id` varchar(191) COLLATE utf8mb4_unicode_ci NOT NULL,
  `user_id` int(10) unsigned DEFAULT NULL,
  `ip_address` varchar(45) COLLATE utf8mb4_unicode_ci DEFAULT NULL,
  `user_agent` text COLLATE utf8mb4_unicode_ci,
  `payload` text COLLATE utf8mb4_unicode_ci NOT NULL,
  `last_activity` int(11) NOT NULL,
  UNIQUE KEY `sessions_id_unique` (`id`)
) ENGINE=InnoDB DEFAULT CHARSET=utf8mb4 COLLATE=utf8mb4_unicode_ci;

/*Data for the table `sessions` */

/*Table structure for table `stock_adjustment_lines` */

DROP TABLE IF EXISTS `stock_adjustment_lines`;

CREATE TABLE `stock_adjustment_lines` (
  `id` int(10) unsigned NOT NULL AUTO_INCREMENT,
  `transaction_id` int(10) unsigned NOT NULL,
  `product_id` int(10) unsigned NOT NULL,
  `variation_id` int(10) unsigned NOT NULL,
  `quantity` decimal(20,4) NOT NULL,
  `unit_price` decimal(20,2) DEFAULT NULL COMMENT 'Last purchase unit price',
  `removed_purchase_line` int(11) DEFAULT NULL,
  `created_at` timestamp NULL DEFAULT NULL,
  `updated_at` timestamp NULL DEFAULT NULL,
  PRIMARY KEY (`id`),
  KEY `stock_adjustment_lines_product_id_foreign` (`product_id`),
  KEY `stock_adjustment_lines_variation_id_foreign` (`variation_id`),
  KEY `stock_adjustment_lines_transaction_id_index` (`transaction_id`),
  CONSTRAINT `stock_adjustment_lines_product_id_foreign` FOREIGN KEY (`product_id`) REFERENCES `products` (`id`) ON DELETE CASCADE,
  CONSTRAINT `stock_adjustment_lines_transaction_id_foreign` FOREIGN KEY (`transaction_id`) REFERENCES `transactions` (`id`) ON DELETE CASCADE,
  CONSTRAINT `stock_adjustment_lines_variation_id_foreign` FOREIGN KEY (`variation_id`) REFERENCES `variations` (`id`) ON DELETE CASCADE
) ENGINE=InnoDB DEFAULT CHARSET=utf8mb4 COLLATE=utf8mb4_unicode_ci;

/*Data for the table `stock_adjustment_lines` */

/*Table structure for table `stock_adjustments_temp` */

DROP TABLE IF EXISTS `stock_adjustments_temp`;

CREATE TABLE `stock_adjustments_temp` (
  `id` int(11) DEFAULT NULL
) ENGINE=InnoDB DEFAULT CHARSET=utf8;

/*Data for the table `stock_adjustments_temp` */

/*Table structure for table `subscriptions` */

DROP TABLE IF EXISTS `subscriptions`;

CREATE TABLE `subscriptions` (
  `id` int(10) unsigned NOT NULL AUTO_INCREMENT,
  `business_id` int(10) unsigned NOT NULL,
  `package_id` int(10) unsigned NOT NULL,
  `start_date` date DEFAULT NULL,
  `trial_end_date` date DEFAULT NULL,
  `end_date` date DEFAULT NULL,
  `package_price` decimal(20,2) NOT NULL,
  `package_details` longtext COLLATE utf8mb4_unicode_ci NOT NULL,
  `created_id` int(10) unsigned NOT NULL,
  `paid_via` varchar(191) COLLATE utf8mb4_unicode_ci DEFAULT NULL,
  `payment_transaction_id` varchar(191) COLLATE utf8mb4_unicode_ci DEFAULT NULL,
  `status` enum('approved','waiting','declined') COLLATE utf8mb4_unicode_ci NOT NULL DEFAULT 'waiting',
  `deleted_at` timestamp NULL DEFAULT NULL,
  `created_at` timestamp NULL DEFAULT NULL,
  `updated_at` timestamp NULL DEFAULT NULL,
  PRIMARY KEY (`id`),
  KEY `subscriptions_business_id_foreign` (`business_id`),
  CONSTRAINT `subscriptions_business_id_foreign` FOREIGN KEY (`business_id`) REFERENCES `business` (`id`) ON DELETE CASCADE
) ENGINE=InnoDB AUTO_INCREMENT=28 DEFAULT CHARSET=utf8mb4 COLLATE=utf8mb4_unicode_ci;

/*Data for the table `subscriptions` */

insert  into `subscriptions`(`id`,`business_id`,`package_id`,`start_date`,`trial_end_date`,`end_date`,`package_price`,`package_details`,`created_id`,`paid_via`,`payment_transaction_id`,`status`,`deleted_at`,`created_at`,`updated_at`) values 
(1,1,1,'2018-10-05','2019-04-08','2019-03-08',0.00,'{\"location_count\":0,\"user_count\":0,\"product_count\":0,\"invoice_count\":0,\"name\":\"Gold\"}',1,'offline','1','approved',NULL,'2018-10-06 13:58:28','2019-03-09 20:56:30'),
(4,1,1,'2018-10-07','2018-11-07','2018-10-08',0.00,'{\"location_count\":0,\"user_count\":0,\"product_count\":0,\"invoice_count\":0,\"name\":\"Gold\"}',1,NULL,'FREE','approved',NULL,'2018-10-11 22:16:51','2018-10-11 22:16:51'),
(5,1,3,'2018-10-09','2018-11-16','2018-11-09',150.00,'{\"location_count\":0,\"user_count\":0,\"product_count\":0,\"invoice_count\":0,\"name\":\"Diamond\"}',1,'offline','4','approved',NULL,'2018-10-11 21:54:45','2018-10-11 22:25:23'),
(6,4,2,'2018-11-10','2018-12-13','2018-12-10',75.00,'{\"location_count\":1,\"user_count\":5,\"product_count\":0,\"invoice_count\":0,\"name\":\"Silver\"}',4,'offline',NULL,'declined',NULL,'2018-10-20 02:57:48','2018-10-20 03:41:22'),
(7,4,2,'2018-10-19','2018-11-22','2018-11-19',75.00,'{\"location_count\":1,\"user_count\":5,\"product_count\":0,\"invoice_count\":0,\"name\":\"Silver\"}',1,'offline','10','approved',NULL,'2018-10-20 03:37:58','2018-10-20 03:37:58'),
(8,1,2,'2018-11-30','2019-01-02','2018-12-30',75.00,'{\"location_count\":1,\"user_count\":5,\"product_count\":0,\"invoice_count\":0,\"name\":\"Silver\"}',1,'paypal','12','approved',NULL,'2018-12-05 06:19:44','2018-12-05 06:19:44'),
(9,4,3,'2018-11-20','2018-12-27','2018-12-20',175.00,'{\"location_count\":0,\"user_count\":0,\"product_count\":0,\"invoice_count\":0,\"name\":\"Diamond\"}',1,'paypal','13','approved',NULL,'2018-12-05 06:20:09','2018-12-05 06:20:09'),
(10,4,2,'2018-12-31','2019-02-03','2019-01-31',75.00,'{\"location_count\":1,\"user_count\":5,\"product_count\":0,\"invoice_count\":0,\"name\":\"Silver\"}',4,'offline','123','approved',NULL,'2019-01-11 12:54:33','2019-01-11 13:49:48'),
(12,4,2,'2018-12-31','2019-02-03','2019-01-31',25000.00,'{\"location_count\":1,\"user_count\":5,\"product_count\":0,\"invoice_count\":0,\"name\":\"Silver\"}',4,'offline','112234','approved',NULL,'2019-02-13 09:48:56','2019-02-13 10:23:00'),
(13,4,2,'2019-02-12','2019-02-28','2019-03-12',25000.00,'{\"location_count\":1,\"user_count\":5,\"product_count\":0,\"invoice_count\":0,\"name\":\"Silver\"}',4,'offline','112235','approved',NULL,'2019-02-13 10:07:13','2019-02-13 10:54:26'),
(15,4,2,'2019-03-12',NULL,'2019-04-12',25000.00,'{\"location_count\":1,\"user_count\":5,\"product_count\":0,\"invoice_count\":0,\"name\":\"Silver\"}',4,'offline','6826','approved',NULL,'2019-03-13 05:03:37','2019-03-13 05:34:35'),
(16,7,1,'2019-03-19','2019-04-22','2019-04-19',50000.00,'{\"location_count\":3,\"user_count\":15,\"product_count\":0,\"invoice_count\":0,\"name\":\"Gold\"}',1,'offline','987654','approved',NULL,'2019-03-20 16:47:19','2019-03-20 16:47:19'),
(17,4,2,'2019-04-13','2019-05-16','2019-05-13',25000.00,'{\"location_count\":1,\"user_count\":5,\"product_count\":0,\"invoice_count\":0,\"name\":\"Silver\"}',1,'offline','123','approved',NULL,'2019-05-15 19:47:01','2019-05-15 19:47:01'),
(18,4,2,'2019-05-14','2019-06-17','2019-06-14',25000.00,'{\"location_count\":1,\"user_count\":5,\"product_count\":0,\"invoice_count\":0,\"name\":\"Silver\"}',1,'offline','123','approved',NULL,'2019-05-15 19:48:31','2019-05-15 19:48:31'),
(19,4,2,'2019-06-15','2019-07-18','2019-07-15',25000.00,'{\"location_count\":1,\"user_count\":5,\"product_count\":0,\"invoice_count\":0,\"name\":\"Silver\"}',1,'offline','aaaaaaaa','approved',NULL,'2019-05-16 13:36:02','2019-05-16 13:36:02'),
(20,9,2,'2019-05-18','2019-06-21','2019-06-18',25000.00,'{\"location_count\":1,\"user_count\":5,\"product_count\":0,\"invoice_count\":0,\"name\":\"Silver\"}',1,'offline','restaurant','approved',NULL,'2019-05-18 16:51:56','2019-05-18 16:51:56'),
(21,8,2,'2019-05-18','2019-06-21','2019-06-18',25000.00,'{\"location_count\":1,\"user_count\":5,\"product_count\":0,\"invoice_count\":0,\"name\":\"Silver\"}',1,'offline','store','approved',NULL,'2019-05-18 16:52:08','2019-05-18 16:52:08'),
(22,7,1,'2019-04-20','2019-05-23','2019-05-20',50000.00,'{\"location_count\":3,\"user_count\":15,\"product_count\":0,\"invoice_count\":0,\"name\":\"Gold\"}',1,'offline','test','approved',NULL,'2019-05-29 16:31:02','2019-05-29 16:31:02'),
(23,7,3,'2019-05-21','2019-06-28','2019-06-21',100000.00,'{\"location_count\":10,\"user_count\":0,\"product_count\":0,\"invoice_count\":0,\"name\":\"Diamond\"}',1,'offline','vvv','approved',NULL,'2019-05-29 16:35:49','2019-05-29 16:40:01'),
(24,7,3,'2019-05-21','2019-06-28','2019-06-21',100000.00,'{\"location_count\":10,\"user_count\":0,\"product_count\":0,\"invoice_count\":0,\"name\":\"Diamond\"}',1,'offline','bbb','approved',NULL,'2019-05-29 16:37:38','2019-05-29 16:40:07'),
(25,7,3,'2019-05-21','2019-06-28','2019-06-21',100000.00,'{\"location_count\":10,\"user_count\":0,\"product_count\":0,\"invoice_count\":0,\"name\":\"Diamond\"}',1,'offline','mmm','approved',NULL,'2019-05-29 16:38:32','2019-05-29 16:38:32'),
(26,7,1,'2019-06-22','2019-07-25','2019-07-22',50000.00,'{\"location_count\":3,\"user_count\":15,\"product_count\":0,\"invoice_count\":0,\"name\":\"Gold\"}',1,'offline','nnn','approved',NULL,'2019-05-29 16:41:08','2019-05-29 16:41:08'),
(27,14,3,'2019-06-20','2019-07-27','2019-07-20',100000.00,'{\"location_count\":10,\"user_count\":0,\"product_count\":0,\"invoice_count\":0,\"name\":\"Diamond\"}',1,'offline','aawer2','approved',NULL,'2019-06-20 06:04:21','2019-06-20 06:04:21');

/*Table structure for table `superadmin_communicator_logs` */

DROP TABLE IF EXISTS `superadmin_communicator_logs`;

CREATE TABLE `superadmin_communicator_logs` (
  `id` int(10) unsigned NOT NULL AUTO_INCREMENT,
  `business_ids` text COLLATE utf8mb4_unicode_ci,
  `subject` varchar(191) COLLATE utf8mb4_unicode_ci DEFAULT NULL,
  `message` text COLLATE utf8mb4_unicode_ci,
  `created_at` timestamp NULL DEFAULT NULL,
  `updated_at` timestamp NULL DEFAULT NULL,
  PRIMARY KEY (`id`)
) ENGINE=InnoDB AUTO_INCREMENT=2 DEFAULT CHARSET=utf8mb4 COLLATE=utf8mb4_unicode_ci;

/*Data for the table `superadmin_communicator_logs` */

insert  into `superadmin_communicator_logs`(`id`,`business_ids`,`subject`,`message`,`created_at`,`updated_at`) values 
(1,'[\"2\",\"3\"]','Welcome Purchase','Thanks for your purchase','2018-10-06 13:57:58','2018-10-06 13:57:58');

/*Table structure for table `system` */

DROP TABLE IF EXISTS `system`;

CREATE TABLE `system` (
  `key` varchar(191) COLLATE utf8mb4_unicode_ci NOT NULL,
  `value` varchar(191) COLLATE utf8mb4_unicode_ci NOT NULL
) ENGINE=InnoDB DEFAULT CHARSET=utf8mb4 COLLATE=utf8mb4_unicode_ci;

/*Data for the table `system` */

insert  into `system`(`key`,`value`) values 
('db_version','2.9'),
('default_business_active_status','1'),
('superadmin_version','0.7'),
('app_currency_id','91'),
('invoice_business_name','Bullet Cart'),
('invoice_business_landmark','Creative Developers'),
('invoice_business_zip','75210'),
('invoice_business_state','Sindh'),
('invoice_business_city','Karachi'),
('invoice_business_country','Pakistan'),
('email','hello@bulletcart.store'),
('package_expiry_alert_days','30'),
('enable_business_based_username','0');

/*Table structure for table `tables` */

DROP TABLE IF EXISTS `tables`;

CREATE TABLE `tables` (
  `table_id` int(11) NOT NULL AUTO_INCREMENT,
  `table` varchar(20) NOT NULL,
  `sit` int(11) NOT NULL,
  `action` int(11) NOT NULL,
  `image` varchar(20) NOT NULL,
  PRIMARY KEY (`table_id`)
) ENGINE=MyISAM AUTO_INCREMENT=4 DEFAULT CHARSET=latin1;

/*Data for the table `tables` */

insert  into `tables`(`table_id`,`table`,`sit`,`action`,`image`) values 
(1,'Table A',4,2,''),
(2,'Table B',2,0,''),
(3,'Table C',6,0,'');

/*Table structure for table `tax_rates` */

DROP TABLE IF EXISTS `tax_rates`;

CREATE TABLE `tax_rates` (
  `id` int(10) unsigned NOT NULL AUTO_INCREMENT,
  `business_id` int(10) unsigned NOT NULL,
  `name` varchar(191) COLLATE utf8mb4_unicode_ci NOT NULL,
  `amount` double(8,2) NOT NULL,
  `is_tax_group` tinyint(1) NOT NULL DEFAULT '0',
  `created_by` int(10) unsigned NOT NULL,
  `deleted_at` timestamp NULL DEFAULT NULL,
  `created_at` timestamp NULL DEFAULT NULL,
  `updated_at` timestamp NULL DEFAULT NULL,
  PRIMARY KEY (`id`),
  KEY `tax_rates_created_by_foreign` (`created_by`),
  KEY `tax_rates_business_id_foreign` (`business_id`),
  CONSTRAINT `tax_rates_business_id_foreign` FOREIGN KEY (`business_id`) REFERENCES `business` (`id`) ON DELETE CASCADE,
  CONSTRAINT `tax_rates_created_by_foreign` FOREIGN KEY (`created_by`) REFERENCES `users` (`id`) ON DELETE CASCADE
) ENGINE=InnoDB AUTO_INCREMENT=6 DEFAULT CHARSET=utf8mb4 COLLATE=utf8mb4_unicode_ci;

/*Data for the table `tax_rates` */

insert  into `tax_rates`(`id`,`business_id`,`name`,`amount`,`is_tax_group`,`created_by`,`deleted_at`,`created_at`,`updated_at`) values 
(1,4,'GST',17.00,0,4,NULL,'2018-10-20 03:19:09','2019-02-13 11:19:38'),
(3,7,'GST',17.00,0,8,NULL,'2019-03-21 16:30:17','2019-03-21 16:30:17'),
(4,9,'GST',17.00,0,11,NULL,'2019-05-18 17:01:05','2019-05-18 17:01:05'),
(5,14,'gst',10.10,1,16,NULL,'2019-06-25 22:16:10','2019-06-25 22:16:10');

/*Table structure for table `timings` */

DROP TABLE IF EXISTS `timings`;

CREATE TABLE `timings` (
  `id` int(11) NOT NULL AUTO_INCREMENT,
  `day` varchar(50) NOT NULL,
  `from_time` varchar(200) NOT NULL,
  `to_time` varchar(200) NOT NULL,
  PRIMARY KEY (`id`)
) ENGINE=MyISAM AUTO_INCREMENT=7 DEFAULT CHARSET=latin1;

/*Data for the table `timings` */

insert  into `timings`(`id`,`day`,`from_time`,`to_time`) values 
(1,'Sunday ','10:00','09:00 PM'),
(2,'Monday ','10:00 AM','09:00 PM'),
(3,'Tuesday ','10:00 AM','09:00 PM'),
(4,'Thrusday ','10:00 AM','09:00 PM'),
(5,'Friday ','10:00 AM','09:00 PM'),
(6,'Saturday ','10:00 AM','14:00 PM');

/*Table structure for table `transaction_payments` */

DROP TABLE IF EXISTS `transaction_payments`;

CREATE TABLE `transaction_payments` (
  `id` int(10) unsigned NOT NULL AUTO_INCREMENT,
  `transaction_id` int(11) unsigned DEFAULT NULL,
  `is_return` tinyint(1) NOT NULL DEFAULT '0' COMMENT 'Used during sales to return the change',
  `amount` decimal(20,2) NOT NULL DEFAULT '0.00',
  `method` enum('cash','card','cheque','bank_transfer','custom_pay_1','custom_pay_2','custom_pay_3','mobile','card_machine') COLLATE utf8mb4_unicode_ci NOT NULL DEFAULT 'cash',
  `transaction_no` varchar(191) COLLATE utf8mb4_unicode_ci DEFAULT NULL,
  `card_transaction_number` varchar(191) COLLATE utf8mb4_unicode_ci DEFAULT NULL,
  `card_number` varchar(191) COLLATE utf8mb4_unicode_ci DEFAULT NULL,
  `card_type` enum('visa','master') COLLATE utf8mb4_unicode_ci DEFAULT NULL,
  `card_holder_name` varchar(191) COLLATE utf8mb4_unicode_ci DEFAULT NULL,
  `card_month` varchar(191) COLLATE utf8mb4_unicode_ci DEFAULT NULL,
  `card_year` varchar(191) COLLATE utf8mb4_unicode_ci DEFAULT NULL,
  `card_security` varchar(5) COLLATE utf8mb4_unicode_ci DEFAULT NULL,
  `cheque_number` varchar(191) COLLATE utf8mb4_unicode_ci DEFAULT NULL,
  `bank_account_number` varchar(191) COLLATE utf8mb4_unicode_ci DEFAULT NULL,
  `paid_on` datetime DEFAULT NULL,
  `created_by` int(11) DEFAULT NULL,
  `payment_for` int(11) DEFAULT NULL,
  `parent_id` int(11) DEFAULT NULL,
  `note` varchar(191) COLLATE utf8mb4_unicode_ci DEFAULT NULL,
  `payment_ref_no` varchar(191) COLLATE utf8mb4_unicode_ci DEFAULT NULL,
  `receipt_no` varchar(191) COLLATE utf8mb4_unicode_ci NOT NULL DEFAULT '',
  `uid` varchar(191) COLLATE utf8mb4_unicode_ci NOT NULL DEFAULT '',
  `created_at` timestamp NULL DEFAULT NULL,
  `updated_at` timestamp NULL DEFAULT NULL,
  PRIMARY KEY (`id`),
  KEY `transaction_payments_transaction_id_foreign` (`transaction_id`),
  KEY `transaction_payments_created_by_index` (`created_by`),
  CONSTRAINT `transaction_payments_transaction_id_foreign` FOREIGN KEY (`transaction_id`) REFERENCES `transactions` (`id`) ON DELETE CASCADE
) ENGINE=InnoDB AUTO_INCREMENT=409 DEFAULT CHARSET=utf8mb4 COLLATE=utf8mb4_unicode_ci;

/*Data for the table `transaction_payments` */

insert  into `transaction_payments`(`id`,`transaction_id`,`is_return`,`amount`,`method`,`transaction_no`,`card_transaction_number`,`card_number`,`card_type`,`card_holder_name`,`card_month`,`card_year`,`card_security`,`cheque_number`,`bank_account_number`,`paid_on`,`created_by`,`payment_for`,`parent_id`,`note`,`payment_ref_no`,`receipt_no`,`uid`,`created_at`,`updated_at`) values 
(407,NULL,0,553.84,'cash',NULL,NULL,NULL,NULL,NULL,NULL,NULL,NULL,NULL,NULL,'2019-07-15 09:31:51',NULL,NULL,NULL,NULL,'SP2019/0341','','','2019-07-15 09:31:51','2019-07-15 09:31:51'),
(408,NULL,0,553.84,'cash',NULL,NULL,NULL,NULL,NULL,NULL,NULL,NULL,NULL,NULL,'2019-07-15 09:32:19',NULL,NULL,NULL,NULL,'SP2019/0342','','','2019-07-15 09:32:19','2019-07-15 09:32:19');

/*Table structure for table `transaction_sell_lines` */

DROP TABLE IF EXISTS `transaction_sell_lines`;

CREATE TABLE `transaction_sell_lines` (
  `id` int(10) unsigned NOT NULL AUTO_INCREMENT,
  `transaction_id` int(10) unsigned NOT NULL,
  `product_id` int(10) unsigned NOT NULL,
  `variation_id` int(10) unsigned NOT NULL,
  `quantity` decimal(20,4) NOT NULL,
  `unit_price_before_discount` decimal(20,2) NOT NULL DEFAULT '0.00',
  `unit_price` decimal(20,2) DEFAULT NULL,
  `line_discount_type` enum('fixed','percentage') COLLATE utf8mb4_unicode_ci DEFAULT NULL,
  `line_discount_amount` decimal(20,2) NOT NULL DEFAULT '0.00',
  `unit_price_inc_tax` decimal(20,2) DEFAULT NULL,
  `item_tax` decimal(20,2) DEFAULT NULL,
  `tax_id` int(10) unsigned DEFAULT NULL,
  `lot_no_line_id` int(11) DEFAULT NULL,
  `sell_line_note` text COLLATE utf8mb4_unicode_ci,
  `parent_sell_line_id` int(11) DEFAULT NULL,
  `created_at` timestamp NULL DEFAULT NULL,
  `updated_at` timestamp NULL DEFAULT NULL,
  PRIMARY KEY (`id`),
  KEY `transaction_sell_lines_transaction_id_foreign` (`transaction_id`),
  KEY `transaction_sell_lines_product_id_foreign` (`product_id`),
  KEY `transaction_sell_lines_variation_id_foreign` (`variation_id`),
  KEY `transaction_sell_lines_tax_id_foreign` (`tax_id`),
  CONSTRAINT `transaction_sell_lines_product_id_foreign` FOREIGN KEY (`product_id`) REFERENCES `products` (`id`) ON DELETE CASCADE,
  CONSTRAINT `transaction_sell_lines_tax_id_foreign` FOREIGN KEY (`tax_id`) REFERENCES `tax_rates` (`id`) ON DELETE CASCADE,
  CONSTRAINT `transaction_sell_lines_transaction_id_foreign` FOREIGN KEY (`transaction_id`) REFERENCES `transactions` (`id`) ON DELETE CASCADE,
  CONSTRAINT `transaction_sell_lines_variation_id_foreign` FOREIGN KEY (`variation_id`) REFERENCES `variations` (`id`) ON DELETE CASCADE
) ENGINE=InnoDB AUTO_INCREMENT=400 DEFAULT CHARSET=utf8mb4 COLLATE=utf8mb4_unicode_ci;

/*Data for the table `transaction_sell_lines` */

insert  into `transaction_sell_lines`(`id`,`transaction_id`,`product_id`,`variation_id`,`quantity`,`unit_price_before_discount`,`unit_price`,`line_discount_type`,`line_discount_amount`,`unit_price_inc_tax`,`item_tax`,`tax_id`,`lot_no_line_id`,`sell_line_note`,`parent_sell_line_id`,`created_at`,`updated_at`) values 
(56,57,8,8,1.0000,90.00,90.00,'fixed',0.00,90.00,NULL,NULL,NULL,'',NULL,'2018-11-04 01:03:18','2018-11-04 01:03:18'),
(57,58,8,8,2.0000,90.00,90.00,'fixed',0.00,90.00,NULL,NULL,NULL,'',NULL,'2018-11-04 01:16:11','2018-11-04 01:16:11'),
(58,59,8,8,2.0000,90.00,90.00,'fixed',0.00,90.00,NULL,NULL,NULL,'',NULL,'2018-11-04 01:18:23','2018-11-04 01:18:23'),
(120,104,9,9,1.0000,35.60,35.60,'fixed',0.00,35.60,NULL,NULL,NULL,'',NULL,'2019-01-13 10:08:35','2019-01-13 10:08:35'),
(121,104,9,9,1.0000,35.60,35.60,'fixed',0.00,35.60,NULL,NULL,NULL,'',NULL,'2019-01-13 10:08:35','2019-01-13 10:08:35'),
(122,105,10,10,3.0000,220.00,220.00,'fixed',0.00,220.00,NULL,NULL,NULL,'',NULL,'2019-01-13 11:02:42','2019-01-13 11:02:42'),
(123,106,10,10,1.0000,220.00,220.00,'fixed',0.00,220.00,NULL,NULL,NULL,'',NULL,'2019-01-13 11:57:30','2019-01-13 11:57:30'),
(124,107,10,10,1.0000,220.00,220.00,'fixed',0.00,220.00,NULL,NULL,NULL,'',NULL,'2019-01-13 11:59:10','2019-01-13 11:59:10'),
(125,108,10,10,1.0000,220.00,220.00,'fixed',0.00,220.00,NULL,NULL,NULL,'',NULL,'2019-01-13 12:00:30','2019-01-13 12:00:30'),
(126,109,10,10,3.0000,220.00,220.00,'fixed',0.00,220.00,NULL,NULL,NULL,'',NULL,'2019-01-13 12:09:38','2019-01-13 12:09:38'),
(127,110,10,10,3.0000,220.00,220.00,'fixed',0.00,220.00,NULL,NULL,NULL,'',NULL,'2019-01-13 12:11:42','2019-01-13 12:11:42'),
(128,111,10,10,2.0000,220.00,220.00,'fixed',0.00,220.00,NULL,NULL,NULL,'',NULL,'2019-01-13 12:14:38','2019-01-13 12:14:38'),
(129,112,10,10,1.0000,220.00,220.00,'fixed',0.00,220.00,NULL,NULL,NULL,'',NULL,'2019-01-13 12:15:43','2019-01-13 12:15:43'),
(147,129,10,10,1.0000,220.00,220.00,'fixed',0.00,220.00,NULL,NULL,NULL,'',NULL,'2019-01-21 11:51:17','2019-01-21 11:51:17'),
(151,133,9,9,1.0000,35.60,35.60,'fixed',0.00,35.60,NULL,NULL,NULL,'',NULL,'2019-01-26 12:09:20','2019-01-26 12:09:20'),
(152,135,9,9,1.0000,35.60,35.60,'fixed',0.00,35.60,NULL,NULL,NULL,'',NULL,'2019-01-26 12:18:52','2019-01-26 12:18:52'),
(153,135,9,9,1.0000,35.60,35.60,'fixed',0.00,35.60,NULL,NULL,NULL,'',NULL,'2019-01-26 12:18:52','2019-01-26 12:18:52'),
(164,144,10,10,2.0000,220.00,220.00,'fixed',0.00,220.00,NULL,NULL,NULL,'',NULL,'2019-01-28 11:11:51','2019-01-28 11:11:51'),
(165,145,6,6,1.0000,39.55,39.55,'fixed',0.00,39.55,NULL,NULL,NULL,'',NULL,'2019-01-28 11:43:39','2019-01-28 11:43:39'),
(166,146,6,6,1.0000,39.55,39.55,'fixed',0.00,39.55,NULL,NULL,NULL,'',NULL,'2019-01-28 11:45:10','2019-01-28 11:45:10'),
(167,147,6,6,10.0000,39.55,39.55,'fixed',0.00,39.55,NULL,NULL,NULL,'',NULL,'2019-01-28 11:46:48','2019-01-28 11:46:48'),
(168,148,11,11,1.0000,406.80,406.80,'fixed',0.00,406.80,NULL,NULL,NULL,'',NULL,'2019-01-28 11:53:15','2019-01-28 11:53:15'),
(169,149,11,11,1.0000,406.80,406.80,'fixed',0.00,406.80,NULL,NULL,NULL,'',NULL,'2019-01-28 11:57:07','2019-01-28 11:57:07'),
(275,248,13,13,1.0000,133.00,133.00,'fixed',0.00,133.00,NULL,NULL,NULL,'',NULL,'2019-02-25 21:40:17','2019-02-25 21:40:17'),
(276,249,13,13,1.0000,133.00,133.00,'fixed',0.00,133.00,NULL,NULL,NULL,'',NULL,'2019-02-25 21:41:02','2019-02-25 21:41:02'),
(300,273,17,17,1.0000,40.00,40.00,'fixed',0.00,40.00,NULL,NULL,NULL,'',NULL,'2019-03-12 21:20:25','2019-03-12 21:20:25'),
(304,277,17,17,1.0000,40.00,40.00,'fixed',0.00,40.00,NULL,NULL,NULL,'',NULL,'2019-03-13 01:12:22','2019-03-13 01:12:22'),
(305,278,17,17,5.0000,40.00,40.00,'fixed',0.00,40.00,NULL,NULL,NULL,'',NULL,'2019-03-13 01:14:37','2019-03-13 01:14:37'),
(310,283,17,17,1.0000,40.00,40.00,'fixed',0.00,40.00,NULL,NULL,NULL,'',NULL,'2019-03-14 15:41:12','2019-03-14 15:41:12'),
(314,287,17,17,1.0000,40.00,40.00,'fixed',0.00,40.00,NULL,NULL,NULL,'',NULL,'2019-03-16 07:41:22','2019-03-16 07:41:22'),
(315,288,17,17,10.0000,40.00,40.00,'fixed',0.00,40.00,NULL,NULL,NULL,'',NULL,'2019-03-16 07:47:25','2019-03-16 07:47:25'),
(316,289,17,17,20.0000,40.00,40.00,'fixed',0.00,40.00,NULL,NULL,NULL,'',NULL,'2019-03-16 07:53:48','2019-03-16 07:53:48'),
(317,290,17,17,10.0000,40.00,40.00,'fixed',0.00,40.00,NULL,NULL,NULL,'',NULL,'2019-03-16 08:12:46','2019-03-16 08:12:46'),
(324,297,17,17,1.0000,40.00,40.00,'fixed',0.00,40.00,NULL,NULL,NULL,'',NULL,'2019-03-17 04:53:30','2019-03-17 04:53:30'),
(325,298,17,17,1.0000,40.00,40.00,'fixed',0.00,40.00,NULL,NULL,NULL,'',NULL,'2019-03-17 04:57:39','2019-03-17 04:57:39'),
(373,348,20,20,1.0000,34.19,34.19,'fixed',0.00,34.19,0.00,NULL,NULL,'',NULL,'2019-03-21 07:32:12','2019-03-21 07:32:12'),
(374,349,20,20,9999.0000,34.19,34.19,'fixed',0.00,34.19,0.00,NULL,NULL,'',NULL,'2019-03-21 07:34:02','2019-03-21 07:34:02'),
(375,350,20,20,1000.0000,34.19,34.19,'fixed',0.00,34.19,0.00,NULL,NULL,'',NULL,'2019-03-21 08:48:47','2019-03-21 08:48:47'),
(386,362,20,20,1.0000,34.19,34.19,'fixed',0.00,34.19,0.00,NULL,NULL,'',NULL,'2019-03-30 09:41:50','2019-03-30 09:41:50'),
(387,363,20,20,1.0000,34.19,34.19,'fixed',0.00,34.19,0.00,NULL,NULL,'',NULL,'2019-03-30 09:57:37','2019-03-30 09:57:37'),
(388,364,20,20,1.0000,34.19,34.19,'fixed',0.00,34.19,0.00,NULL,NULL,'',NULL,'2019-03-30 12:22:59','2019-03-30 12:22:59'),
(389,366,20,20,1.0000,34.19,34.19,'fixed',0.00,34.19,0.00,NULL,NULL,'',NULL,'2019-03-30 14:01:21','2019-03-30 14:01:21'),
(390,367,20,20,1.0000,34.19,34.19,'fixed',0.00,34.19,0.00,NULL,NULL,'',NULL,'2019-03-30 15:02:03','2019-03-30 15:02:03'),
(391,368,20,20,1.0000,34.19,34.19,'fixed',0.00,34.19,0.00,NULL,NULL,'',NULL,'2019-03-30 15:05:16','2019-03-30 15:05:16'),
(392,369,20,20,1.0000,34.19,34.19,'fixed',0.00,34.19,0.00,NULL,NULL,'',NULL,'2019-04-02 09:45:00','2019-04-02 09:45:00'),
(393,370,20,20,1.0000,34.19,34.19,'fixed',0.00,34.19,0.00,NULL,NULL,'',NULL,'2019-04-02 09:47:17','2019-04-02 09:47:17'),
(396,373,20,20,1.0000,34.19,34.19,'fixed',0.00,34.19,0.00,NULL,NULL,'',NULL,'2019-04-06 04:56:49','2019-04-06 04:56:49'),
(397,374,20,20,1.0000,34.19,34.19,'fixed',0.00,34.19,0.00,NULL,NULL,'',NULL,'2019-04-06 05:01:57','2019-04-06 05:01:57'),
(398,375,20,20,1.0000,34.19,34.19,'fixed',0.00,34.19,0.00,NULL,NULL,'',NULL,'2019-04-06 05:29:22','2019-04-06 05:29:22'),
(399,376,20,20,1.0000,34.19,34.19,'fixed',0.00,34.19,0.00,NULL,NULL,'',NULL,'2019-04-06 06:35:22','2019-04-06 06:35:22');

/*Table structure for table `transaction_sell_lines_purchase_lines` */

DROP TABLE IF EXISTS `transaction_sell_lines_purchase_lines`;

CREATE TABLE `transaction_sell_lines_purchase_lines` (
  `id` int(10) unsigned NOT NULL AUTO_INCREMENT,
  `sell_line_id` int(10) unsigned DEFAULT NULL COMMENT 'id from transaction_sell_lines',
  `stock_adjustment_line_id` int(10) unsigned DEFAULT NULL COMMENT 'id from stock_adjustment_lines',
  `purchase_line_id` int(10) unsigned NOT NULL COMMENT 'id from purchase_lines',
  `quantity` decimal(20,4) NOT NULL,
  `created_at` timestamp NULL DEFAULT NULL,
  `updated_at` timestamp NULL DEFAULT NULL,
  PRIMARY KEY (`id`)
) ENGINE=InnoDB AUTO_INCREMENT=409 DEFAULT CHARSET=utf8mb4 COLLATE=utf8mb4_unicode_ci;

/*Data for the table `transaction_sell_lines_purchase_lines` */

insert  into `transaction_sell_lines_purchase_lines`(`id`,`sell_line_id`,`stock_adjustment_line_id`,`purchase_line_id`,`quantity`,`created_at`,`updated_at`) values 
(10,52,NULL,4,1.0000,'2018-10-21 12:02:15','2018-10-21 12:02:15'),
(11,53,NULL,5,1.0000,'2018-10-21 12:02:15','2018-10-21 12:02:15'),
(12,54,NULL,6,1.0000,'2018-10-21 17:51:43','2018-10-21 17:51:43'),
(13,55,NULL,3,1.0000,'2018-10-23 20:47:58','2018-10-23 20:47:58'),
(14,75,NULL,7,1.0000,'2019-01-11 04:55:33','2019-01-11 04:55:33'),
(15,76,NULL,8,1.0000,'2019-01-11 13:05:35','2019-01-11 13:05:35'),
(16,77,NULL,8,1.0000,'2019-01-11 13:05:37','2019-01-11 13:05:37'),
(17,78,NULL,8,5.0000,'2019-01-11 13:05:45','2019-01-11 13:05:45'),
(18,79,NULL,8,1.0000,'2019-01-13 01:11:36','2019-01-13 01:11:36'),
(19,80,NULL,7,2.0000,'2019-01-13 01:11:36','2019-01-13 01:11:36'),
(20,81,NULL,8,1.0000,'2019-01-13 01:12:04','2019-01-13 01:12:04'),
(21,82,NULL,7,2.0000,'2019-01-13 01:12:04','2019-01-13 01:12:04'),
(22,83,NULL,8,1.0000,'2019-01-13 01:12:14','2019-01-13 01:12:14'),
(23,84,NULL,7,2.0000,'2019-01-13 01:12:14','2019-01-13 01:12:14'),
(24,85,NULL,7,1.0000,'2019-01-13 01:23:39','2019-01-13 01:23:39'),
(25,86,NULL,8,1.0000,'2019-01-13 01:23:39','2019-01-13 01:23:39'),
(26,87,NULL,7,1.0000,'2019-01-13 01:25:15','2019-01-13 01:25:15'),
(27,88,NULL,8,1.0000,'2019-01-13 01:25:15','2019-01-13 01:25:15'),
(28,89,NULL,8,1.0000,'2019-01-13 01:27:52','2019-01-13 01:27:52'),
(29,90,NULL,7,1.0000,'2019-01-13 01:36:09','2019-01-13 01:36:09'),
(30,91,NULL,8,1.0000,'2019-01-13 01:36:09','2019-01-13 01:36:09'),
(31,92,NULL,7,1.0000,'2019-01-13 01:37:58','2019-01-13 01:37:58'),
(32,93,NULL,8,1.0000,'2019-01-13 01:37:58','2019-01-13 01:37:58'),
(33,94,NULL,7,1.0000,'2019-01-13 01:38:35','2019-01-13 01:38:35'),
(34,95,NULL,8,1.0000,'2019-01-13 01:38:35','2019-01-13 01:38:35'),
(35,96,NULL,7,1.0000,'2019-01-13 01:51:32','2019-01-13 01:51:32'),
(36,97,NULL,8,1.0000,'2019-01-13 01:51:32','2019-01-13 01:51:32'),
(37,98,NULL,7,1.0000,'2019-01-13 01:54:45','2019-01-13 01:54:45'),
(38,99,NULL,8,1.0000,'2019-01-13 01:54:45','2019-01-13 01:54:45'),
(39,100,NULL,7,1.0000,'2019-01-13 01:58:36','2019-01-13 01:58:36'),
(40,101,NULL,8,1.0000,'2019-01-13 01:58:36','2019-01-13 01:58:36'),
(41,102,NULL,7,1.0000,'2019-01-13 02:06:41','2019-01-13 02:06:41'),
(42,103,NULL,8,1.0000,'2019-01-13 02:06:41','2019-01-13 02:06:41'),
(43,104,NULL,7,1.0000,'2019-01-13 02:07:14','2019-01-13 02:07:14'),
(44,105,NULL,8,1.0000,'2019-01-13 02:07:14','2019-01-13 02:07:14'),
(45,106,NULL,7,1.0000,'2019-01-13 02:08:19','2019-01-13 02:08:19'),
(46,107,NULL,8,1.0000,'2019-01-13 02:08:19','2019-01-13 02:08:19'),
(47,108,NULL,7,1.0000,'2019-01-13 02:09:51','2019-01-13 02:09:51'),
(48,109,NULL,8,1.0000,'2019-01-13 02:09:51','2019-01-13 02:09:51'),
(49,110,NULL,7,1.0000,'2019-01-13 02:20:56','2019-01-13 02:20:56'),
(50,111,NULL,8,1.0000,'2019-01-13 02:20:56','2019-01-13 02:20:56'),
(51,112,NULL,7,1.0000,'2019-01-13 02:21:59','2019-01-13 02:21:59'),
(52,113,NULL,8,1.0000,'2019-01-13 02:21:59','2019-01-13 02:21:59'),
(53,114,NULL,7,1.0000,'2019-01-13 02:22:23','2019-01-13 02:22:23'),
(54,115,NULL,7,1.0000,'2019-01-13 02:24:00','2019-01-13 02:24:00'),
(55,116,NULL,7,5.0000,'2019-01-13 03:52:57','2019-01-13 03:52:57'),
(56,117,NULL,8,1.0000,'2019-01-13 03:52:57','2019-01-13 03:52:57'),
(57,118,NULL,8,2.0000,'2019-01-13 09:11:56','2019-01-13 09:11:56'),
(58,119,NULL,7,1.0000,'2019-01-13 09:11:56','2019-01-13 09:11:56'),
(59,130,NULL,8,1.0000,'2019-01-13 11:47:06','2019-01-13 11:47:06'),
(60,131,NULL,9,1.0000,'2019-01-15 10:34:00','2019-01-15 10:34:00'),
(61,132,NULL,9,1.0000,'2019-01-15 11:29:17','2019-01-15 11:29:17'),
(62,133,NULL,9,1.0000,'2019-01-15 11:30:52','2019-01-15 11:30:52'),
(63,134,NULL,9,1.0000,'2019-01-15 11:31:18','2019-01-15 11:31:18'),
(64,135,NULL,8,1.0000,'2019-01-15 11:31:41','2019-01-15 11:31:41'),
(65,136,NULL,5,1.0000,'2019-01-15 11:32:09','2019-01-15 11:32:09'),
(66,137,NULL,6,1.0000,'2019-01-15 11:32:09','2019-01-15 11:32:09'),
(67,138,NULL,4,1.0000,'2019-01-15 11:32:09','2019-01-15 11:32:09'),
(68,139,NULL,7,1.0000,'2019-01-15 11:32:28','2019-01-15 11:32:28'),
(69,140,NULL,7,1.0000,'2019-01-15 11:32:44','2019-01-15 11:32:44'),
(70,141,NULL,9,1.0000,'2019-01-21 07:23:06','2019-01-21 07:23:06'),
(71,142,NULL,8,1.0000,'2019-01-21 09:17:25','2019-01-21 09:17:25'),
(72,143,NULL,8,2.0000,'2019-01-21 09:59:09','2019-01-21 09:59:09'),
(73,144,NULL,6,1.0000,'2019-01-21 11:01:44','2019-01-21 11:01:44'),
(74,145,NULL,8,3.0000,'2019-01-21 11:16:44','2019-01-21 11:16:44'),
(75,146,NULL,8,2.0000,'2019-01-21 11:17:39','2019-01-21 11:17:39'),
(76,148,NULL,7,1.0000,'2019-01-26 11:08:56','2019-01-26 11:08:56'),
(77,149,NULL,7,3.0000,'2019-01-26 11:31:55','2019-01-26 11:31:55'),
(78,150,NULL,7,1.0000,'2019-01-26 11:34:57','2019-01-26 11:34:57'),
(79,154,NULL,9,1.0000,'2019-01-28 10:11:33','2019-01-28 10:11:33'),
(80,155,NULL,9,1.0000,'2019-01-28 10:11:45','2019-01-28 10:11:45'),
(81,156,NULL,9,1.0000,'2019-01-28 10:13:52','2019-01-28 10:13:52'),
(82,157,NULL,9,1.0000,'2019-01-28 10:15:54','2019-01-28 10:15:54'),
(83,158,NULL,9,1.0000,'2019-01-28 10:19:16','2019-01-28 10:19:16'),
(84,159,NULL,8,1.0000,'2019-01-28 10:27:53','2019-01-28 10:27:53'),
(85,160,NULL,4,1.0000,'2019-01-28 10:27:53','2019-01-28 10:27:53'),
(86,161,NULL,8,1.0000,'2019-01-28 10:30:46','2019-01-28 10:30:46'),
(87,162,NULL,9,1.0000,'2019-01-28 10:30:46','2019-01-28 10:30:46'),
(88,163,NULL,8,2.0000,'2019-01-28 10:35:34','2019-01-28 10:35:34'),
(89,170,NULL,12,1.0000,'2019-01-29 12:14:02','2019-01-29 12:14:02'),
(90,171,NULL,13,1.0000,'2019-01-29 12:14:02','2019-01-29 12:14:02'),
(91,172,NULL,11,1.0000,'2019-01-29 12:14:02','2019-01-29 12:14:02'),
(92,173,NULL,16,1.0000,'2019-02-13 06:28:27','2019-02-13 06:28:27'),
(93,174,NULL,16,2.0000,'2019-02-13 06:44:00','2019-02-13 06:44:00'),
(94,175,NULL,16,1.0000,'2019-02-13 07:00:32','2019-02-13 07:00:32'),
(95,176,NULL,16,1.0000,'2019-02-13 07:08:04','2019-02-13 07:08:04'),
(96,177,NULL,11,1.0000,'2019-02-14 00:58:59','2019-02-14 00:58:59'),
(97,178,NULL,8,1.0000,'2019-02-15 05:22:32','2019-02-15 05:22:32'),
(98,179,NULL,16,1.0000,'2019-02-15 14:09:36','2019-02-15 14:09:36'),
(99,180,NULL,16,1.0000,'2019-02-15 14:09:37','2019-02-15 14:09:37'),
(100,181,NULL,16,1.0000,'2019-02-15 14:09:37','2019-02-15 14:09:37'),
(101,182,NULL,11,1.0000,'2019-02-15 14:12:02','2019-02-15 14:12:02'),
(102,183,NULL,11,1.0000,'2019-02-15 14:12:03','2019-02-15 14:12:03'),
(103,184,NULL,11,1.0000,'2019-02-15 14:12:04','2019-02-15 14:12:04'),
(104,185,NULL,16,1.0000,'2019-02-15 14:27:59','2019-02-15 14:27:59'),
(105,186,NULL,11,1.0000,'2019-02-15 14:29:03','2019-02-15 14:29:03'),
(106,187,NULL,11,1.0000,'2019-02-15 14:30:13','2019-02-15 14:30:13'),
(107,188,NULL,16,1.0000,'2019-02-15 14:30:13','2019-02-15 14:30:13'),
(108,189,NULL,11,1.0000,'2019-02-15 14:31:43','2019-02-15 14:31:43'),
(109,190,NULL,16,1.0000,'2019-02-15 14:31:43','2019-02-15 14:31:43'),
(110,191,NULL,11,1.0000,'2019-02-15 14:32:21','2019-02-15 14:32:21'),
(111,192,NULL,11,1.0000,'2019-02-15 14:34:24','2019-02-15 14:34:24'),
(112,193,NULL,16,1.0000,'2019-02-15 14:34:24','2019-02-15 14:34:24'),
(113,194,NULL,11,1.0000,'2019-02-15 14:36:08','2019-02-15 14:36:08'),
(114,195,NULL,16,1.0000,'2019-02-15 14:36:08','2019-02-15 14:36:08'),
(115,196,NULL,11,1.0000,'2019-02-15 14:37:39','2019-02-15 14:37:39'),
(116,197,NULL,16,1.0000,'2019-02-15 14:37:39','2019-02-15 14:37:39'),
(117,198,NULL,11,1.0000,'2019-02-15 14:37:39','2019-02-15 14:37:39'),
(118,199,NULL,16,1.0000,'2019-02-15 14:37:39','2019-02-15 14:37:39'),
(119,200,NULL,11,1.0000,'2019-02-15 14:37:41','2019-02-15 14:37:41'),
(120,201,NULL,16,1.0000,'2019-02-15 14:37:41','2019-02-15 14:37:41'),
(121,202,NULL,11,1.0000,'2019-02-15 14:37:41','2019-02-15 14:37:41'),
(122,203,NULL,16,1.0000,'2019-02-15 14:37:41','2019-02-15 14:37:41'),
(123,204,NULL,13,1.0000,'2019-02-15 14:40:07','2019-02-15 14:40:07'),
(124,205,NULL,13,1.0000,'2019-02-15 14:40:08','2019-02-15 14:40:08'),
(125,206,NULL,13,1.0000,'2019-02-15 14:40:48','2019-02-15 14:40:48'),
(126,207,NULL,13,1.0000,'2019-02-15 14:40:48','2019-02-15 14:40:48'),
(127,208,NULL,11,1.0000,'2019-02-15 14:42:58','2019-02-15 14:42:58'),
(128,209,NULL,11,1.0000,'2019-02-15 14:42:58','2019-02-15 14:42:58'),
(129,210,NULL,11,1.0000,'2019-02-15 14:45:52','2019-02-15 14:45:52'),
(130,211,NULL,11,1.0000,'2019-02-15 14:45:52','2019-02-15 14:45:52'),
(131,212,NULL,11,1.0000,'2019-02-15 14:45:54','2019-02-15 14:45:54'),
(132,213,NULL,11,1.0000,'2019-02-15 14:45:54','2019-02-15 14:45:54'),
(133,214,NULL,11,1.0000,'2019-02-15 14:50:29','2019-02-15 14:50:29'),
(134,215,NULL,16,1.0000,'2019-02-15 14:50:29','2019-02-15 14:50:29'),
(135,216,NULL,11,1.0000,'2019-02-15 14:50:29','2019-02-15 14:50:29'),
(136,217,NULL,16,1.0000,'2019-02-15 14:50:29','2019-02-15 14:50:29'),
(137,218,NULL,11,1.0000,'2019-02-15 14:50:31','2019-02-15 14:50:31'),
(138,219,NULL,16,1.0000,'2019-02-15 14:50:31','2019-02-15 14:50:31'),
(139,220,NULL,11,1.0000,'2019-02-15 14:50:31','2019-02-15 14:50:31'),
(140,221,NULL,16,1.0000,'2019-02-15 14:50:32','2019-02-15 14:50:32'),
(141,222,NULL,8,1.0000,'2019-02-16 12:19:07','2019-02-16 12:19:07'),
(142,223,NULL,8,1.0000,'2019-02-16 12:19:08','2019-02-16 12:19:08'),
(143,224,NULL,8,1.0000,'2019-02-16 12:19:09','2019-02-16 12:19:09'),
(144,225,NULL,8,1.0000,'2019-02-16 12:19:10','2019-02-16 12:19:10'),
(145,226,NULL,8,1.0000,'2019-02-16 12:21:32','2019-02-16 12:21:32'),
(146,227,NULL,8,1.0000,'2019-02-16 12:21:33','2019-02-16 12:21:33'),
(147,228,NULL,8,1.0000,'2019-02-16 12:21:33','2019-02-16 12:21:33'),
(148,229,NULL,8,1.0000,'2019-02-16 12:21:33','2019-02-16 12:21:33'),
(149,230,NULL,8,1.0000,'2019-02-16 12:21:33','2019-02-16 12:21:33'),
(150,231,NULL,8,1.0000,'2019-02-16 12:31:33','2019-02-16 12:31:33'),
(151,232,NULL,8,1.0000,'2019-02-16 12:31:34','2019-02-16 12:31:34'),
(152,233,NULL,8,1.0000,'2019-02-16 12:31:34','2019-02-16 12:31:34'),
(153,234,NULL,8,1.0000,'2019-02-16 12:31:34','2019-02-16 12:31:34'),
(154,235,NULL,8,1.0000,'2019-02-16 12:33:46','2019-02-16 12:33:46'),
(155,236,NULL,8,1.0000,'2019-02-16 12:33:46','2019-02-16 12:33:46'),
(156,237,NULL,8,1.0000,'2019-02-16 12:35:09','2019-02-16 12:35:09'),
(157,238,NULL,8,1.0000,'2019-02-16 12:35:10','2019-02-16 12:35:10'),
(158,239,NULL,8,1.0000,'2019-02-16 12:36:56','2019-02-16 12:36:56'),
(159,240,NULL,8,1.0000,'2019-02-16 12:36:56','2019-02-16 12:36:56'),
(160,241,NULL,8,1.0000,'2019-02-16 12:36:56','2019-02-16 12:36:56'),
(161,242,NULL,8,1.0000,'2019-02-16 12:38:23','2019-02-16 12:38:23'),
(162,243,NULL,8,1.0000,'2019-02-16 12:38:23','2019-02-16 12:38:23'),
(163,244,NULL,8,1.0000,'2019-02-16 12:42:10','2019-02-16 12:42:10'),
(164,245,NULL,8,1.0000,'2019-02-16 12:42:59','2019-02-16 12:42:59'),
(165,246,NULL,8,1.0000,'2019-02-16 12:43:52','2019-02-16 12:43:52'),
(166,247,NULL,8,1.0000,'2019-02-16 12:44:03','2019-02-16 12:44:03'),
(167,248,NULL,8,1.0000,'2019-02-16 12:44:03','2019-02-16 12:44:03'),
(168,249,NULL,8,1.0000,'2019-02-16 12:50:33','2019-02-16 12:50:33'),
(169,250,NULL,8,1.0000,'2019-02-16 12:50:46','2019-02-16 12:50:46'),
(170,251,NULL,8,1.0000,'2019-02-16 12:50:47','2019-02-16 12:50:47'),
(171,252,NULL,8,1.0000,'2019-02-16 12:50:48','2019-02-16 12:50:48'),
(172,253,NULL,8,1.0000,'2019-02-16 12:51:00','2019-02-16 12:51:00'),
(173,254,NULL,8,1.0000,'2019-02-16 12:51:00','2019-02-16 12:51:00'),
(174,255,NULL,8,1.0000,'2019-02-16 12:53:17','2019-02-16 12:53:17'),
(175,256,NULL,8,1.0000,'2019-02-16 12:53:28','2019-02-16 12:53:28'),
(176,257,NULL,8,1.0000,'2019-02-16 12:53:30','2019-02-16 12:53:30'),
(177,258,NULL,8,1.0000,'2019-02-16 12:53:30','2019-02-16 12:53:30'),
(178,259,NULL,8,1.0000,'2019-02-16 12:54:56','2019-02-16 12:54:56'),
(179,260,NULL,8,1.0000,'2019-02-16 12:54:57','2019-02-16 12:54:57'),
(180,261,NULL,8,1.0000,'2019-02-16 12:54:57','2019-02-16 12:54:57'),
(181,262,NULL,8,1.0000,'2019-02-16 12:54:57','2019-02-16 12:54:57'),
(182,263,NULL,8,1.0000,'2019-02-16 12:54:59','2019-02-16 12:54:59'),
(183,264,NULL,13,1.0000,'2019-02-16 12:56:50','2019-02-16 12:56:50'),
(184,265,NULL,13,1.0000,'2019-02-16 12:57:21','2019-02-16 12:57:21'),
(185,266,NULL,13,1.0000,'2019-02-16 12:58:45','2019-02-16 12:58:45'),
(186,267,NULL,13,1.0000,'2019-02-16 12:58:55','2019-02-16 12:58:55'),
(187,268,NULL,17,1.0000,'2019-02-17 08:08:50','2019-02-17 08:08:50'),
(188,269,NULL,11,1.0000,'2019-02-25 14:43:03','2019-02-25 14:43:03'),
(189,270,NULL,11,1.0000,'2019-02-25 14:43:04','2019-02-25 14:43:04'),
(190,271,NULL,11,1.0000,'2019-02-25 14:48:22','2019-02-25 14:48:22'),
(191,272,NULL,11,1.0000,'2019-02-25 14:48:22','2019-02-25 14:48:22'),
(192,273,NULL,11,1.0000,'2019-02-25 20:57:21','2019-02-25 20:57:21'),
(193,274,NULL,11,1.0000,'2019-02-25 20:57:22','2019-02-25 20:57:22'),
(194,277,NULL,16,1.0000,'2019-03-03 05:34:49','2019-03-03 05:34:49'),
(195,278,NULL,16,1.0000,'2019-03-07 08:15:56','2019-03-07 08:15:56'),
(196,279,NULL,16,1.0000,'2019-03-07 08:15:56','2019-03-07 08:15:56'),
(197,280,NULL,16,1.0000,'2019-03-07 08:20:52','2019-03-07 08:20:52'),
(198,281,NULL,16,1.0000,'2019-03-07 08:20:52','2019-03-07 08:20:52'),
(199,282,NULL,16,1.0000,'2019-03-07 08:22:57','2019-03-07 08:22:57'),
(200,283,NULL,16,1.0000,'2019-03-07 08:22:58','2019-03-07 08:22:58'),
(201,284,NULL,16,1.0000,'2019-03-07 08:28:11','2019-03-07 08:28:11'),
(202,285,NULL,16,1.0000,'2019-03-07 08:28:12','2019-03-07 08:28:12'),
(203,286,NULL,16,1.0000,'2019-03-07 19:37:00','2019-03-07 19:37:00'),
(204,287,NULL,16,1.0000,'2019-03-07 19:37:02','2019-03-07 19:37:02'),
(205,288,NULL,16,1.0000,'2019-03-07 19:37:02','2019-03-07 19:37:02'),
(206,289,NULL,16,1.0000,'2019-03-07 20:43:49','2019-03-07 20:43:49'),
(207,290,NULL,16,1.0000,'2019-03-07 20:45:30','2019-03-07 20:45:30'),
(208,291,NULL,16,1.0000,'2019-03-09 11:14:33','2019-03-09 11:14:33'),
(209,292,NULL,11,1.0000,'2019-03-09 11:59:38','2019-03-09 11:59:38'),
(210,293,NULL,13,1.0000,'2019-03-09 12:02:27','2019-03-09 12:02:27'),
(211,294,NULL,13,1.0000,'2019-03-09 12:09:01','2019-03-09 12:09:01'),
(212,295,NULL,13,1.0000,'2019-03-09 12:12:21','2019-03-09 12:12:21'),
(213,296,NULL,16,1.0000,'2019-03-12 19:51:36','2019-03-12 19:51:36'),
(214,297,NULL,16,1.0000,'2019-03-12 20:11:14','2019-03-12 20:11:14'),
(215,298,NULL,16,1.0000,'2019-03-12 20:20:37','2019-03-12 20:20:37'),
(216,299,NULL,16,1.0000,'2019-03-12 20:42:11','2019-03-12 20:42:11'),
(217,301,NULL,16,1.0000,'2019-03-12 21:11:27','2019-03-12 21:11:27'),
(218,302,NULL,16,1.0000,'2019-03-12 21:12:13','2019-03-12 21:12:13'),
(219,303,NULL,16,1.0000,'2019-03-12 21:23:03','2019-03-12 21:23:03'),
(220,306,NULL,16,1.0000,'2019-03-13 01:25:28','2019-03-13 01:25:28'),
(221,307,NULL,16,1.0000,'2019-03-13 01:29:00','2019-03-13 01:29:00'),
(222,308,NULL,16,1.0000,'2019-03-13 01:32:08','2019-03-13 01:32:08'),
(223,309,NULL,16,1.0000,'2019-03-14 00:24:38','2019-03-14 00:24:38'),
(224,311,NULL,13,1.0000,'2019-03-16 05:53:49','2019-03-16 05:53:49'),
(225,313,NULL,6,1.0000,'2019-03-16 06:06:53','2019-03-16 06:06:53'),
(226,318,NULL,16,1.0000,'2019-03-16 22:07:00','2019-03-16 22:07:00'),
(227,319,NULL,16,1.0000,'2019-03-16 22:14:54','2019-03-16 22:14:54'),
(228,320,NULL,16,1.0000,'2019-03-16 22:16:54','2019-03-16 22:16:54'),
(229,321,NULL,16,1.0000,'2019-03-16 22:19:35','2019-03-16 22:19:35'),
(230,322,NULL,16,1.0000,'2019-03-16 22:22:34','2019-03-16 22:22:34'),
(231,323,NULL,16,1.0000,'2019-03-16 22:24:50','2019-03-16 22:24:50'),
(232,326,NULL,16,1.0000,'2019-03-17 04:37:56','2019-03-17 04:37:56'),
(233,327,NULL,16,1.0000,'2019-03-17 04:38:22','2019-03-17 04:38:22'),
(234,328,NULL,16,1.0000,'2019-03-17 04:39:23','2019-03-17 04:39:23'),
(235,329,NULL,16,1.0000,'2019-03-17 05:04:31','2019-03-17 05:04:31'),
(236,330,NULL,16,100.0000,'2019-03-17 05:07:54','2019-03-17 05:07:54'),
(237,331,NULL,16,1.0000,'2019-03-18 05:27:25','2019-03-18 05:27:25'),
(238,332,NULL,10,1.0000,'2019-03-18 05:30:58','2019-03-18 05:30:58'),
(239,333,NULL,5,1.0000,'2019-03-18 05:31:45','2019-03-18 05:31:45'),
(240,334,NULL,10,1.0000,'2019-03-18 05:32:39','2019-03-18 05:32:39'),
(241,335,NULL,9,1.0000,'2019-03-18 05:35:01','2019-03-18 05:35:01'),
(242,336,NULL,16,1.0000,'2019-03-18 06:05:29','2019-03-18 06:05:29'),
(243,337,NULL,16,1.0000,'2019-03-18 06:06:46','2019-03-18 06:06:46'),
(244,338,NULL,7,1.0000,'2019-03-18 06:08:23','2019-03-18 06:08:23'),
(245,339,NULL,16,1.0000,'2019-03-18 21:41:14','2019-03-18 21:41:14'),
(246,340,NULL,7,1.0000,'2019-03-19 20:15:05','2019-03-19 20:15:05'),
(247,341,NULL,16,1.0000,'2019-03-19 20:16:23','2019-03-19 20:16:23'),
(248,342,NULL,7,1.0000,'2019-03-19 20:18:17','2019-03-19 20:18:17'),
(249,343,NULL,13,1.0000,'2019-03-19 21:13:45','2019-03-19 21:13:45'),
(250,344,NULL,16,1.0000,'2019-03-19 21:15:25','2019-03-19 21:15:25'),
(251,345,NULL,6,1.0000,'2019-03-19 21:18:21','2019-03-19 21:18:21'),
(252,346,NULL,19,1.0000,'2019-03-20 05:07:25','2019-03-20 05:07:25'),
(253,347,NULL,16,10.0000,'2019-03-20 05:10:51','2019-03-20 05:10:51'),
(254,348,NULL,19,1.0000,'2019-03-20 05:13:36','2019-03-20 05:13:36'),
(255,349,NULL,16,1.0000,'2019-03-20 05:18:57','2019-03-20 05:18:57'),
(256,350,NULL,16,1.0000,'2019-03-20 05:24:04','2019-03-20 05:24:04'),
(257,351,NULL,19,1.0000,'2019-03-20 05:24:29','2019-03-20 05:24:29'),
(258,352,NULL,19,1.0000,'2019-03-20 05:32:31','2019-03-20 05:32:31'),
(259,353,NULL,16,1.0000,'2019-03-20 05:38:33','2019-03-20 05:38:33'),
(260,354,NULL,19,1.0000,'2019-03-20 06:00:25','2019-03-20 06:00:25'),
(261,355,NULL,19,1.0000,'2019-03-20 06:00:57','2019-03-20 06:00:57'),
(262,356,NULL,16,1.0000,'2019-03-20 06:12:43','2019-03-20 06:12:43'),
(263,357,NULL,19,1.0000,'2019-03-20 06:14:51','2019-03-20 06:14:51'),
(264,358,NULL,16,1.0000,'2019-03-20 06:15:44','2019-03-20 06:15:44'),
(265,359,NULL,16,1.0000,'2019-03-20 06:17:32','2019-03-20 06:17:32'),
(266,360,NULL,19,1.0000,'2019-03-20 06:19:27','2019-03-20 06:19:27'),
(267,361,NULL,16,1.0000,'2019-03-20 06:37:21','2019-03-20 06:37:21'),
(268,362,NULL,19,1.0000,'2019-03-20 06:37:35','2019-03-20 06:37:35'),
(269,363,NULL,4,1.0000,'2019-03-20 06:39:13','2019-03-20 06:39:13'),
(270,364,NULL,4,5.0000,'2019-03-20 06:39:57','2019-03-20 06:39:57'),
(271,365,NULL,11,1.0000,'2019-03-20 06:41:09','2019-03-20 06:41:09'),
(272,366,NULL,4,1.0000,'2019-03-20 06:41:46','2019-03-20 06:41:46'),
(273,367,NULL,16,1.0000,'2019-03-20 06:42:59','2019-03-20 06:42:59'),
(274,368,NULL,16,1.0000,'2019-03-20 06:50:39','2019-03-20 06:50:39'),
(275,369,NULL,16,1.0000,'2019-03-20 06:52:16','2019-03-20 06:52:16'),
(276,370,NULL,16,1.0000,'2019-03-20 06:54:46','2019-03-20 06:54:46'),
(277,371,NULL,16,1.0000,'2019-03-20 06:56:08','2019-03-20 06:56:08'),
(278,372,NULL,19,1.0000,'2019-03-20 06:57:51','2019-03-20 06:57:51'),
(279,373,NULL,20,1.0000,'2019-03-21 07:32:12','2019-03-21 07:32:12'),
(280,374,NULL,20,9999.0000,'2019-03-21 07:34:02','2019-03-21 07:34:02'),
(281,375,NULL,21,1000.0000,'2019-03-21 08:48:47','2019-03-21 08:48:47'),
(282,376,NULL,16,1.0000,'2019-03-21 09:02:54','2019-03-21 09:02:54'),
(283,377,NULL,16,1.0000,'2019-03-21 09:03:32','2019-03-21 09:03:32'),
(284,378,NULL,16,1.0000,'2019-03-21 09:09:29','2019-03-21 09:09:29'),
(285,379,NULL,16,1.0000,'2019-03-26 10:23:49','2019-03-26 10:23:49'),
(286,380,NULL,16,1.0000,'2019-03-26 10:31:54','2019-03-26 10:31:54'),
(287,381,NULL,16,2.0000,'2019-03-26 10:43:56','2019-03-26 10:43:56'),
(288,382,NULL,16,1.0000,'2019-03-30 03:20:23','2019-03-30 03:20:23'),
(289,383,NULL,16,1.0000,'2019-03-30 03:20:44','2019-03-30 03:20:44'),
(290,384,NULL,16,1.0000,'2019-03-30 03:28:30','2019-03-30 03:28:30'),
(291,385,NULL,16,1.0000,'2019-03-30 03:42:21','2019-03-30 03:42:21'),
(292,386,NULL,23,1.0000,'2019-03-30 09:41:50','2019-03-30 09:41:50'),
(293,387,NULL,23,1.0000,'2019-03-30 09:57:37','2019-03-30 09:57:37'),
(294,388,NULL,23,1.0000,'2019-03-30 12:22:59','2019-03-30 12:22:59'),
(295,389,NULL,24,1.0000,'2019-03-30 14:01:21','2019-03-30 14:01:21'),
(296,390,NULL,23,1.0000,'2019-03-30 15:02:03','2019-03-30 15:02:03'),
(297,391,NULL,23,1.0000,'2019-03-30 15:05:16','2019-03-30 15:05:16'),
(298,392,NULL,23,1.0000,'2019-04-02 09:45:00','2019-04-02 09:45:00'),
(299,393,NULL,23,1.0000,'2019-04-02 09:47:17','2019-04-02 09:47:17'),
(300,394,NULL,16,1.0000,'2019-04-05 13:31:06','2019-04-05 13:31:06'),
(301,395,NULL,16,1.0000,'2019-04-05 13:32:01','2019-04-05 13:32:01'),
(302,396,NULL,23,1.0000,'2019-04-06 04:56:49','2019-04-06 04:56:49'),
(303,397,NULL,23,1.0000,'2019-04-06 05:01:57','2019-04-06 05:01:57'),
(304,398,NULL,25,1.0000,'2019-04-06 05:29:22','2019-04-06 05:29:22'),
(305,399,NULL,26,1.0000,'2019-04-06 06:35:22','2019-04-06 06:35:22'),
(306,400,NULL,27,1.0000,'2019-04-06 08:10:08','2019-04-06 08:10:08'),
(307,415,NULL,12,1.0000,'2019-04-17 18:43:15','2019-04-17 18:43:15'),
(308,416,NULL,12,1.0000,'2019-04-17 19:15:18','2019-04-17 19:15:18'),
(309,417,NULL,12,1.0000,'2019-04-17 19:21:39','2019-04-17 19:21:39'),
(310,418,NULL,12,4.0000,'2019-04-19 18:41:09','2019-04-19 18:41:09'),
(311,419,NULL,12,1.0000,'2019-04-19 18:44:16','2019-04-19 18:44:16'),
(312,420,NULL,12,4.0000,'2019-04-19 18:50:00','2019-04-19 18:50:00'),
(316,424,NULL,12,5.0000,'2019-04-20 19:31:38','2019-04-20 19:31:38'),
(317,425,NULL,31,7.0000,'2019-04-21 07:42:40','2019-04-21 07:42:40'),
(318,426,NULL,35,1.0000,'2019-04-21 09:18:44','2019-04-21 09:18:44'),
(319,427,NULL,8,3.0000,'2019-04-21 09:24:55','2019-04-21 09:24:55'),
(320,428,NULL,36,1.0000,'2019-04-25 18:57:02','2019-04-25 18:57:02'),
(321,429,NULL,37,1.0000,'2019-04-25 18:58:28','2019-04-25 18:58:28'),
(322,430,NULL,37,2.0000,'2019-04-26 06:06:17','2019-04-26 06:06:17'),
(323,431,NULL,36,2.0000,'2019-04-26 05:57:27','2019-04-26 05:57:27'),
(324,432,NULL,37,2.0000,'2019-04-26 05:57:27','2019-04-26 05:57:27'),
(325,433,NULL,37,2.0000,'2019-05-02 20:22:13','2019-05-02 20:22:13'),
(326,434,NULL,37,1.0000,'2019-05-02 23:55:43','2019-05-02 23:55:43'),
(327,435,NULL,17,1.0000,'2019-05-03 00:02:10','2019-05-03 00:02:10'),
(328,436,NULL,17,1.0000,'2019-05-03 00:02:10','2019-05-03 00:02:10'),
(329,437,NULL,17,1.0000,'2019-05-03 00:06:19','2019-05-03 00:06:19'),
(330,438,NULL,17,1.0000,'2019-05-03 00:06:19','2019-05-03 00:06:19'),
(331,439,NULL,17,1.0000,'2019-05-03 00:10:30','2019-05-03 00:10:30'),
(332,440,NULL,17,1.0000,'2019-05-03 00:10:30','2019-05-03 00:10:30'),
(333,441,NULL,17,1.0000,'2019-05-03 00:23:33','2019-05-03 00:23:33'),
(334,442,NULL,17,1.0000,'2019-05-03 00:23:33','2019-05-03 00:23:33'),
(335,443,NULL,36,1.0000,'2019-05-03 00:27:50','2019-05-03 00:27:50'),
(336,444,NULL,17,1.0000,'2019-05-03 00:27:50','2019-05-03 00:27:50'),
(337,445,NULL,36,1.0000,'2019-05-03 00:29:30','2019-05-03 00:29:30'),
(338,446,NULL,37,1.0000,'2019-05-03 00:29:30','2019-05-03 00:29:30'),
(339,447,NULL,36,4.0000,'2019-05-03 06:36:02','2019-05-03 06:36:02'),
(340,448,NULL,36,4.0000,'2019-05-03 06:36:49','2019-05-03 06:36:49'),
(341,449,NULL,36,6.0000,'2019-05-03 06:37:35','2019-05-03 06:37:35'),
(343,451,NULL,16,15.0000,'2019-05-16 15:36:52','2019-05-16 15:36:52'),
(344,452,NULL,16,1.0000,'2019-05-16 16:00:43','2019-05-16 16:00:43'),
(345,453,NULL,16,14.0000,'2019-05-16 20:00:12','2019-05-16 20:00:12'),
(346,454,NULL,16,15.0000,'2019-05-16 20:23:28','2019-05-16 20:23:28'),
(347,455,NULL,16,15.0000,'2019-05-16 20:29:37','2019-05-16 20:29:37'),
(348,456,NULL,16,2.0000,'2019-05-17 22:57:03','2019-05-17 22:57:03'),
(349,457,NULL,12,2.0000,'2019-05-17 22:57:03','2019-05-17 22:57:03'),
(350,458,NULL,10,1.0000,'2019-05-17 22:57:03','2019-05-17 22:57:03'),
(351,459,NULL,10,2.0000,'2019-05-17 23:07:25','2019-05-17 23:07:25'),
(352,460,NULL,12,2.0000,'2019-05-17 23:07:25','2019-05-17 23:07:25'),
(353,461,NULL,16,2.0000,'2019-05-17 23:07:25','2019-05-17 23:07:25'),
(354,462,NULL,36,6.0000,'2019-06-05 16:20:23','2019-06-05 16:20:23'),
(355,463,NULL,31,3.0000,'2019-06-05 19:13:48','2019-06-05 19:13:48'),
(356,466,NULL,34,8.0000,'2019-06-06 06:21:11','2019-06-06 06:21:11'),
(357,467,NULL,39,1.0000,'2019-06-06 21:10:43','2019-06-06 21:10:43'),
(358,468,NULL,39,1.0000,'2019-06-06 21:16:34','2019-06-06 21:16:34'),
(359,469,NULL,35,1.0000,'2019-06-06 21:16:34','2019-06-06 21:16:34'),
(360,470,NULL,39,1.0000,'2019-06-06 21:17:40','2019-06-06 21:17:40'),
(361,471,NULL,39,1.0000,'2019-06-06 21:18:25','2019-06-06 21:18:25'),
(362,472,NULL,39,3.0000,'2019-06-07 04:34:44','2019-06-07 04:34:44'),
(363,473,NULL,34,3.0000,'2019-06-07 10:53:36','2019-06-07 10:53:36'),
(364,474,NULL,16,3.0000,'2019-06-07 10:53:36','2019-06-07 10:53:36'),
(365,475,NULL,34,3.0000,'2019-06-07 11:27:21','2019-06-07 11:27:21'),
(366,476,NULL,16,3.0000,'2019-06-07 11:27:21','2019-06-07 11:27:21'),
(367,477,NULL,34,5.0000,'2019-06-13 20:20:36','2019-06-13 20:20:36'),
(368,479,NULL,34,1.0000,'2019-06-21 08:49:53','2019-06-21 08:49:53'),
(369,480,NULL,34,10.0000,'2019-06-24 09:30:33','2019-06-24 09:30:33'),
(370,481,NULL,11,3.0000,'2019-06-24 13:55:50','2019-06-24 13:55:50'),
(371,482,NULL,16,3.0000,'2019-06-24 13:55:50','2019-06-24 13:55:50'),
(372,483,NULL,34,3.0000,'2019-06-24 13:55:50','2019-06-24 13:55:50'),
(373,484,NULL,11,3.0000,'2019-06-24 15:35:24','2019-06-24 15:35:24'),
(374,485,NULL,16,3.0000,'2019-06-24 15:35:24','2019-06-24 15:35:24'),
(375,486,NULL,34,3.0000,'2019-06-24 15:35:24','2019-06-24 15:35:24'),
(376,487,NULL,11,3.0000,'2019-06-24 15:43:33','2019-06-24 15:43:33'),
(377,488,NULL,16,3.0000,'2019-06-24 15:43:33','2019-06-24 15:43:33'),
(378,489,NULL,34,3.0000,'2019-06-24 15:43:33','2019-06-24 15:43:33'),
(379,490,NULL,5,1.0000,'2019-06-24 19:45:27','2019-06-24 19:45:27'),
(380,491,NULL,6,2.0000,'2019-06-24 19:45:27','2019-06-24 19:45:27'),
(381,492,NULL,7,1.0000,'2019-06-24 19:45:27','2019-06-24 19:45:27'),
(382,493,NULL,4,1.0000,'2019-06-25 01:07:57','2019-06-25 01:07:57'),
(383,494,NULL,6,3.0000,'2019-06-25 01:07:57','2019-06-25 01:07:57'),
(384,495,NULL,7,1.0000,'2019-06-25 01:07:57','2019-06-25 01:07:57'),
(385,496,NULL,10,1.0000,'2019-06-25 01:07:57','2019-06-25 01:07:57'),
(386,497,NULL,18,1.0000,'2019-06-25 01:07:57','2019-06-25 01:07:57'),
(387,498,NULL,34,1.0000,'2019-06-25 01:07:57','2019-06-25 01:07:57'),
(388,499,NULL,4,1.0000,'2019-06-25 01:25:21','2019-06-25 01:25:21'),
(389,500,NULL,5,1.0000,'2019-06-25 01:25:21','2019-06-25 01:25:21'),
(390,501,NULL,13,1.0000,'2019-06-25 01:25:21','2019-06-25 01:25:21'),
(391,502,NULL,34,1.0000,'2019-06-25 01:25:21','2019-06-25 01:25:21'),
(394,509,NULL,34,3.0000,'2019-06-25 08:28:18','2019-06-25 08:28:18'),
(395,510,NULL,4,2.0000,'2019-06-25 08:51:52','2019-06-25 08:51:52'),
(396,511,NULL,5,1.0000,'2019-06-25 08:51:52','2019-06-25 08:51:52'),
(397,512,NULL,6,1.0000,'2019-06-25 08:51:52','2019-06-25 08:51:52'),
(398,513,NULL,8,1.0000,'2019-06-25 08:51:53','2019-06-25 08:51:53'),
(399,514,NULL,4,2.0000,'2019-06-25 09:04:24','2019-06-25 09:04:24'),
(400,515,NULL,5,2.0000,'2019-06-25 09:04:24','2019-06-25 09:04:24'),
(401,516,NULL,6,1.0000,'2019-06-25 09:04:24','2019-06-25 09:04:24'),
(402,517,NULL,9,1.0000,'2019-06-25 09:04:24','2019-06-25 09:04:24'),
(403,518,NULL,34,3.0000,'2019-06-25 09:05:27','2019-06-25 09:05:27'),
(404,519,NULL,34,7.0000,'2019-06-26 00:08:15','2019-06-26 00:08:15'),
(405,520,NULL,40,3.0000,'2019-06-26 00:22:36','2019-06-26 00:22:36'),
(406,521,NULL,40,3.0000,'2019-06-26 00:30:28','2019-06-26 00:30:28'),
(407,522,NULL,34,3.0000,'2019-07-09 07:36:41','2019-07-09 07:36:41'),
(408,523,NULL,34,3.0000,'2019-07-09 19:41:52','2019-07-09 19:41:52');

/*Table structure for table `transactions` */

DROP TABLE IF EXISTS `transactions`;

CREATE TABLE `transactions` (
  `id` int(10) unsigned NOT NULL AUTO_INCREMENT,
  `business_id` int(10) unsigned NOT NULL,
  `location_id` int(10) unsigned NOT NULL,
  `res_table_id` int(10) unsigned DEFAULT NULL COMMENT 'fields to restaurant module',
  `res_waiter_id` int(10) unsigned DEFAULT NULL COMMENT 'fields to restaurant module',
  `res_order_status` enum('received','cooked','served') COLLATE utf8mb4_unicode_ci DEFAULT NULL,
  `type` enum('purchase','sell','expense','stock_adjustment','sell_transfer','purchase_transfer','opening_stock','sell_return','opening_balance') COLLATE utf8mb4_unicode_ci DEFAULT NULL,
  `status` enum('received','pending','ordered','draft','final') COLLATE utf8mb4_unicode_ci NOT NULL,
  `is_quotation` tinyint(1) NOT NULL DEFAULT '0',
  `payment_status` enum('paid','due','partial') COLLATE utf8mb4_unicode_ci DEFAULT NULL,
  `adjustment_type` enum('normal','abnormal') COLLATE utf8mb4_unicode_ci DEFAULT NULL,
  `contact_id` int(11) unsigned DEFAULT NULL,
  `customer_group_id` int(11) DEFAULT NULL COMMENT 'used to add customer group while selling',
  `invoice_no` varchar(191) COLLATE utf8mb4_unicode_ci DEFAULT NULL,
  `ref_no` varchar(191) COLLATE utf8mb4_unicode_ci DEFAULT NULL,
  `transaction_date` datetime NOT NULL,
  `total_before_tax` decimal(20,2) NOT NULL DEFAULT '0.00',
  `tax_id` int(10) unsigned DEFAULT NULL,
  `tax_amount` decimal(20,2) NOT NULL DEFAULT '0.00',
  `discount_type` enum('fixed','percentage') COLLATE utf8mb4_unicode_ci DEFAULT NULL,
  `discount_amount` varchar(10) COLLATE utf8mb4_unicode_ci DEFAULT NULL,
  `shipping_details` varchar(191) COLLATE utf8mb4_unicode_ci DEFAULT NULL,
  `shipping_charges` decimal(20,2) NOT NULL DEFAULT '0.00',
  `additional_notes` text COLLATE utf8mb4_unicode_ci,
  `staff_note` text COLLATE utf8mb4_unicode_ci,
  `points` int(11) NOT NULL,
  `final_total` decimal(20,2) NOT NULL DEFAULT '0.00',
  `expense_category_id` int(10) unsigned DEFAULT NULL,
  `expense_for` int(10) unsigned DEFAULT NULL,
  `commission_agent` int(11) DEFAULT NULL,
  `document` varchar(191) COLLATE utf8mb4_unicode_ci DEFAULT NULL,
  `is_direct_sale` tinyint(1) NOT NULL DEFAULT '0',
  `exchange_rate` decimal(20,3) NOT NULL DEFAULT '1.000',
  `total_amount_recovered` decimal(20,2) DEFAULT NULL COMMENT 'Used for stock adjustment.',
  `transfer_parent_id` int(11) DEFAULT NULL,
  `opening_stock_product_id` int(11) DEFAULT NULL,
  `created_by` int(10) unsigned DEFAULT NULL,
  `selling_price_group_id` int(11) DEFAULT NULL,
  `created_at` timestamp NULL DEFAULT NULL,
  `updated_at` timestamp NULL DEFAULT NULL,
  `delivery_uid` varchar(50) COLLATE utf8mb4_unicode_ci DEFAULT NULL,
  PRIMARY KEY (`id`),
  KEY `transactions_tax_id_foreign` (`tax_id`),
  KEY `transactions_business_id_index` (`business_id`),
  KEY `transactions_type_index` (`type`),
  KEY `transactions_contact_id_index` (`contact_id`),
  KEY `transactions_transaction_date_index` (`transaction_date`),
  KEY `transactions_created_by_index` (`created_by`),
  KEY `transactions_location_id_index` (`location_id`),
  KEY `transactions_expense_for_foreign` (`expense_for`),
  KEY `transactions_expense_category_id_index` (`expense_category_id`),
  CONSTRAINT `transactions_business_id_foreign` FOREIGN KEY (`business_id`) REFERENCES `business` (`id`) ON DELETE CASCADE,
  CONSTRAINT `transactions_contact_id_foreign` FOREIGN KEY (`contact_id`) REFERENCES `contacts` (`id`) ON DELETE CASCADE,
  CONSTRAINT `transactions_created_by_foreign` FOREIGN KEY (`created_by`) REFERENCES `users` (`id`) ON DELETE CASCADE,
  CONSTRAINT `transactions_expense_category_id_foreign` FOREIGN KEY (`expense_category_id`) REFERENCES `expense_categories` (`id`) ON DELETE CASCADE,
  CONSTRAINT `transactions_expense_for_foreign` FOREIGN KEY (`expense_for`) REFERENCES `users` (`id`) ON DELETE CASCADE,
  CONSTRAINT `transactions_location_id_foreign` FOREIGN KEY (`location_id`) REFERENCES `business_locations` (`id`),
  CONSTRAINT `transactions_tax_id_foreign` FOREIGN KEY (`tax_id`) REFERENCES `tax_rates` (`id`) ON DELETE CASCADE
) ENGINE=InnoDB AUTO_INCREMENT=478 DEFAULT CHARSET=utf8mb4 COLLATE=utf8mb4_unicode_ci;

/*Data for the table `transactions` */

insert  into `transactions`(`id`,`business_id`,`location_id`,`res_table_id`,`res_waiter_id`,`res_order_status`,`type`,`status`,`is_quotation`,`payment_status`,`adjustment_type`,`contact_id`,`customer_group_id`,`invoice_no`,`ref_no`,`transaction_date`,`total_before_tax`,`tax_id`,`tax_amount`,`discount_type`,`discount_amount`,`shipping_details`,`shipping_charges`,`additional_notes`,`staff_note`,`points`,`final_total`,`expense_category_id`,`expense_for`,`commission_agent`,`document`,`is_direct_sale`,`exchange_rate`,`total_amount_recovered`,`transfer_parent_id`,`opening_stock_product_id`,`created_by`,`selling_price_group_id`,`created_at`,`updated_at`,`delivery_uid`) values 
(10,1,1,NULL,NULL,NULL,'opening_stock','received',0,'paid',NULL,NULL,NULL,NULL,NULL,'2018-01-01 07:04:23',100.00,3,0.00,NULL,NULL,NULL,0.00,NULL,NULL,0,100.00,NULL,NULL,NULL,NULL,0,1.000,NULL,NULL,1,1,NULL,'2018-10-06 19:04:23','2018-10-06 19:04:23',NULL),
(51,4,4,NULL,NULL,NULL,'opening_stock','received',0,'paid',NULL,NULL,NULL,NULL,NULL,'2018-01-01 06:18:09',4095.00,NULL,0.00,NULL,NULL,NULL,0.00,NULL,NULL,0,4095.00,NULL,NULL,NULL,NULL,0,1.000,NULL,NULL,6,4,NULL,'2018-10-19 18:18:10','2019-05-16 13:23:54',NULL),
(52,4,4,NULL,NULL,NULL,'opening_stock','received',0,'paid',NULL,NULL,NULL,NULL,NULL,'2018-01-01 06:25:55',9000.45,NULL,0.00,NULL,NULL,NULL,0.00,NULL,NULL,0,9000.45,NULL,NULL,NULL,NULL,0,1.000,NULL,NULL,7,4,NULL,'2018-10-19 18:25:55','2018-10-19 18:25:55',NULL),
(54,4,4,NULL,NULL,NULL,'opening_stock','received',0,'paid',NULL,NULL,NULL,NULL,NULL,'2018-01-01 05:44:18',8075.34,NULL,0.00,NULL,NULL,NULL,0.00,NULL,NULL,0,8075.34,NULL,NULL,NULL,NULL,0,1.000,NULL,NULL,8,4,NULL,'2018-10-21 17:44:18','2018-10-21 17:44:18',NULL),
(56,1,1,NULL,NULL,NULL,'sell','final',0,'paid',NULL,1,NULL,'0032','','2018-10-23 08:47:57',12.50,NULL,0.00,'percentage','0',NULL,0.00,NULL,NULL,0,12.50,NULL,NULL,NULL,NULL,0,1.000,NULL,NULL,NULL,1,0,'2018-10-23 20:47:57','2018-10-23 20:47:58',NULL),
(57,4,4,NULL,NULL,NULL,'sell','final',0,'paid',NULL,NULL,0,'0003','','2018-11-03 13:03:18',90.00,NULL,0.00,'percentage','0',NULL,0.00,NULL,NULL,0,90.00,NULL,NULL,NULL,NULL,0,1.000,NULL,NULL,NULL,NULL,NULL,'2018-11-04 01:03:18','2018-11-04 01:03:18',NULL),
(58,4,4,NULL,NULL,NULL,'sell','final',0,'paid',NULL,NULL,0,'0004','','2018-11-03 13:16:11',180.00,NULL,0.00,'percentage','0',NULL,0.00,NULL,NULL,0,180.00,NULL,NULL,NULL,NULL,0,1.000,NULL,NULL,NULL,NULL,NULL,'2018-11-04 01:16:11','2018-11-04 01:16:11',NULL),
(59,4,4,NULL,NULL,NULL,'sell','final',0,'paid',NULL,NULL,0,'0005','','2018-11-03 13:18:23',180.00,NULL,0.00,'percentage','0',NULL,0.00,NULL,NULL,0,180.00,NULL,NULL,NULL,NULL,0,1.000,NULL,NULL,NULL,NULL,NULL,'2018-11-04 01:18:23','2018-11-04 01:18:23',NULL),
(60,4,4,NULL,NULL,NULL,'sell','final',0,'paid',NULL,NULL,0,'0006','','2018-12-04 09:46:54',37.50,NULL,0.00,'percentage','0',NULL,0.00,NULL,NULL,0,37.50,NULL,NULL,NULL,NULL,0,1.000,NULL,NULL,NULL,NULL,NULL,'2018-12-04 21:46:54','2018-12-04 21:46:54',NULL),
(61,4,4,NULL,NULL,NULL,'sell','final',0,'paid',NULL,NULL,0,'0007','','2018-12-04 09:48:41',50.00,NULL,0.00,'percentage','0',NULL,0.00,NULL,NULL,0,50.00,NULL,NULL,NULL,NULL,0,1.000,NULL,NULL,NULL,NULL,NULL,'2018-12-04 21:48:42','2018-12-04 21:48:42',NULL),
(62,4,4,NULL,NULL,NULL,'sell','final',0,'paid',NULL,NULL,0,'0008','','2018-12-04 17:16:20',12.50,NULL,0.00,'percentage','0',NULL,0.00,NULL,NULL,0,12.50,NULL,NULL,NULL,NULL,0,1.000,NULL,NULL,NULL,NULL,NULL,'2018-12-05 05:16:20','2018-12-05 05:16:20',NULL),
(63,4,4,NULL,NULL,NULL,'sell','final',0,'paid',NULL,NULL,0,'0009','','2018-12-05 21:54:15',25.00,NULL,0.00,'percentage','0',NULL,0.00,NULL,NULL,0,25.00,NULL,NULL,NULL,NULL,0,1.000,NULL,NULL,NULL,NULL,NULL,'2018-12-06 09:54:15','2018-12-06 09:54:15',NULL),
(64,4,4,NULL,NULL,NULL,'sell','final',0,'paid',NULL,NULL,0,'0010','','2018-12-05 22:04:39',25.00,NULL,0.00,'percentage','0',NULL,0.00,NULL,NULL,0,25.00,NULL,NULL,NULL,NULL,0,1.000,NULL,NULL,NULL,NULL,NULL,'2018-12-06 10:04:39','2018-12-06 10:04:39',NULL),
(66,1,1,NULL,NULL,NULL,'sell','final',0,'paid',NULL,1,NULL,'0033','','2018-12-21 13:38:54',12.50,NULL,0.00,'percentage','0',NULL,0.00,NULL,NULL,0,12.45,NULL,NULL,NULL,NULL,0,1.000,NULL,NULL,NULL,1,0,'2018-12-22 01:38:54','2018-12-22 01:38:54',NULL),
(67,4,4,NULL,NULL,NULL,'sell','final',0,'paid',NULL,NULL,0,'0011','','2018-12-21 14:18:19',12.50,NULL,0.00,'percentage','0',NULL,0.00,NULL,NULL,0,12.48,NULL,NULL,NULL,NULL,0,1.000,NULL,NULL,NULL,NULL,NULL,'2018-12-22 02:18:19','2018-12-22 02:18:19',NULL),
(68,4,4,NULL,NULL,NULL,'sell','final',0,'paid',NULL,NULL,0,'0012','','2018-12-22 09:42:54',25.00,NULL,0.00,'percentage','0',NULL,0.00,NULL,NULL,0,24.90,NULL,NULL,NULL,NULL,0,1.000,NULL,NULL,NULL,NULL,NULL,'2018-12-22 21:42:54','2018-12-22 21:42:54',NULL),
(69,4,4,NULL,NULL,NULL,'sell','final',0,'paid',NULL,NULL,0,'0013','','2018-12-22 09:49:57',25.00,NULL,0.00,'percentage','0',NULL,0.00,NULL,NULL,0,24.90,NULL,NULL,NULL,NULL,0,1.000,NULL,NULL,NULL,NULL,NULL,'2018-12-22 21:49:57','2018-12-22 21:49:57',NULL),
(70,4,4,NULL,NULL,NULL,'sell','final',0,'paid',NULL,NULL,0,'0014','','2018-12-22 09:53:09',25.00,NULL,0.00,'percentage','0',NULL,0.00,NULL,NULL,0,24.90,NULL,NULL,NULL,NULL,0,1.000,NULL,NULL,NULL,NULL,NULL,'2018-12-22 21:53:09','2018-12-22 21:53:09',NULL),
(71,4,4,NULL,NULL,NULL,'sell','final',0,'paid',NULL,NULL,0,'0015','','2018-12-22 12:37:22',25.00,NULL,0.00,'percentage','0',NULL,0.00,NULL,NULL,0,24.90,NULL,NULL,NULL,NULL,0,1.000,NULL,NULL,NULL,NULL,NULL,'2018-12-23 00:37:22','2018-12-23 00:37:22',NULL),
(72,4,4,NULL,NULL,NULL,'sell','final',0,'paid',NULL,NULL,0,'0016','','2018-12-22 12:41:45',25.00,NULL,0.00,'percentage','0',NULL,0.00,NULL,NULL,0,24.90,NULL,NULL,NULL,NULL,0,1.000,NULL,NULL,NULL,NULL,NULL,'2018-12-23 00:41:45','2018-12-23 00:41:45',NULL),
(73,4,4,NULL,NULL,NULL,'sell','final',0,'paid',NULL,NULL,0,'0017','','2018-12-22 12:43:49',37.50,NULL,0.00,'percentage','0',NULL,0.00,NULL,NULL,0,37.43,NULL,NULL,NULL,NULL,0,1.000,NULL,NULL,NULL,NULL,NULL,'2018-12-23 00:43:49','2018-12-23 00:43:49',NULL),
(74,4,4,NULL,NULL,NULL,'sell','final',0,'paid',NULL,NULL,0,'0018','','2018-12-22 12:58:12',37.50,NULL,0.00,'percentage','0',NULL,0.00,NULL,NULL,0,37.47,NULL,NULL,NULL,NULL,0,1.000,NULL,NULL,NULL,NULL,NULL,'2018-12-23 00:58:12','2018-12-23 00:58:12',NULL),
(75,4,4,NULL,NULL,NULL,'sell','final',0,'paid',NULL,NULL,0,'0019','','2018-12-22 12:59:46',37.50,NULL,0.00,'percentage','0',NULL,0.00,NULL,NULL,0,37.47,NULL,NULL,NULL,NULL,0,1.000,NULL,NULL,NULL,NULL,NULL,'2018-12-23 00:59:46','2018-12-23 00:59:46',NULL),
(76,4,4,NULL,NULL,NULL,'opening_stock','received',0,'paid',NULL,NULL,NULL,NULL,NULL,'2019-01-01 16:28:48',2340.00,NULL,0.00,NULL,NULL,NULL,0.00,NULL,NULL,0,2340.00,NULL,NULL,NULL,NULL,0,1.000,NULL,NULL,9,4,NULL,'2019-01-11 04:28:48','2019-01-11 04:28:48',NULL),
(78,4,4,NULL,NULL,NULL,'opening_stock','received',0,'paid',NULL,NULL,NULL,NULL,NULL,'2019-01-01 00:59:06',30000.00,NULL,0.00,NULL,NULL,NULL,0.00,NULL,NULL,0,30000.00,NULL,NULL,NULL,NULL,0,1.000,NULL,NULL,10,4,NULL,'2019-01-11 12:59:06','2019-04-21 08:53:35',NULL),
(104,4,4,NULL,NULL,NULL,'sell','final',0,'paid',NULL,NULL,0,'0046','','2019-01-12 22:08:35',71.20,NULL,0.00,'percentage','0',NULL,0.00,NULL,NULL,0,532.80,NULL,NULL,NULL,NULL,0,1.000,NULL,NULL,NULL,NULL,NULL,'2019-01-13 10:08:35','2019-01-13 10:08:35',NULL),
(105,4,4,NULL,NULL,NULL,'sell','final',0,'paid',NULL,NULL,0,'0047','','2019-01-12 23:02:42',660.00,NULL,0.00,'percentage','0',NULL,0.00,NULL,NULL,0,5.21,NULL,NULL,NULL,NULL,0,1.000,NULL,NULL,NULL,NULL,NULL,'2019-01-13 11:02:42','2019-01-13 11:02:42',NULL),
(106,4,4,NULL,NULL,NULL,'sell','final',0,'paid',NULL,NULL,0,'0048','','2019-01-12 23:57:30',220.00,NULL,0.00,'percentage','0',NULL,0.00,NULL,NULL,0,1.74,NULL,NULL,NULL,NULL,0,1.000,NULL,NULL,NULL,NULL,NULL,'2019-01-13 11:57:30','2019-01-13 11:57:30',NULL),
(107,4,4,NULL,NULL,NULL,'sell','final',0,'paid',NULL,NULL,0,'0049','','2019-01-12 23:59:10',220.00,NULL,0.00,'percentage','0',NULL,0.00,NULL,NULL,0,1.74,NULL,NULL,NULL,NULL,0,1.000,NULL,NULL,NULL,NULL,NULL,'2019-01-13 11:59:10','2019-01-13 11:59:10',NULL),
(108,4,4,NULL,NULL,NULL,'sell','final',0,'paid',NULL,NULL,0,'0050','','2019-01-13 00:00:30',220.00,NULL,0.00,'percentage','0',NULL,0.00,NULL,NULL,0,1.74,NULL,NULL,NULL,NULL,0,1.000,NULL,NULL,NULL,NULL,NULL,'2019-01-13 12:00:30','2019-01-13 12:00:30',NULL),
(109,4,4,NULL,NULL,NULL,'sell','final',0,'paid',NULL,NULL,0,'0051','','2019-01-13 00:09:38',660.00,NULL,0.00,'percentage','0',NULL,0.00,NULL,NULL,0,5.33,NULL,NULL,NULL,NULL,0,1.000,NULL,NULL,NULL,NULL,NULL,'2019-01-13 12:09:38','2019-01-13 12:09:38',NULL),
(110,4,4,NULL,NULL,NULL,'sell','final',0,'paid',NULL,NULL,0,'0052','','2019-01-13 00:11:42',660.00,NULL,0.00,'percentage','0',NULL,0.00,NULL,NULL,0,5.30,NULL,NULL,NULL,NULL,0,1.000,NULL,NULL,NULL,NULL,NULL,'2019-01-13 12:11:42','2019-01-13 12:11:42',NULL),
(111,4,4,NULL,NULL,NULL,'sell','final',0,'paid',NULL,NULL,0,'0053','','2019-01-13 00:14:38',440.00,NULL,0.00,'percentage','0',NULL,0.00,NULL,NULL,0,3.51,NULL,NULL,NULL,NULL,0,1.000,NULL,NULL,NULL,NULL,NULL,'2019-01-13 12:14:38','2019-01-13 12:14:38',NULL),
(112,4,4,NULL,NULL,NULL,'sell','final',0,'paid',NULL,NULL,0,'0054','','2019-01-13 00:15:43',220.00,NULL,0.00,'percentage','0',NULL,0.00,NULL,NULL,0,1.78,NULL,NULL,NULL,NULL,0,1.000,NULL,NULL,NULL,NULL,NULL,'2019-01-13 12:15:43','2019-01-13 12:15:43',NULL),
(114,4,4,NULL,NULL,NULL,'opening_stock','received',0,'paid',NULL,NULL,NULL,NULL,NULL,'2019-01-01 22:09:34',33900.00,NULL,0.00,NULL,NULL,NULL,0.00,NULL,NULL,0,33900.00,NULL,NULL,NULL,NULL,0,1.000,NULL,NULL,11,4,NULL,'2019-01-15 10:09:34','2019-01-15 10:09:34',NULL),
(129,4,4,NULL,NULL,NULL,'sell','final',0,'paid',NULL,NULL,0,'0070','','2019-01-20 23:51:17',220.00,NULL,0.00,'percentage','0',NULL,0.00,NULL,NULL,0,1.78,NULL,NULL,NULL,NULL,0,1.000,NULL,NULL,NULL,NULL,NULL,'2019-01-21 11:51:17','2019-01-21 11:51:17',NULL),
(133,4,4,NULL,NULL,NULL,'sell','final',0,'paid',NULL,NULL,0,'0074','','2019-01-26 00:09:20',35.60,NULL,0.00,'percentage','0',NULL,0.00,NULL,NULL,0,0.26,NULL,NULL,NULL,NULL,0,1.000,NULL,NULL,NULL,NULL,NULL,'2019-01-26 12:09:20','2019-01-26 12:09:20',NULL),
(134,4,4,NULL,NULL,NULL,'opening_stock','received',0,'paid',NULL,NULL,NULL,NULL,NULL,'2019-01-01 23:45:51',58500.00,NULL,0.00,NULL,NULL,NULL,0.00,NULL,NULL,0,58500.00,NULL,NULL,NULL,NULL,0,1.000,NULL,NULL,12,4,NULL,'2019-01-26 11:45:51','2019-01-26 11:45:51',NULL),
(135,4,4,NULL,NULL,NULL,'sell','final',0,'paid',NULL,NULL,0,'0075','','2019-01-26 00:18:52',71.20,NULL,0.00,'percentage','0',NULL,0.00,NULL,NULL,0,0.77,NULL,NULL,NULL,NULL,0,1.000,NULL,NULL,NULL,NULL,NULL,'2019-01-26 12:18:52','2019-01-26 12:18:52',NULL),
(144,4,4,NULL,NULL,NULL,'sell','final',0,'paid',NULL,NULL,0,'0084','','2019-01-27 23:11:51',514.80,NULL,17.00,'percentage','0',NULL,0.00,NULL,NULL,0,514.80,NULL,NULL,NULL,NULL,0,1.000,NULL,NULL,NULL,NULL,NULL,'2019-01-28 11:11:51','2019-01-28 11:11:51',NULL),
(145,4,4,NULL,NULL,NULL,'sell','final',0,'paid',NULL,NULL,0,'0085','','2019-01-27 23:43:39',40.95,NULL,17.00,'percentage','0',NULL,0.00,NULL,NULL,0,40.95,NULL,NULL,NULL,NULL,0,1.000,NULL,NULL,NULL,NULL,NULL,'2019-01-28 11:43:39','2019-01-28 11:43:39',NULL),
(146,4,4,NULL,NULL,NULL,'sell','final',0,'paid',NULL,NULL,0,'0086','','2019-01-27 23:45:10',40.95,NULL,17.00,'percentage','0',NULL,0.00,NULL,NULL,0,40.95,NULL,NULL,NULL,NULL,0,1.000,NULL,NULL,NULL,NULL,NULL,'2019-01-28 11:45:10','2019-01-28 11:45:10',NULL),
(147,4,4,NULL,NULL,NULL,'sell','final',0,'paid',NULL,NULL,0,'0087','','2019-01-27 23:46:48',409.50,NULL,17.00,'percentage','0',NULL,0.00,NULL,NULL,0,409.50,NULL,NULL,NULL,NULL,0,1.000,NULL,NULL,NULL,NULL,NULL,'2019-01-28 11:46:48','2019-01-28 11:46:48',NULL),
(148,4,4,NULL,NULL,NULL,'sell','final',0,'paid',NULL,NULL,0,'0088','','2019-01-27 23:53:15',421.20,NULL,17.00,'percentage','0',NULL,0.00,NULL,NULL,0,421.20,NULL,NULL,NULL,NULL,0,1.000,NULL,NULL,NULL,NULL,NULL,'2019-01-28 11:53:15','2019-01-28 11:53:15',NULL),
(149,4,4,NULL,NULL,NULL,'sell','final',0,'paid',NULL,NULL,0,'0089','','2019-01-27 23:57:07',421.20,NULL,17.00,'percentage','0',NULL,0.00,NULL,NULL,0,421.20,NULL,NULL,NULL,NULL,0,1.000,NULL,NULL,NULL,NULL,NULL,'2019-01-28 11:57:07','2019-01-28 11:57:07',NULL),
(150,4,4,NULL,NULL,NULL,'opening_stock','received',0,'paid',NULL,NULL,NULL,NULL,NULL,'2019-01-01 23:34:04',12999870.00,NULL,0.00,NULL,NULL,NULL,0.00,NULL,NULL,0,12999870.00,NULL,NULL,NULL,NULL,0,1.000,NULL,NULL,13,4,NULL,'2019-01-29 11:34:04','2019-01-29 11:34:04',NULL),
(151,4,4,NULL,NULL,NULL,'opening_stock','received',0,'paid',NULL,NULL,NULL,NULL,NULL,'2019-01-01 23:39:57',15000570.00,NULL,0.00,NULL,NULL,NULL,0.00,NULL,NULL,0,15000570.00,NULL,NULL,NULL,NULL,0,1.000,NULL,NULL,14,4,NULL,'2019-01-29 11:39:57','2019-01-29 11:39:57',NULL),
(152,4,4,NULL,NULL,NULL,'opening_stock','received',0,'paid',NULL,NULL,NULL,NULL,NULL,'2019-01-01 23:59:06',25500150.00,NULL,0.00,NULL,NULL,NULL,0.00,NULL,NULL,0,25500150.00,NULL,NULL,NULL,NULL,0,1.000,NULL,NULL,15,4,NULL,'2019-01-29 11:59:06','2019-03-06 19:07:29',NULL),
(156,4,4,NULL,NULL,NULL,'opening_stock','received',0,'paid',NULL,NULL,NULL,NULL,NULL,'2019-01-01 13:33:27',23241.68,NULL,0.00,NULL,NULL,NULL,0.00,NULL,NULL,0,23241.68,NULL,NULL,NULL,NULL,0,1.000,NULL,NULL,17,4,NULL,'2019-02-13 01:33:27','2019-05-16 13:23:03',NULL),
(240,4,4,NULL,NULL,NULL,'opening_stock','received',0,'paid',NULL,NULL,NULL,NULL,NULL,'2019-01-01 20:06:51',23400.00,NULL,0.00,NULL,NULL,NULL,0.00,NULL,NULL,0,23400.00,NULL,NULL,NULL,NULL,0,1.000,NULL,NULL,18,4,NULL,'2019-02-17 08:06:51','2019-02-17 08:06:51',NULL),
(248,4,4,NULL,NULL,NULL,'sell','final',0,'paid',NULL,NULL,0,'0172','','2019-02-25 09:40:17',133.01,NULL,17.00,'percentage','0',NULL,0.00,NULL,NULL,0,133.01,NULL,NULL,NULL,NULL,0,1.000,NULL,NULL,NULL,NULL,NULL,'2019-02-25 21:40:17','2019-02-25 21:40:17',NULL),
(249,4,4,NULL,NULL,NULL,'sell','final',0,'paid',NULL,NULL,0,'0173','','2019-02-25 09:41:02',133.01,NULL,17.00,'percentage','0',NULL,0.00,NULL,NULL,0,133.01,NULL,NULL,NULL,NULL,0,1.000,NULL,NULL,NULL,NULL,NULL,'2019-02-25 21:41:02','2019-02-25 21:41:02',NULL),
(273,4,4,NULL,NULL,NULL,'sell','final',0,'paid',NULL,NULL,0,'0196','','2019-03-12 09:20:25',40.00,NULL,17.00,'percentage','0',NULL,0.00,NULL,NULL,0,40.00,NULL,NULL,NULL,NULL,0,1.000,NULL,NULL,NULL,NULL,NULL,'2019-03-12 21:20:25','2019-03-12 21:20:25',NULL),
(277,4,4,NULL,NULL,NULL,'sell','final',0,'paid',NULL,NULL,0,'0200','','2019-03-12 13:12:22',40.00,NULL,17.00,'percentage','0',NULL,0.00,NULL,NULL,0,40.00,NULL,NULL,NULL,NULL,0,1.000,NULL,NULL,NULL,NULL,NULL,'2019-03-13 01:12:22','2019-03-13 01:12:22',NULL),
(278,4,4,NULL,NULL,NULL,'sell','final',0,'paid',NULL,NULL,0,'0201','','2019-03-12 13:14:36',200.00,NULL,17.00,'percentage','0',NULL,0.00,NULL,NULL,0,200.00,NULL,NULL,NULL,NULL,0,1.000,NULL,NULL,NULL,NULL,NULL,'2019-03-13 01:14:37','2019-03-13 01:14:37',NULL),
(283,4,4,NULL,NULL,NULL,'sell','final',0,'paid',NULL,NULL,0,'0206','','2019-03-14 03:41:12',40.00,NULL,17.00,'percentage','0',NULL,0.00,NULL,NULL,0,40.00,NULL,NULL,NULL,NULL,0,1.000,NULL,NULL,NULL,NULL,NULL,'2019-03-14 15:41:12','2019-03-14 15:41:12',NULL),
(287,4,4,NULL,NULL,NULL,'sell','final',0,'paid',NULL,NULL,0,'0209','','2019-03-15 19:41:22',40.00,NULL,17.00,'percentage','0',NULL,0.00,NULL,NULL,0,40.00,NULL,NULL,NULL,NULL,0,1.000,NULL,NULL,NULL,NULL,NULL,'2019-03-16 07:41:22','2019-03-16 07:41:22',NULL),
(288,4,4,NULL,NULL,NULL,'sell','final',0,'paid',NULL,NULL,0,'0210','','2019-03-15 19:47:25',400.00,NULL,17.00,'percentage','0',NULL,0.00,NULL,NULL,0,400.00,NULL,NULL,NULL,NULL,0,1.000,NULL,NULL,NULL,NULL,NULL,'2019-03-16 07:47:25','2019-03-16 07:47:25',NULL),
(289,4,4,NULL,NULL,NULL,'sell','final',0,'paid',NULL,NULL,0,'0211','','2019-03-15 19:53:48',400.00,NULL,17.00,'percentage','0',NULL,0.00,NULL,NULL,0,400.00,NULL,NULL,NULL,NULL,0,1.000,NULL,NULL,NULL,NULL,NULL,'2019-03-16 07:53:48','2019-03-16 07:53:48',NULL),
(290,4,4,NULL,NULL,NULL,'sell','final',0,'paid',NULL,NULL,0,'0212','','2019-03-15 20:12:46',400.00,NULL,17.00,'percentage','0',NULL,0.00,NULL,NULL,0,400.00,NULL,NULL,NULL,NULL,0,1.000,NULL,NULL,NULL,NULL,NULL,'2019-03-16 08:12:46','2019-03-16 08:12:46',NULL),
(297,4,4,NULL,NULL,NULL,'sell','final',0,'paid',NULL,NULL,0,'0219','','2019-03-16 16:53:30',40.00,NULL,17.00,'percentage','0',NULL,0.00,NULL,NULL,0,40.00,NULL,NULL,NULL,NULL,0,1.000,NULL,NULL,NULL,NULL,NULL,'2019-03-17 04:53:30','2019-03-17 04:53:30',NULL),
(298,4,4,NULL,NULL,NULL,'sell','final',0,'paid',NULL,NULL,0,'0220','','2019-03-16 16:57:39',40.00,NULL,17.00,'percentage','0',NULL,0.00,NULL,NULL,0,40.00,NULL,NULL,NULL,NULL,0,1.000,NULL,NULL,NULL,NULL,NULL,'2019-03-17 04:57:39','2019-03-17 04:57:39',NULL),
(312,4,4,NULL,NULL,NULL,'opening_stock','received',0,'paid',NULL,NULL,NULL,NULL,NULL,'2019-01-01 19:14:03',959400.00,NULL,0.00,NULL,NULL,NULL,0.00,NULL,NULL,0,959400.00,NULL,NULL,NULL,NULL,0,1.000,NULL,NULL,19,4,NULL,'2019-03-18 07:14:03','2019-03-18 07:14:03',NULL),
(347,7,8,NULL,NULL,NULL,'opening_stock','received',0,'paid',NULL,NULL,NULL,NULL,NULL,'2019-01-01 19:31:33',467953.20,NULL,0.00,NULL,NULL,NULL,0.00,NULL,NULL,0,467953.20,NULL,NULL,NULL,NULL,0,1.000,NULL,NULL,20,8,NULL,'2019-03-21 07:31:34','2019-04-06 06:34:58',NULL),
(348,7,8,NULL,NULL,NULL,'sell','final',0,'paid',NULL,7,NULL,'0001','','2019-03-20 19:32:12',34.19,NULL,0.00,'percentage','0',NULL,0.00,NULL,NULL,0,34.19,NULL,NULL,NULL,NULL,0,1.000,NULL,NULL,NULL,8,0,'2019-03-21 07:32:12','2019-03-21 07:32:12',NULL),
(349,7,8,NULL,NULL,NULL,'sell','final',0,'paid',NULL,7,NULL,'0002','','2019-03-20 19:34:02',341865.81,NULL,0.00,'percentage','0',NULL,0.00,NULL,NULL,0,341865.81,NULL,NULL,NULL,NULL,0,1.000,NULL,NULL,NULL,8,0,'2019-03-21 07:34:02','2019-03-21 07:34:02',NULL),
(350,7,8,NULL,NULL,NULL,'sell','final',0,'paid',NULL,7,NULL,'0003','','2019-03-20 20:48:47',34190.00,NULL,0.00,'percentage','0',NULL,0.00,NULL,NULL,0,34190.00,NULL,NULL,NULL,NULL,0,1.000,NULL,NULL,NULL,8,0,'2019-03-21 08:48:47','2019-03-21 08:48:47',NULL),
(357,7,8,NULL,NULL,NULL,'opening_stock','received',0,'paid',NULL,NULL,NULL,NULL,NULL,'2019-01-01 22:45:04',1299987.00,NULL,0.00,NULL,NULL,NULL,0.00,NULL,NULL,0,1299987.00,NULL,NULL,NULL,NULL,0,1.000,NULL,NULL,21,8,NULL,'2019-03-26 10:45:04','2019-03-26 10:45:04',NULL),
(362,7,8,NULL,NULL,NULL,'sell','final',0,'due',NULL,7,NULL,'0004','','2019-03-29 21:41:50',34.19,3,0.00,'percentage','100',NULL,0.00,NULL,NULL,0,0.00,NULL,NULL,NULL,NULL,0,1.000,NULL,NULL,NULL,8,0,'2019-03-30 09:41:50','2019-03-30 09:41:50',NULL),
(363,7,8,NULL,NULL,NULL,'sell','final',0,'paid',NULL,7,NULL,'0005','','2019-03-29 21:57:37',34.19,3,5.81,'percentage','0',NULL,0.00,NULL,NULL,0,40.00,NULL,NULL,NULL,NULL,0,1.000,NULL,NULL,NULL,8,0,'2019-03-30 09:57:37','2019-03-30 09:57:37',NULL),
(364,7,8,NULL,NULL,NULL,'sell','final',0,'paid',NULL,7,NULL,'0006','','2019-03-30 00:22:59',34.19,3,5.81,'percentage','0',NULL,0.00,NULL,NULL,0,40.00,NULL,NULL,NULL,NULL,0,1.000,NULL,NULL,NULL,8,0,'2019-03-30 12:22:59','2019-03-30 12:22:59',NULL),
(365,7,9,NULL,NULL,NULL,'opening_stock','received',0,'paid',NULL,NULL,NULL,NULL,NULL,'2019-01-01 00:51:05',116.99,NULL,0.00,NULL,NULL,NULL,0.00,NULL,NULL,0,116.99,NULL,NULL,NULL,NULL,0,1.000,NULL,NULL,20,8,NULL,'2019-03-30 12:51:05','2019-04-06 06:34:58',NULL),
(366,7,9,NULL,NULL,NULL,'sell','final',0,'paid',NULL,7,NULL,'0007','','2019-03-30 02:01:21',34.19,3,2.91,'percentage','50',NULL,0.00,NULL,NULL,0,20.00,NULL,NULL,NULL,NULL,0,1.000,NULL,NULL,NULL,8,0,'2019-03-30 14:01:21','2019-03-30 14:01:21',NULL),
(367,7,8,NULL,NULL,NULL,'sell','final',0,'due',NULL,7,NULL,'0008','','2019-03-30 03:02:03',34.19,3,0.00,'percentage','100',NULL,0.00,NULL,NULL,0,0.00,NULL,NULL,NULL,NULL,0,1.000,NULL,NULL,NULL,8,0,'2019-03-30 15:02:03','2019-03-30 15:02:03',NULL),
(368,7,8,NULL,NULL,NULL,'sell','final',0,'due',NULL,7,NULL,'0009','','2019-03-30 03:05:16',34.19,3,0.00,'percentage','100',NULL,0.00,NULL,NULL,0,0.00,NULL,NULL,NULL,NULL,0,1.000,NULL,NULL,NULL,8,0,'2019-03-30 15:05:16','2019-03-30 15:05:16',NULL),
(369,7,8,NULL,NULL,NULL,'sell','final',0,'paid',NULL,7,NULL,'0010','','2019-04-01 21:45:00',34.19,3,5.81,'percentage','0',NULL,0.00,NULL,NULL,0,40.00,NULL,NULL,NULL,NULL,0,1.000,NULL,NULL,NULL,8,0,'2019-04-02 09:45:00','2019-04-02 09:45:00',NULL),
(370,7,8,NULL,NULL,NULL,'sell','final',0,'due',NULL,7,NULL,'0011','','2019-04-01 21:47:17',34.19,3,0.00,'percentage','100',NULL,0.00,NULL,NULL,0,0.00,NULL,NULL,NULL,NULL,0,1.000,NULL,NULL,NULL,8,0,'2019-04-02 09:47:17','2019-04-02 09:47:17',NULL),
(373,7,8,NULL,NULL,NULL,'sell','final',0,'paid',NULL,7,NULL,'0012','','2019-04-05 16:56:49',34.19,3,5.81,'percentage','0',NULL,0.00,NULL,NULL,0,40.00,NULL,NULL,NULL,NULL,0,1.000,NULL,NULL,NULL,8,0,'2019-04-06 04:56:49','2019-04-06 04:56:49',NULL),
(374,7,8,NULL,NULL,NULL,'sell','final',0,'due',NULL,7,NULL,'0013','','2019-04-05 17:01:57',34.19,3,0.00,'percentage','100',NULL,0.00,NULL,NULL,0,0.00,NULL,NULL,NULL,NULL,0,1.000,NULL,NULL,NULL,8,0,'2019-04-06 05:01:57','2019-04-06 05:01:57',NULL),
(375,7,9,NULL,NULL,NULL,'sell','final',0,'due',NULL,7,NULL,'0014','','2019-04-05 17:29:22',34.19,3,0.00,'percentage','100',NULL,0.00,NULL,NULL,0,0.00,NULL,NULL,NULL,NULL,0,1.000,NULL,NULL,NULL,8,0,'2019-04-06 05:29:22','2019-04-06 05:29:22',NULL),
(376,7,9,NULL,NULL,NULL,'sell','final',0,'paid',NULL,7,NULL,'0015','','2019-04-05 18:35:22',34.19,3,5.81,'percentage','0',NULL,0.00,NULL,NULL,0,40.00,NULL,NULL,NULL,NULL,0,1.000,NULL,NULL,NULL,8,0,'2019-04-06 06:35:22','2019-04-06 06:35:22',NULL),
(377,4,4,NULL,NULL,NULL,'opening_stock','received',0,'paid',NULL,NULL,NULL,NULL,NULL,'2019-01-01 20:04:48',13300.56,NULL,0.00,NULL,NULL,NULL,0.00,NULL,NULL,0,13300.56,NULL,NULL,NULL,NULL,0,1.000,NULL,NULL,24,4,NULL,'2019-04-06 08:04:48','2019-04-06 08:04:48',NULL),
(404,4,10,NULL,NULL,NULL,'opening_stock','received',0,'paid',NULL,NULL,NULL,NULL,NULL,'2019-01-01 00:58:53',58500.00,NULL,0.00,NULL,NULL,NULL,0.00,NULL,NULL,0,58500.00,NULL,NULL,NULL,NULL,0,1.000,NULL,NULL,29,4,NULL,'2019-04-21 05:58:53','2019-04-21 06:15:59',NULL),
(407,4,10,NULL,NULL,NULL,'opening_stock','received',0,'paid',NULL,NULL,NULL,NULL,NULL,'2019-01-01 01:24:44',7020.00,NULL,0.00,NULL,NULL,NULL,0.00,NULL,NULL,0,7020.00,NULL,NULL,NULL,NULL,0,1.000,NULL,NULL,31,4,NULL,'2019-04-21 06:24:44','2019-07-14 06:28:26',NULL),
(410,4,4,NULL,NULL,NULL,'opening_stock','received',0,'paid',NULL,NULL,NULL,NULL,NULL,'2019-01-01 02:07:09',5850.00,NULL,0.00,NULL,NULL,NULL,0.00,NULL,NULL,0,5850.00,NULL,NULL,NULL,NULL,0,1.000,NULL,NULL,30,4,NULL,'2019-04-21 07:07:09','2019-06-06 20:57:22',NULL),
(412,4,10,NULL,NULL,NULL,'opening_stock','received',0,'paid',NULL,NULL,NULL,NULL,NULL,'2019-01-01 03:22:34',200000.00,NULL,0.00,NULL,NULL,NULL,0.00,NULL,NULL,0,200000.00,NULL,NULL,NULL,NULL,0,1.000,NULL,NULL,32,4,NULL,'2019-04-21 08:22:35','2019-07-14 06:29:45',NULL),
(415,4,4,NULL,NULL,NULL,'opening_stock','received',0,'paid',NULL,NULL,NULL,NULL,NULL,'2019-01-01 12:22:53',81900.00,NULL,0.00,NULL,NULL,NULL,0.00,NULL,NULL,0,81900.00,NULL,NULL,NULL,NULL,0,1.000,NULL,NULL,33,4,NULL,'2019-04-25 17:22:53','2019-04-25 18:13:41',NULL),
(439,9,12,NULL,NULL,NULL,'opening_stock','received',0,'paid',NULL,NULL,NULL,NULL,NULL,'2019-01-01 19:04:49',58500.00,NULL,0.00,NULL,NULL,NULL,0.00,NULL,NULL,0,58500.00,NULL,NULL,NULL,NULL,0,1.000,NULL,NULL,34,11,NULL,'2019-05-18 17:04:49','2019-05-18 17:04:49',NULL),
(445,4,10,NULL,NULL,NULL,'opening_stock','received',0,'paid',NULL,NULL,NULL,NULL,NULL,'2019-01-01 22:57:22',5850.00,NULL,0.00,NULL,NULL,NULL,0.00,NULL,NULL,0,5850.00,NULL,NULL,NULL,NULL,0,1.000,NULL,NULL,30,4,NULL,'2019-06-06 20:57:22','2019-06-06 20:57:22',NULL),
(469,14,17,NULL,NULL,NULL,'opening_stock','received',0,'paid',NULL,NULL,NULL,NULL,NULL,'2019-01-01 22:16:41',10000.00,NULL,0.00,NULL,NULL,NULL,0.00,NULL,NULL,0,10000.00,NULL,NULL,NULL,NULL,0,1.000,NULL,NULL,36,16,NULL,'2019-06-25 22:16:41','2019-06-25 22:16:41',NULL),
(476,4,4,NULL,NULL,NULL,'opening_stock','received',0,'paid',NULL,NULL,NULL,NULL,NULL,'2019-01-01 06:28:25',702.00,NULL,0.00,NULL,NULL,NULL,0.00,NULL,NULL,0,702.00,NULL,NULL,NULL,NULL,0,1.000,NULL,NULL,31,4,NULL,'2019-07-14 06:28:26','2019-07-14 06:28:26',NULL),
(477,4,4,NULL,NULL,NULL,'opening_stock','received',0,'paid',NULL,NULL,NULL,NULL,NULL,'2019-01-01 06:29:45',10000.00,NULL,0.00,NULL,NULL,NULL,0.00,NULL,NULL,0,10000.00,NULL,NULL,NULL,NULL,0,1.000,NULL,NULL,32,4,NULL,'2019-07-14 06:29:45','2019-07-14 06:29:45',NULL);

/*Table structure for table `units` */

DROP TABLE IF EXISTS `units`;

CREATE TABLE `units` (
  `id` int(10) unsigned NOT NULL AUTO_INCREMENT,
  `business_id` int(10) unsigned NOT NULL,
  `actual_name` varchar(191) COLLATE utf8mb4_unicode_ci NOT NULL,
  `short_name` varchar(191) COLLATE utf8mb4_unicode_ci NOT NULL,
  `allow_decimal` tinyint(1) NOT NULL,
  `created_by` int(10) unsigned NOT NULL,
  `deleted_at` timestamp NULL DEFAULT NULL,
  `created_at` timestamp NULL DEFAULT NULL,
  `updated_at` timestamp NULL DEFAULT NULL,
  PRIMARY KEY (`id`),
  KEY `units_business_id_foreign` (`business_id`),
  KEY `units_created_by_foreign` (`created_by`),
  CONSTRAINT `units_business_id_foreign` FOREIGN KEY (`business_id`) REFERENCES `business` (`id`) ON DELETE CASCADE,
  CONSTRAINT `units_created_by_foreign` FOREIGN KEY (`created_by`) REFERENCES `users` (`id`) ON DELETE CASCADE
) ENGINE=InnoDB AUTO_INCREMENT=17 DEFAULT CHARSET=utf8mb4 COLLATE=utf8mb4_unicode_ci;

/*Data for the table `units` */

insert  into `units`(`id`,`business_id`,`actual_name`,`short_name`,`allow_decimal`,`created_by`,`deleted_at`,`created_at`,`updated_at`) values 
(1,1,'Pieces','Pc(s)',0,1,NULL,'2018-10-06 13:16:12','2018-10-06 13:16:12'),
(4,1,'Book Unit','BK(s)',0,1,NULL,'2018-10-06 16:32:19','2018-10-06 16:32:19'),
(5,1,'Wear Unit','Pr(s)',0,1,NULL,'2018-10-06 16:32:51','2018-10-06 16:32:51'),
(6,4,'Pieces','Pc(s)',0,4,NULL,'2018-10-20 03:27:17','2018-10-20 03:27:17'),
(9,7,'Pieces','Pc(s)',0,8,NULL,'2019-03-20 16:46:54','2019-03-20 16:46:54'),
(10,8,'Pieces','Pc(s)',0,10,NULL,'2019-05-18 16:49:09','2019-05-18 16:49:09'),
(11,9,'Pieces','Pc(s)',0,11,NULL,'2019-05-18 16:50:59','2019-05-18 16:50:59'),
(12,10,'Pieces','Pc(s)',0,12,NULL,'2019-05-29 16:24:35','2019-05-29 16:24:35'),
(14,12,'Pieces','Pc(s)',0,14,NULL,'2019-06-07 12:17:01','2019-06-07 12:17:01'),
(15,13,'Pieces','Pc(s)',0,15,NULL,'2019-06-07 12:19:18','2019-06-07 12:19:18'),
(16,14,'Pieces','Pc(s)',0,16,NULL,'2019-06-20 06:01:14','2019-06-20 06:01:14');

/*Table structure for table `users` */

DROP TABLE IF EXISTS `users`;

CREATE TABLE `users` (
  `id` int(10) unsigned NOT NULL AUTO_INCREMENT,
  `surname` char(10) COLLATE utf8mb4_unicode_ci DEFAULT NULL,
  `first_name` varchar(191) COLLATE utf8mb4_unicode_ci NOT NULL,
  `last_name` varchar(191) COLLATE utf8mb4_unicode_ci DEFAULT NULL,
  `username` varchar(191) COLLATE utf8mb4_unicode_ci NOT NULL,
  `email` varchar(191) COLLATE utf8mb4_unicode_ci DEFAULT NULL,
  `password` varchar(191) COLLATE utf8mb4_unicode_ci NOT NULL,
  `language` char(4) COLLATE utf8mb4_unicode_ci NOT NULL DEFAULT 'en',
  `contact_no` char(15) COLLATE utf8mb4_unicode_ci DEFAULT NULL,
  `address` text COLLATE utf8mb4_unicode_ci,
  `remember_token` varchar(100) COLLATE utf8mb4_unicode_ci DEFAULT NULL,
  `business_id` int(10) unsigned DEFAULT NULL,
  `is_cmmsn_agnt` tinyint(1) NOT NULL DEFAULT '0',
  `cmmsn_percent` decimal(4,2) NOT NULL DEFAULT '0.00',
  `deleted_at` timestamp NULL DEFAULT NULL,
  `created_at` timestamp NULL DEFAULT NULL,
  `updated_at` timestamp NULL DEFAULT NULL,
  PRIMARY KEY (`id`),
  UNIQUE KEY `users_username_unique` (`username`),
  KEY `users_business_id_foreign` (`business_id`),
  CONSTRAINT `users_business_id_foreign` FOREIGN KEY (`business_id`) REFERENCES `business` (`id`) ON DELETE CASCADE
) ENGINE=InnoDB AUTO_INCREMENT=17 DEFAULT CHARSET=utf8mb4 COLLATE=utf8mb4_unicode_ci;

/*Data for the table `users` */

insert  into `users`(`id`,`surname`,`first_name`,`last_name`,`username`,`email`,`password`,`language`,`contact_no`,`address`,`remember_token`,`business_id`,`is_cmmsn_agnt`,`cmmsn_percent`,`deleted_at`,`created_at`,`updated_at`) values 
(1,'Mr','Sheikh Hassan','Majeed','root','mhassanmajeed@live.com','$2y$10$fGbYQ7kdBcE3F4DNCH6zruanRujSR08drUCWyK/4xZ9s/sSCwKEjG','en',NULL,NULL,'p21px3VaCQXzGtGSQUQ1geexjbdQ6F1DgeDyHoOSEPOkwuCtruynO6E65huL',1,0,0.00,NULL,'2018-10-06 13:16:11','2019-04-01 12:05:58'),
(4,'Mr','Admin','Silver','adminsilver','hey@sheikh.wtf','$2y$10$OnnoxmYaw1.5d/1xMa9Wlux2wpQKHhyBIOsV1eqBKkVg0QazBeHaG','en',NULL,NULL,'3hRbGo2QR4eFktUZXljDNDzESAX46iWequccapADWRI6AcAjeDTbSgGSj9ij',4,0,0.00,NULL,'2018-10-20 03:27:17','2019-04-01 20:39:26'),
(5,'Mr','Cashier','Silver','cashiersilver','cashiersilver@gmail.com','$2y$10$/uz5nwL7z.whCyRlPrcNw.GbhG6YceWLb/P7rOgsPVs2fKusGZTnO','en',NULL,NULL,'KhlX6TOf2umCifyIlOMxd5hvfcPXabWcaFaXHRA3AMTU1wgcX2eLO9VIMhNB',4,0,0.00,NULL,'2018-10-21 19:58:22','2018-10-21 19:58:22'),
(8,'Mr','Gold','Store','admingold','sheikhhassanmajeed@gmail.com','$2y$10$OnnoxmYaw1.5d/1xMa9Wlux2wpQKHhyBIOsV1eqBKkVg0QazBeHaG','en',NULL,NULL,'coxpbvq17BLqnKKg1owOK7KXriYLTwrUFRHTVa2mz5erVYNYp7w9OwQnFZHD',7,0,0.00,NULL,'2019-03-20 16:46:54','2019-04-01 12:22:42'),
(9,'Mr','444','Admin','admin444','444@gmail.com','$2y$10$2fVYjhKBVKOOfLh5DA.jSuPz.CE25XBXQxzXHCJozxh40RHKOqt46','en',NULL,NULL,'p6610dKtbpt87Rsi1WMISHsDw30q66VIdWhbnL69OztgTyQfeNAixrxPW7ea',4,0,0.00,NULL,'2019-05-16 16:19:04','2019-05-16 16:19:04'),
(10,'Mr','test','store','teststore','teststore@gmail.com','$2y$10$aG4tt93GdYWVCWJ8x2ukK.6wpdMyo8SVut/.cZxBI7/4aP.xqmKO6','en',NULL,NULL,'BMvukRyRHfw5yytSJ35SBjj88vNN0ZVzuWDVoOCAUiHbmoSww8AyQqnxGapi',8,0,0.00,NULL,'2019-05-18 16:49:09','2019-05-18 16:49:09'),
(11,'Mr','test','restaurant','testrestaurant','testrestaurant@gmail.com','$2y$10$K3.ji881r1/c0.pQR96jauvlowIUN3aNRuCkB1Lp5XhmaNxFSW97W','en',NULL,NULL,NULL,9,0,0.00,NULL,'2019-05-18 16:50:59','2019-05-18 16:50:59'),
(12,'Mr','diana','borisov','admintest','test@gmail.com','$2y$10$oFghCigET7c9A3FmuZ.XGeUZ79.Ilvz1waCoA/ufvW8MATbf3pcvy','en',NULL,NULL,NULL,10,0,0.00,NULL,'2019-05-29 16:24:34','2019-05-29 16:24:35'),
(14,'Mr','aaa','aaa','aaaaa','aaa@gmail.com','$2y$10$EGh1D8dugZx2W/GXcXqEpeSHOtWuvjiGsMxcuKnYkYP9DtMku3I/e','en',NULL,NULL,NULL,12,0,0.00,NULL,'2019-06-07 12:17:01','2019-06-07 12:17:01'),
(15,'Mr','bbb','bbb','bbbbb','bbb@gmail.com','$2y$10$AyibK4hzjaXHgo4HdNVUUO5CEKg1vJse8CpCZspXhEq/IgMcXb3Um','en',NULL,NULL,NULL,13,0,0.00,NULL,'2019-06-07 12:19:17','2019-06-07 12:19:17'),
(16,'Mr','aaa','aaa','admindiamond','diamond@gmail.com','$2y$10$spOzEdo4ILAvMhda3bFr/urAVx5Mxl8hdnaMm3CfCc5yioXrt7B4C','en',NULL,NULL,'5hZDt5DKQWtXsae1HvxwRehc7yKvsNAzDo6JbGFGFsJYTaj2yTmZ1iqyqExa',14,0,0.00,NULL,'2019-06-20 06:01:14','2019-06-20 06:01:14');

/*Table structure for table `variation_group_prices` */

DROP TABLE IF EXISTS `variation_group_prices`;

CREATE TABLE `variation_group_prices` (
  `id` int(10) unsigned NOT NULL AUTO_INCREMENT,
  `variation_id` int(10) unsigned NOT NULL,
  `price_group_id` int(10) unsigned NOT NULL,
  `price_inc_tax` decimal(20,2) NOT NULL,
  `created_at` timestamp NULL DEFAULT NULL,
  `updated_at` timestamp NULL DEFAULT NULL,
  PRIMARY KEY (`id`),
  KEY `variation_group_prices_variation_id_foreign` (`variation_id`),
  KEY `variation_group_prices_price_group_id_foreign` (`price_group_id`),
  CONSTRAINT `variation_group_prices_price_group_id_foreign` FOREIGN KEY (`price_group_id`) REFERENCES `selling_price_groups` (`id`) ON DELETE CASCADE,
  CONSTRAINT `variation_group_prices_variation_id_foreign` FOREIGN KEY (`variation_id`) REFERENCES `variations` (`id`) ON DELETE CASCADE
) ENGINE=InnoDB AUTO_INCREMENT=15 DEFAULT CHARSET=utf8mb4 COLLATE=utf8mb4_unicode_ci;

/*Data for the table `variation_group_prices` */

insert  into `variation_group_prices`(`id`,`variation_id`,`price_group_id`,`price_inc_tax`,`created_at`,`updated_at`) values 
(1,17,1,100.00,'2019-05-16 13:22:13','2019-05-16 14:01:13'),
(2,6,1,100.00,'2019-05-16 13:23:52','2019-05-16 13:23:52'),
(3,17,2,200.00,'2019-05-16 14:01:13','2019-05-16 14:01:13'),
(4,14,1,101.00,'2019-05-17 03:48:00','2019-05-17 03:48:00'),
(5,14,2,202.00,'2019-05-17 03:48:00','2019-05-17 03:48:00'),
(6,15,1,20.00,'2019-05-17 05:50:01','2019-05-17 05:50:01'),
(7,15,2,0.00,'2019-05-17 05:50:01','2019-05-17 05:50:01'),
(8,7,1,30.00,'2019-05-17 05:53:51','2019-05-17 05:53:51'),
(9,7,2,50.00,'2019-05-17 05:53:51','2019-05-17 05:53:51'),
(10,12,1,100.00,'2019-06-06 17:38:07','2019-06-06 17:53:58'),
(11,12,2,200.00,'2019-06-06 17:38:07','2019-06-06 17:53:58'),
(12,30,1,200.00,'2019-06-06 17:55:11','2019-06-06 20:54:37'),
(13,30,2,400.00,'2019-06-06 17:55:11','2019-06-06 20:54:37'),
(14,30,6,100.00,'2019-06-06 20:54:37','2019-06-06 20:54:37');

/*Table structure for table `variation_location_details` */

DROP TABLE IF EXISTS `variation_location_details`;

CREATE TABLE `variation_location_details` (
  `id` int(10) unsigned NOT NULL AUTO_INCREMENT,
  `product_id` int(10) unsigned NOT NULL,
  `product_variation_id` int(10) unsigned NOT NULL COMMENT 'id from product_variations table',
  `variation_id` int(10) unsigned NOT NULL,
  `location_id` int(10) unsigned NOT NULL,
  `qty_available` decimal(20,4) NOT NULL,
  `created_at` timestamp NULL DEFAULT NULL,
  `updated_at` timestamp NULL DEFAULT NULL,
  PRIMARY KEY (`id`),
  KEY `variation_location_details_location_id_foreign` (`location_id`),
  KEY `variation_location_details_product_id_index` (`product_id`),
  KEY `variation_location_details_product_variation_id_index` (`product_variation_id`),
  KEY `variation_location_details_variation_id_index` (`variation_id`),
  CONSTRAINT `variation_location_details_location_id_foreign` FOREIGN KEY (`location_id`) REFERENCES `business_locations` (`id`),
  CONSTRAINT `variation_location_details_variation_id_foreign` FOREIGN KEY (`variation_id`) REFERENCES `variations` (`id`)
) ENGINE=InnoDB AUTO_INCREMENT=34 DEFAULT CHARSET=utf8mb4 COLLATE=utf8mb4_unicode_ci;

/*Data for the table `variation_location_details` */

insert  into `variation_location_details`(`id`,`product_id`,`product_variation_id`,`variation_id`,`location_id`,`qty_available`,`created_at`,`updated_at`) values 
(2,3,3,3,1,15.0000,'2018-10-06 16:36:49','2018-10-06 16:36:49'),
(3,6,6,6,4,72.0000,'2018-10-20 03:18:10','2019-06-25 09:04:24'),
(4,7,7,7,4,92.0000,'2018-10-20 03:25:55','2019-06-25 09:04:24'),
(5,8,8,8,4,183.0000,'2018-10-22 02:44:18','2019-06-25 09:04:24'),
(6,9,9,9,4,54.0000,'2019-01-11 13:28:48','2019-06-25 01:07:56'),
(7,10,10,10,4,43.0000,'2019-01-11 21:59:06','2019-06-25 08:51:52'),
(8,11,11,11,4,85.0000,'2019-01-15 19:09:34','2019-06-25 09:04:24'),
(9,12,12,12,4,994.0000,'2019-01-26 20:45:51','2019-06-25 01:07:56'),
(10,13,13,13,4,99956.0000,'2019-01-29 20:34:04','2019-06-24 15:43:33'),
(11,14,14,14,4,99973.0000,'2019-01-29 20:39:57','2019-05-17 23:07:25'),
(12,15,15,15,4,99985.0000,'2019-01-29 20:59:06','2019-06-25 01:25:21'),
(15,17,17,17,4,267.0000,'2019-02-13 10:33:27','2019-06-25 01:07:56'),
(16,18,18,18,4,90.0000,'2019-02-17 17:06:51','2019-05-03 00:27:50'),
(17,19,27,27,4,9990.0000,'2019-03-18 16:14:03','2019-03-20 15:57:51'),
(18,20,20,20,8,991.0000,'2019-03-21 16:31:34','2019-04-06 14:01:57'),
(19,21,21,21,8,10000.0000,'2019-03-26 19:45:04','2019-03-26 19:45:04'),
(20,20,20,20,9,0.0000,'2019-03-30 21:51:05','2019-04-06 15:35:22'),
(21,24,24,24,4,199.0000,'2019-04-06 17:04:48','2019-07-09 19:39:28'),
(22,29,29,29,10,100.0000,'2019-04-21 05:58:53','2019-04-21 05:58:53'),
(23,29,29,29,4,0.0000,'2019-04-21 06:14:58','2019-04-21 06:15:59'),
(24,30,30,30,4,240.0000,'2019-04-21 06:24:13','2019-07-09 19:41:52'),
(25,31,31,31,10,90.0000,'2019-04-21 06:24:44','2019-06-05 19:13:48'),
(26,31,31,31,4,10.0000,'2019-04-21 06:29:37','2019-07-14 06:28:25'),
(27,30,30,30,10,93.0000,'2019-04-21 06:30:07','2019-06-07 04:34:44'),
(28,32,32,32,10,198.0000,'2019-04-21 08:22:35','2019-06-06 21:16:34'),
(29,33,33,33,4,475.0000,'2019-04-25 17:22:53','2019-06-05 16:20:22'),
(30,33,33,34,4,91.0000,'2019-04-25 17:22:53','2019-05-03 00:29:30'),
(31,34,34,35,12,1000.0000,'2019-05-18 17:04:49','2019-05-18 17:04:49'),
(32,36,36,37,17,94.0000,'2019-06-25 22:16:41','2019-06-26 00:30:28'),
(33,32,32,32,4,10.0000,'2019-07-14 06:29:45','2019-07-14 06:29:45');

/*Table structure for table `variation_templates` */

DROP TABLE IF EXISTS `variation_templates`;

CREATE TABLE `variation_templates` (
  `id` int(10) unsigned NOT NULL AUTO_INCREMENT,
  `name` varchar(191) COLLATE utf8mb4_unicode_ci NOT NULL,
  `business_id` int(10) unsigned NOT NULL,
  `created_at` timestamp NULL DEFAULT NULL,
  `updated_at` timestamp NULL DEFAULT NULL,
  PRIMARY KEY (`id`),
  KEY `variation_templates_business_id_foreign` (`business_id`),
  CONSTRAINT `variation_templates_business_id_foreign` FOREIGN KEY (`business_id`) REFERENCES `business` (`id`) ON DELETE CASCADE
) ENGINE=InnoDB DEFAULT CHARSET=utf8mb4 COLLATE=utf8mb4_unicode_ci;

/*Data for the table `variation_templates` */

/*Table structure for table `variation_value_templates` */

DROP TABLE IF EXISTS `variation_value_templates`;

CREATE TABLE `variation_value_templates` (
  `id` int(10) unsigned NOT NULL AUTO_INCREMENT,
  `name` varchar(191) COLLATE utf8mb4_unicode_ci NOT NULL,
  `variation_template_id` int(10) unsigned NOT NULL,
  `created_at` timestamp NULL DEFAULT NULL,
  `updated_at` timestamp NULL DEFAULT NULL,
  PRIMARY KEY (`id`),
  KEY `variation_value_templates_name_index` (`name`),
  KEY `variation_value_templates_variation_template_id_index` (`variation_template_id`),
  CONSTRAINT `variation_value_templates_variation_template_id_foreign` FOREIGN KEY (`variation_template_id`) REFERENCES `variation_templates` (`id`) ON DELETE CASCADE
) ENGINE=InnoDB DEFAULT CHARSET=utf8mb4 COLLATE=utf8mb4_unicode_ci;

/*Data for the table `variation_value_templates` */

/*Table structure for table `variations` */

DROP TABLE IF EXISTS `variations`;

CREATE TABLE `variations` (
  `id` int(10) unsigned NOT NULL AUTO_INCREMENT,
  `name` varchar(191) COLLATE utf8mb4_unicode_ci NOT NULL,
  `product_id` int(10) unsigned NOT NULL,
  `sub_sku` varchar(191) COLLATE utf8mb4_unicode_ci DEFAULT NULL,
  `product_variation_id` int(10) unsigned NOT NULL,
  `default_purchase_price` decimal(20,2) DEFAULT NULL,
  `dpp_inc_tax` decimal(20,2) NOT NULL DEFAULT '0.00',
  `profit_percent` decimal(20,2) NOT NULL DEFAULT '0.00',
  `default_sell_price` decimal(20,2) DEFAULT NULL,
  `sell_price_inc_tax` decimal(20,2) DEFAULT NULL,
  `created_at` timestamp NULL DEFAULT NULL,
  `updated_at` timestamp NULL DEFAULT NULL,
  `deleted_at` timestamp NULL DEFAULT NULL,
  PRIMARY KEY (`id`),
  KEY `variations_product_id_foreign` (`product_id`),
  KEY `variations_product_variation_id_foreign` (`product_variation_id`),
  KEY `variations_name_index` (`name`),
  KEY `variations_sub_sku_index` (`sub_sku`),
  CONSTRAINT `variations_product_id_foreign` FOREIGN KEY (`product_id`) REFERENCES `products` (`id`) ON DELETE CASCADE,
  CONSTRAINT `variations_product_variation_id_foreign` FOREIGN KEY (`product_variation_id`) REFERENCES `product_variations` (`id`) ON DELETE CASCADE
) ENGINE=InnoDB AUTO_INCREMENT=38 DEFAULT CHARSET=utf8mb4 COLLATE=utf8mb4_unicode_ci;

/*Data for the table `variations` */

insert  into `variations`(`id`,`name`,`product_id`,`sub_sku`,`product_variation_id`,`default_purchase_price`,`dpp_inc_tax`,`profit_percent`,`default_sell_price`,`sell_price_inc_tax`,`created_at`,`updated_at`,`deleted_at`) values 
(3,'DUMMY',3,'0003',3,35.00,35.00,25.00,43.75,43.75,'2018-10-06 16:36:40','2018-10-06 16:40:06',NULL),
(5,'DUMMY',5,'6970091278618',5,13.00,13.00,25.00,16.25,16.25,'2018-10-06 16:39:10','2018-10-06 16:39:10',NULL),
(6,'DUMMY',6,'8964000101421',6,28.42,32.11,5.26,29.91,35.00,'2018-10-20 03:17:56','2019-03-20 15:41:02',NULL),
(7,'DUMMY',7,'5449000012203',7,79.65,90.00,12.99,90.00,101.70,'2018-10-20 03:25:19','2018-10-20 03:25:19',NULL),
(8,'DUMMY',8,'8964000101414',8,69.02,80.75,11.45,76.92,90.00,'2018-10-22 02:42:31','2019-04-21 05:58:03',NULL),
(9,'DUMMY',9,'8961008211282',9,33.33,39.00,2.57,34.19,40.00,'2019-01-11 13:27:42','2019-02-13 09:33:26',NULL),
(10,'DUMMY',10,'9279292463232',10,200.00,200.00,10.00,220.00,220.00,'2019-01-11 21:53:50','2019-01-11 21:55:55',NULL),
(11,'DUMMY',11,'6900037902381',11,300.00,339.00,20.00,360.00,406.80,'2019-01-15 19:09:04','2019-01-15 19:09:04',NULL),
(12,'DUMMY',12,'C128',12,50.00,58.50,20.00,60.00,70.20,'2019-01-26 20:45:36','2019-06-06 17:37:52',NULL),
(13,'DUMMY',13,'8961008206400',13,111.11,130.00,2.31,113.68,133.00,'2019-01-29 20:33:37','2019-04-06 17:06:30',NULL),
(14,'DUMMY',14,'8961005030107',14,128.21,150.00,3.33,132.48,155.00,'2019-01-29 20:39:15','2019-01-29 20:39:15',NULL),
(15,'DUMMY',15,'620514008981',15,217.95,255.00,1.96,222.22,260.00,'2019-01-29 20:58:51','2019-01-29 20:58:51',NULL),
(17,'DUMMY',17,'8964000816493',17,33.33,39.00,2.57,34.19,40.00,'2019-02-13 10:33:15','2019-03-26 19:23:28',NULL),
(18,'DUMMY',18,'8964000223178',18,200.00,234.00,25.00,250.00,292.50,'2019-02-17 17:05:06','2019-02-17 17:05:06',NULL),
(19,'DUMMY',19,'8961006040044',19,82.00,95.94,4.23,85.47,100.00,'2019-03-18 16:13:43','2019-03-20 14:13:08',NULL),
(20,'DUMMY',20,'123',20,33.33,39.00,2.57,34.19,40.00,'2019-03-21 16:31:22','2019-04-06 15:34:05',NULL),
(21,'DUMMY',21,'8961008206400',21,111.11,130.00,2.31,113.68,133.00,'2019-03-26 19:44:40','2019-03-26 19:44:40',NULL),
(24,'DUMMY',24,'8961008213392',24,113.68,133.00,17.00,133.00,155.61,'2019-04-06 17:04:40','2019-04-06 17:07:59',NULL),
(27,'DUMMY',27,'dfsd-1',27,217.95,255.00,1.96,222.22,260.00,'2019-04-21 04:11:43','2019-04-21 04:11:43',NULL),
(28,'DUMMY',28,'dfsd',28,217.95,255.00,1.96,222.22,260.00,'2019-04-21 04:11:57','2019-04-21 04:11:57',NULL),
(29,'DUMMY',29,'8964000101414',29,500.00,585.00,20.00,600.00,702.00,'2019-04-21 05:57:12','2019-04-21 05:57:12',NULL),
(30,'DUMMY',30,'123456',30,50.00,58.50,25.00,62.50,73.13,'2019-04-21 06:20:09','2019-04-21 06:23:21',NULL),
(31,'DUMMY',31,'123456',31,60.00,70.20,25.00,75.00,87.75,'2019-04-21 06:20:32','2019-04-21 06:23:54',NULL),
(32,'DUMMY',32,'9279292463232',32,1000.00,1000.00,10.00,1100.00,1100.00,'2019-04-21 08:21:44','2019-04-21 08:21:44',NULL),
(33,'v1',33,'abc',33,100.00,117.00,25.00,125.00,146.25,'2019-04-25 17:21:41','2019-04-25 17:46:05',NULL),
(34,'v2',33,'abc2',33,200.00,234.00,25.00,250.00,292.50,'2019-04-25 17:21:41','2019-04-25 17:46:05',NULL),
(35,'DUMMY',34,'111',34,50.00,58.50,25.00,62.50,73.13,'2019-05-18 17:04:36','2019-05-18 17:04:36',NULL),
(36,'DUMMY',35,'qqq',35,111.00,129.87,25.00,138.75,162.34,'2019-06-07 04:56:08','2019-06-07 04:56:08',NULL),
(37,'DUMMY',36,'aaa',36,100.00,110.00,25.00,125.00,137.50,'2019-06-25 22:15:30','2019-06-25 22:16:54',NULL);

/*!40101 SET SQL_MODE=@OLD_SQL_MODE */;
/*!40014 SET FOREIGN_KEY_CHECKS=@OLD_FOREIGN_KEY_CHECKS */;
/*!40014 SET UNIQUE_CHECKS=@OLD_UNIQUE_CHECKS */;
/*!40111 SET SQL_NOTES=@OLD_SQL_NOTES */;
